ISO-10303-21;
HEADER;
/* Generated by software containing ST-Developer
 * from STEP Tools, Inc. (www.steptools.com) 
 */

FILE_DESCRIPTION(
/* description */ (''),
/* implementation_level */ '2;1');

FILE_NAME(
/* name */ 'NTCLE213E3103FLB0A.stp',
/* time_stamp */ '2026-02-06T11:30:03+02:00',
/* author */ ('Ryzen 5'),
/* organization */ (''),
/* preprocessor_version */ 'ST-DEVELOPER v20',
/* originating_system */ 'Autodesk Inventor 2025',
/* authorisation */ '');

FILE_SCHEMA (('AUTOMOTIVE_DESIGN { 1 0 10303 214 3 1 1 }'));
ENDSEC;

DATA;
#10=MECHANICAL_DESIGN_GEOMETRIC_PRESENTATION_REPRESENTATION('',(#1200,#1201,
#1202,#1203,#1204,#1205,#1206,#1207,#1208,#1209,#1210,#1211,#1212,#1213,
#1214,#1215,#1216,#1217,#1218,#1219,#1220,#1221,#1222,#1223,#1224,#1225,
#1226,#1227,#1228,#1229,#1230,#1231,#1232,#1233,#1234,#1235,#1236,#1237,
#1238,#1239,#1240,#1241,#1242,#1243,#1244,#1245,#1246,#1247,#1248,#1249,
#1250,#1251,#1252,#1253,#1254,#1255,#1256,#1257,#1258,#1259,#1260,#1261,
#1262,#1263,#1264,#1265,#1266,#1267,#1268,#1269,#1270,#1271,#1272,#1273,
#1274,#1275,#1276,#1277,#1278,#1279,#1280),#3085);
#11=SHAPE_REPRESENTATION_RELATIONSHIP('SRR','None',#3092,#12);
#12=ADVANCED_BREP_SHAPE_REPRESENTATION('',(#13),#3084);
#13=MANIFOLD_SOLID_BREP('Solid1',#1361);
#14=B_SPLINE_SURFACE_WITH_KNOTS('',3,3,((#2274,#2275,#2276,#2277),(#2278,
#2279,#2280,#2281),(#2282,#2283,#2284,#2285),(#2286,#2287,#2288,#2289)),
 .UNSPECIFIED.,.F.,.F.,.F.,(4,4),(4,4),(0.,1.),(0.0682614491773058,0.11185633296938),
 .UNSPECIFIED.);
#15=B_SPLINE_SURFACE_WITH_KNOTS('',3,3,((#2337,#2338,#2339,#2340),(#2341,
#2342,#2343,#2344),(#2345,#2346,#2347,#2348),(#2349,#2350,#2351,#2352)),
 .UNSPECIFIED.,.F.,.F.,.F.,(4,4),(4,4),(0.,1.),(0.199892549234607,0.243487433878945),
 .UNSPECIFIED.);
#16=B_SPLINE_SURFACE_WITH_KNOTS('',3,3,((#2404,#2405,#2406,#2407),(#2408,
#2409,#2410,#2411),(#2412,#2413,#2414,#2415),(#2416,#2417,#2418,#2419)),
 .UNSPECIFIED.,.F.,.F.,.F.,(4,4),(4,4),(0.,1.),(0.067990025855128,0.111584910858555),
 .UNSPECIFIED.);
#17=B_SPLINE_SURFACE_WITH_KNOTS('',3,3,((#2467,#2468,#2469,#2470),(#2471,
#2472,#2473,#2474),(#2475,#2476,#2477,#2478),(#2479,#2480,#2481,#2482)),
 .UNSPECIFIED.,.F.,.F.,.F.,(4,4),(4,4),(0.,1.),(0.199892549286032,0.243487433809294),
 .UNSPECIFIED.);
#18=B_SPLINE_SURFACE_WITH_KNOTS('',3,3,((#2534,#2535,#2536,#2537,#2538),
(#2539,#2540,#2541,#2542,#2543),(#2544,#2545,#2546,#2547,#2548),(#2549,
#2550,#2551,#2552,#2553)),.UNSPECIFIED.,.F.,.F.,.F.,(4,4),(4,1,4),(0.,1.),
(-1.5707963267949,-0.224399475256414,1.5707963267949),.UNSPECIFIED.);
#19=B_SPLINE_SURFACE_WITH_KNOTS('',3,3,((#2558,#2559,#2560,#2561,#2562),
(#2563,#2564,#2565,#2566,#2567),(#2568,#2569,#2570,#2571,#2572),(#2573,
#2574,#2575,#2576,#2577)),.UNSPECIFIED.,.F.,.F.,.F.,(4,4),(4,1,4),(0.,1.),
(-1.57079632679489,-0.224399475256413,1.57079632679489),.UNSPECIFIED.);
#20=B_SPLINE_SURFACE_WITH_KNOTS('',3,3,((#2584,#2585,#2586,#2587,#2588),
(#2589,#2590,#2591,#2592,#2593),(#2594,#2595,#2596,#2597,#2598),(#2599,
#2600,#2601,#2602,#2603)),.UNSPECIFIED.,.F.,.F.,.F.,(4,4),(4,1,4),(0.,1.),
(-1.5707963267949,-0.224399475256414,1.5707963267949),.UNSPECIFIED.);
#21=B_SPLINE_SURFACE_WITH_KNOTS('',3,3,((#2608,#2609,#2610,#2611,#2612),
(#2613,#2614,#2615,#2616,#2617),(#2618,#2619,#2620,#2621,#2622),(#2623,
#2624,#2625,#2626,#2627)),.UNSPECIFIED.,.F.,.F.,.F.,(4,4),(4,1,4),(0.,1.),
(-1.57079632679489,-0.224399475256413,1.57079632679489),.UNSPECIFIED.);
#22=B_SPLINE_SURFACE_WITH_KNOTS('',3,3,((#2634,#2635,#2636,#2637,#2638),
(#2639,#2640,#2641,#2642,#2643),(#2644,#2645,#2646,#2647,#2648),(#2649,
#2650,#2651,#2652,#2653)),.UNSPECIFIED.,.F.,.F.,.F.,(4,4),(4,1,4),(0.,1.),
(-1.5707963267949,-0.224399475256414,1.5707963267949),.UNSPECIFIED.);
#23=B_SPLINE_SURFACE_WITH_KNOTS('',3,3,((#2663,#2664,#2665,#2666,#2667),
(#2668,#2669,#2670,#2671,#2672),(#2673,#2674,#2675,#2676,#2677),(#2678,
#2679,#2680,#2681,#2682)),.UNSPECIFIED.,.F.,.F.,.F.,(4,4),(4,1,4),(0.,1.),
(-1.5707963267949,0.224399475256414,1.5707963267949),.UNSPECIFIED.);
#24=B_SPLINE_SURFACE_WITH_KNOTS('',3,3,((#2808,#2809,#2810,#2811,#2812),
(#2813,#2814,#2815,#2816,#2817),(#2818,#2819,#2820,#2821,#2822),(#2823,
#2824,#2825,#2826,#2827),(#2828,#2829,#2830,#2831,#2832)),.UNSPECIFIED.,
 .F.,.F.,.F.,(4,1,4),(4,1,4),(0.,0.571428571428571,1.),(0.104467156096702,
0.177393693029312,0.274629075606126),.UNSPECIFIED.);
#25=B_SPLINE_SURFACE_WITH_KNOTS('',3,3,((#2853,#2854,#2855,#2856,#2857,
#2858),(#2859,#2860,#2861,#2862,#2863,#2864),(#2865,#2866,#2867,#2868,#2869,
#2870),(#2871,#2872,#2873,#2874,#2875,#2876),(#2877,#2878,#2879,#2880,#2881,
#2882)),.UNSPECIFIED.,.F.,.F.,.F.,(4,1,4),(4,1,1,4),(0.,0.571428571428571,
1.),(3.88537023475029E-18,0.0729252691942987,0.121542115323831,0.170158961453364),
 .UNSPECIFIED.);
#26=B_SPLINE_SURFACE_WITH_KNOTS('',3,3,((#2899,#2900,#2901,#2902,#2903,
#2904),(#2905,#2906,#2907,#2908,#2909,#2910),(#2911,#2912,#2913,#2914,#2915,
#2916),(#2917,#2918,#2919,#2920,#2921,#2922),(#2923,#2924,#2925,#2926,#2927,
#2928)),.UNSPECIFIED.,.F.,.F.,.F.,(4,1,4),(4,1,1,4),(0.,0.571428571428571,
1.),(0.,0.0729261050136532,0.121543508356089,0.170160911698524),
 .UNSPECIFIED.);
#27=B_SPLINE_SURFACE_WITH_KNOTS('',3,3,((#2943,#2944,#2945,#2946,#2947),
(#2948,#2949,#2950,#2951,#2952),(#2953,#2954,#2955,#2956,#2957),(#2958,
#2959,#2960,#2961,#2962),(#2963,#2964,#2965,#2966,#2967)),.UNSPECIFIED.,
 .F.,.F.,.F.,(4,1,4),(4,1,4),(0.,0.571428571428571,1.),(0.125449903166209,
0.198376502003568,0.295611967120046),.UNSPECIFIED.);
#28=PLANE('',#1414);
#29=PLANE('',#1417);
#30=PLANE('',#1419);
#31=PLANE('',#1451);
#32=PLANE('',#1454);
#33=PLANE('',#1456);
#34=PLANE('',#1483);
#35=PLANE('',#1486);
#36=PLANE('',#1491);
#37=PLANE('',#1493);
#38=PLANE('',#1504);
#39=PLANE('',#1512);
#40=PLANE('',#1520);
#41=PLANE('',#1521);
#42=PLANE('',#1523);
#43=PLANE('',#1527);
#44=PLANE('',#1531);
#45=ELLIPSE('',#1413,1.26420613179775,1.245);
#46=ELLIPSE('',#1416,1.26420613179775,1.245);
#47=ELLIPSE('',#1450,1.26420613179775,1.245);
#48=ELLIPSE('',#1453,1.26420613179775,1.245);
#49=ELLIPSE('',#1460,0.206877278528404,0.2);
#50=ELLIPSE('',#1461,0.206877278528403,0.2);
#51=ELLIPSE('',#1462,0.200775775533947,0.2);
#52=ELLIPSE('',#1463,0.200775775533947,0.2);
#53=ELLIPSE('',#1464,0.200775775533946,0.2);
#54=ELLIPSE('',#1465,0.200775775533946,0.2);
#55=ELLIPSE('',#1466,0.206877278528404,0.2);
#56=ELLIPSE('',#1467,0.206877278528403,0.2);
#57=ELLIPSE('',#1468,0.200775775533947,0.2);
#58=ELLIPSE('',#1469,0.200775775533947,0.2);
#59=ELLIPSE('',#1470,0.200775775533946,0.2);
#60=ELLIPSE('',#1471,0.200775775533946,0.2);
#61=ELLIPSE('',#1472,0.200775775533949,0.2);
#62=ELLIPSE('',#1473,0.200775775533943,0.2);
#63=ELLIPSE('',#1475,0.20308532237715,0.2);
#64=ELLIPSE('',#1476,0.20308532237715,0.2);
#65=ELLIPSE('',#1477,0.200775775533949,0.2);
#66=ELLIPSE('',#1478,0.200775775533943,0.2);
#67=ELLIPSE('',#1480,0.20308532237715,0.2);
#68=ELLIPSE('',#1481,0.20308532237715,0.2);
#69=ELLIPSE('',#1506,3.64013647820304,1.245);
#70=ELLIPSE('',#1514,3.64013647820304,1.245);
#71=LINE('',#1947,#125);
#72=LINE('',#1950,#126);
#73=LINE('',#1952,#127);
#74=LINE('',#2047,#128);
#75=LINE('',#2050,#129);
#76=LINE('',#2059,#130);
#77=LINE('',#2062,#131);
#78=LINE('',#2063,#132);
#79=LINE('',#2066,#133);
#80=LINE('',#2141,#134);
#81=LINE('',#2144,#135);
#82=LINE('',#2146,#136);
#83=LINE('',#2242,#137);
#84=LINE('',#2245,#138);
#85=LINE('',#2254,#139);
#86=LINE('',#2257,#140);
#87=LINE('',#2258,#141);
#88=LINE('',#2261,#142);
#89=LINE('',#2398,#143);
#90=LINE('',#2528,#144);
#91=LINE('',#2660,#145);
#92=LINE('',#2689,#146);
#93=LINE('',#2694,#147);
#94=LINE('',#2714,#148);
#95=LINE('',#2719,#149);
#96=LINE('',#2722,#150);
#97=LINE('',#2725,#151);
#98=LINE('',#2726,#152);
#99=LINE('',#2727,#153);
#100=LINE('',#2730,#154);
#101=LINE('',#2749,#155);
#102=LINE('',#2753,#156);
#103=LINE('',#2774,#157);
#104=LINE('',#2777,#158);
#105=LINE('',#2778,#159);
#106=LINE('',#2779,#160);
#107=LINE('',#2781,#161);
#108=LINE('',#2801,#162);
#109=LINE('',#2805,#163);
#110=LINE('',#2807,#164);
#111=LINE('',#2991,#165);
#112=LINE('',#2994,#166);
#113=LINE('',#2997,#167);
#114=LINE('',#3000,#168);
#115=LINE('',#3029,#169);
#116=LINE('',#3032,#170);
#117=LINE('',#3035,#171);
#118=LINE('',#3038,#172);
#119=LINE('',#3064,#173);
#120=LINE('',#3066,#174);
#121=LINE('',#3069,#175);
#122=LINE('',#3072,#176);
#123=LINE('',#3076,#177);
#124=LINE('',#3079,#178);
#125=VECTOR('',#1556,10.);
#126=VECTOR('',#1559,10.);
#127=VECTOR('',#1560,10.);
#128=VECTOR('',#1593,10.);
#129=VECTOR('',#1596,10.);
#130=VECTOR('',#1599,10.);
#131=VECTOR('',#1602,10.);
#132=VECTOR('',#1603,10.);
#133=VECTOR('',#1606,10.);
#134=VECTOR('',#1639,10.);
#135=VECTOR('',#1642,10.);
#136=VECTOR('',#1643,10.);
#137=VECTOR('',#1676,10.);
#138=VECTOR('',#1679,10.);
#139=VECTOR('',#1682,10.);
#140=VECTOR('',#1685,10.);
#141=VECTOR('',#1686,10.);
#142=VECTOR('',#1689,10.);
#143=VECTOR('',#1702,10.);
#144=VECTOR('',#1705,10.);
#145=VECTOR('',#1736,0.2);
#146=VECTOR('',#1747,0.2);
#147=VECTOR('',#1754,10.);
#148=VECTOR('',#1755,0.25);
#149=VECTOR('',#1760,10.);
#150=VECTOR('',#1763,0.25);
#151=VECTOR('',#1766,10.);
#152=VECTOR('',#1767,10.);
#153=VECTOR('',#1768,10.);
#154=VECTOR('',#1771,0.25);
#155=VECTOR('',#1772,10.);
#156=VECTOR('',#1777,10.);
#157=VECTOR('',#1780,10.);
#158=VECTOR('',#1783,10.);
#159=VECTOR('',#1784,10.);
#160=VECTOR('',#1785,10.);
#161=VECTOR('',#1788,10.);
#162=VECTOR('',#1789,0.25);
#163=VECTOR('',#1794,10.);
#164=VECTOR('',#1797,10.);
#165=VECTOR('',#1820,10.);
#166=VECTOR('',#1823,10.);
#167=VECTOR('',#1826,10.);
#168=VECTOR('',#1829,10.);
#169=VECTOR('',#1840,10.);
#170=VECTOR('',#1843,10.);
#171=VECTOR('',#1846,10.);
#172=VECTOR('',#1849,10.);
#173=VECTOR('',#1858,10.);
#174=VECTOR('',#1861,10.);
#175=VECTOR('',#1866,0.2);
#176=VECTOR('',#1869,0.2);
#177=VECTOR('',#1876,0.2);
#178=VECTOR('',#1879,0.2);
#179=CYLINDRICAL_SURFACE('',#1394,0.15);
#180=CYLINDRICAL_SURFACE('',#1411,0.15);
#181=CYLINDRICAL_SURFACE('',#1412,1.245);
#182=CYLINDRICAL_SURFACE('',#1415,1.245);
#183=CYLINDRICAL_SURFACE('',#1431,0.15);
#184=CYLINDRICAL_SURFACE('',#1448,0.15);
#185=CYLINDRICAL_SURFACE('',#1449,1.245);
#186=CYLINDRICAL_SURFACE('',#1452,1.245);
#187=CYLINDRICAL_SURFACE('',#1458,2.10431935124342);
#188=CYLINDRICAL_SURFACE('',#1459,2.10431935124342);
#189=CYLINDRICAL_SURFACE('',#1474,0.2);
#190=CYLINDRICAL_SURFACE('',#1479,0.2);
#191=CYLINDRICAL_SURFACE('',#1482,0.25);
#192=CYLINDRICAL_SURFACE('',#1487,0.25);
#193=CYLINDRICAL_SURFACE('',#1488,0.25);
#194=CYLINDRICAL_SURFACE('',#1490,0.25);
#195=CYLINDRICAL_SURFACE('',#1492,0.25);
#196=CYLINDRICAL_SURFACE('',#1495,0.25);
#197=CYLINDRICAL_SURFACE('',#1497,0.25);
#198=CYLINDRICAL_SURFACE('',#1498,0.25);
#199=CYLINDRICAL_SURFACE('',#1500,0.25);
#200=CYLINDRICAL_SURFACE('',#1503,0.25);
#201=CYLINDRICAL_SURFACE('',#1505,1.245);
#202=CYLINDRICAL_SURFACE('',#1508,1.245);
#203=CYLINDRICAL_SURFACE('',#1513,1.245);
#204=CYLINDRICAL_SURFACE('',#1516,1.245);
#205=CYLINDRICAL_SURFACE('',#1522,1.25);
#206=CYLINDRICAL_SURFACE('',#1524,0.2);
#207=CYLINDRICAL_SURFACE('',#1525,0.2);
#208=CYLINDRICAL_SURFACE('',#1528,0.2);
#209=CYLINDRICAL_SURFACE('',#1529,0.2);
#210=B_SPLINE_CURVE_WITH_KNOTS('',3,(#1907,#1908,#1909,#1910,#1911,#1912,
#1913,#1914,#1915,#1916,#1917,#1918),.UNSPECIFIED.,.F.,.F.,(4,2,2,2,2,4),
(-0.000319707878492579,0.,0.00582077521362456,0.0116902591022533,0.0175502453707015,
0.0234067080747701),.UNSPECIFIED.);
#211=B_SPLINE_CURVE_WITH_KNOTS('',3,(#1936,#1937,#1938,#1939,#1940,#1941,
#1942,#1943,#1944,#1945),.UNSPECIFIED.,.F.,.F.,(4,2,2,2,4),(0.154274798001296,
0.156476197135551,0.165861392240565,0.170553989793072,0.175246587345579),
 .UNSPECIFIED.);
#212=B_SPLINE_CURVE_WITH_KNOTS('',3,(#1953,#1954,#1955,#1956,#1957,#1958,
#1959,#1960,#1961,#1962),.UNSPECIFIED.,.F.,.F.,(4,2,2,2,4),(0.175246587345579,
0.179939184898087,0.184631782450594,0.194016977555608,0.196218376689863),
 .UNSPECIFIED.);
#213=B_SPLINE_CURVE_WITH_KNOTS('',3,(#1976,#1977,#1978,#1979,#1980,#1981,
#1982,#1983,#1984,#1985,#1986,#1987),.UNSPECIFIED.,.F.,.F.,(4,2,2,2,2,4),
(-0.000319707878492563,0.,0.00582077521362412,0.0116902591022525,0.0175502453707009,
0.0234067080747693),.UNSPECIFIED.);
#214=B_SPLINE_CURVE_WITH_KNOTS('',3,(#2010,#2011,#2012,#2013,#2014,#2015,
#2016,#2017,#2018,#2019),.UNSPECIFIED.,.F.,.F.,(4,2,2,2,4),(0.0977721891344782,
0.100544769276859,0.105822512019313,0.11403803776111,0.120203656304656),
 .UNSPECIFIED.);
#215=B_SPLINE_CURVE_WITH_KNOTS('',3,(#2025,#2026,#2027,#2028,#2029,#2030,
#2031,#2032,#2033,#2034,#2035,#2036),.UNSPECIFIED.,.F.,.F.,(4,2,2,2,2,4),
(0.0739221081757101,0.0740955140854637,0.0804954965511449,0.0888629246304241,
0.0939935600268695,0.0965721682447899),.UNSPECIFIED.);
#216=B_SPLINE_CURVE_WITH_KNOTS('',3,(#2041,#2042,#2043,#2044,#2045,#2046),
 .UNSPECIFIED.,.F.,.F.,(4,2,4),(0.0871232196086121,0.087623293672791,0.0881233677369698),
 .UNSPECIFIED.);
#217=B_SPLINE_CURVE_WITH_KNOTS('',3,(#2054,#2055,#2056,#2057,#2058),
 .UNSPECIFIED.,.F.,.F.,(4,1,4),(-0.274629075606126,-0.177393693029312,-0.109138518744068),
 .UNSPECIFIED.);
#218=B_SPLINE_CURVE_WITH_KNOTS('',3,(#2068,#2069,#2070,#2071,#2072,#2073),
 .UNSPECIFIED.,.F.,.F.,(4,1,1,4),(-0.165496336117747,-0.121543508356089,
-0.0729261050136532,0.),.UNSPECIFIED.);
#219=B_SPLINE_CURVE_WITH_KNOTS('',3,(#2101,#2102,#2103,#2104,#2105,#2106,
#2107,#2108,#2109,#2110,#2111,#2112),.UNSPECIFIED.,.F.,.F.,(4,2,2,2,2,4),
(-0.000319707878492562,0.,0.00582077521362453,0.0116902591022523,0.0175502453706988,
0.0234067080747668),.UNSPECIFIED.);
#220=B_SPLINE_CURVE_WITH_KNOTS('',3,(#2130,#2131,#2132,#2133,#2134,#2135,
#2136,#2137,#2138,#2139),.UNSPECIFIED.,.F.,.F.,(4,2,2,2,4),(0.0666515043285063,
0.0688529034627612,0.0782380985677757,0.082930696120283,0.0876232936727903),
 .UNSPECIFIED.);
#221=B_SPLINE_CURVE_WITH_KNOTS('',3,(#2147,#2148,#2149,#2150,#2151,#2152,
#2153,#2154,#2155,#2156),.UNSPECIFIED.,.F.,.F.,(4,2,2,2,4),(0.0876232936727903,
0.0923158912252975,0.0970084887778048,0.106393683882819,0.108595083017074),
 .UNSPECIFIED.);
#222=B_SPLINE_CURVE_WITH_KNOTS('',3,(#2170,#2171,#2172,#2173,#2174,#2175,
#2176,#2177,#2178,#2179,#2180,#2181),.UNSPECIFIED.,.F.,.F.,(4,2,2,2,2,4),
(-0.00031970787849256,0.,0.00582077521362463,0.0116902591022536,0.0175502453707021,
0.0234067080747705),.UNSPECIFIED.);
#223=B_SPLINE_CURVE_WITH_KNOTS('',3,(#2204,#2205,#2206,#2207,#2208,#2209,
#2210,#2211,#2212,#2213),.UNSPECIFIED.,.F.,.F.,(4,2,2,2,4),(0.0977721891343364,
0.100544769276713,0.10582251201916,0.114038037760948,0.120203656304481),
 .UNSPECIFIED.);
#224=B_SPLINE_CURVE_WITH_KNOTS('',3,(#2219,#2220,#2221,#2222,#2223,#2224,
#2225,#2226,#2227,#2228,#2229,#2230),.UNSPECIFIED.,.F.,.F.,(4,2,2,2,2,4),
(0.0739221081755871,0.0740955140853407,0.0804954965510116,0.0888629246302789,
0.0939935600267172,0.0965721682446337),.UNSPECIFIED.);
#225=B_SPLINE_CURVE_WITH_KNOTS('',3,(#2235,#2236,#2237,#2238,#2239,#2240,
#2241),.UNSPECIFIED.,.F.,.F.,(4,3,4),(0.174746513281402,0.175246587345581,
0.17574666140976),.UNSPECIFIED.);
#226=B_SPLINE_CURVE_WITH_KNOTS('',3,(#2249,#2250,#2251,#2252,#2253),
 .UNSPECIFIED.,.F.,.F.,(4,1,4),(-0.295611967120046,-0.198376502003568,-0.13012141190419),
 .UNSPECIFIED.);
#227=B_SPLINE_CURVE_WITH_KNOTS('',3,(#2263,#2264,#2265,#2266,#2267,#2268),
 .UNSPECIFIED.,.F.,.F.,(4,1,1,4),(-0.165496339659318,-0.121542115323831,
-0.0729252691942987,-3.88537023475029E-18),.UNSPECIFIED.);
#228=B_SPLINE_CURVE_WITH_KNOTS('',3,(#2292,#2293,#2294,#2295),
 .UNSPECIFIED.,.F.,.F.,(4,4),(0.075624456813951,0.11185633296938),
 .UNSPECIFIED.);
#229=B_SPLINE_CURVE_WITH_KNOTS('',3,(#2297,#2298,#2299,#2300,#2301,#2302,
#2303,#2304,#2305,#2306,#2307,#2308,#2309,#2310,#2311,#2312),
 .UNSPECIFIED.,.F.,.F.,(4,3,3,3,3,4),(0.,0.00486114929893955,0.00961939388135103,
0.0142224660314382,0.0186079031505355,0.0186905433873126),.UNSPECIFIED.);
#230=B_SPLINE_CURVE_WITH_KNOTS('',3,(#2314,#2315,#2316,#2317),
 .UNSPECIFIED.,.F.,.F.,(4,4),(-0.100498310835533,-0.0682614493489975),
 .UNSPECIFIED.);
#231=B_SPLINE_CURVE_WITH_KNOTS('',3,(#2318,#2319,#2320,#2321,#2322,#2323,
#2324,#2325,#2326,#2327,#2328,#2329,#2330,#2331,#2332,#2333,#2334,#2335,
#2336),.UNSPECIFIED.,.F.,.F.,(4,3,3,3,3,3,4),(0.,0.00375411874057774,0.00776433719689306,
0.00808328661602637,0.0123170477207846,0.0163975310318407,0.0164765248003808),
 .UNSPECIFIED.);
#232=B_SPLINE_CURVE_WITH_KNOTS('',3,(#2354,#2355,#2356,#2357),
 .UNSPECIFIED.,.F.,.F.,(4,4),(-0.243487433878945,-0.211250571479253),
 .UNSPECIFIED.);
#233=B_SPLINE_CURVE_WITH_KNOTS('',3,(#2359,#2360,#2361,#2362,#2363,#2364,
#2365,#2366,#2367,#2368,#2369,#2370,#2371,#2372,#2373,#2374),
 .UNSPECIFIED.,.F.,.F.,(4,3,3,3,3,4),(-8.2682836418191E-5,0.,0.00460543106962933,
0.00899314417744541,0.0138568008727181,0.0186175008625888),
 .UNSPECIFIED.);
#234=B_SPLINE_CURVE_WITH_KNOTS('',3,(#2375,#2376,#2377,#2378),
 .UNSPECIFIED.,.F.,.F.,(4,4),(0.199892549234607,0.236124425845),
 .UNSPECIFIED.);
#235=B_SPLINE_CURVE_WITH_KNOTS('',3,(#2381,#2382,#2383,#2384),
 .UNSPECIFIED.,.F.,.F.,(4,4),(0.114984983422912,0.153600379004134),
 .UNSPECIFIED.);
#236=B_SPLINE_CURVE_WITH_KNOTS('',3,(#2386,#2387,#2388,#2389,#2390),
 .UNSPECIFIED.,.F.,.F.,(4,1,4),(0.121194162251292,0.121542115323831,0.159668963711313),
 .UNSPECIFIED.);
#237=B_SPLINE_CURVE_WITH_KNOTS('',3,(#2392,#2393,#2394,#2395,#2396),
 .UNSPECIFIED.,.F.,.F.,(4,1,4),(3.88537023475029E-18,0.0729252691942987,
0.121194162263511),.UNSPECIFIED.);
#238=B_SPLINE_CURVE_WITH_KNOTS('',3,(#2399,#2400,#2401,#2402,#2403),
 .UNSPECIFIED.,.F.,.F.,(4,1,4),(0.153600379004128,0.177393693029312,0.274629075606126),
 .UNSPECIFIED.);
#239=B_SPLINE_CURVE_WITH_KNOTS('',3,(#2422,#2423,#2424,#2425),
 .UNSPECIFIED.,.F.,.F.,(4,4),(0.0753530328864506,0.111584910858555),
 .UNSPECIFIED.);
#240=B_SPLINE_CURVE_WITH_KNOTS('',3,(#2427,#2428,#2429,#2430,#2431,#2432,
#2433,#2434,#2435,#2436,#2437,#2438,#2439,#2440,#2441,#2442),
 .UNSPECIFIED.,.F.,.F.,(4,3,3,3,3,4),(0.,0.00486114945474534,0.00961939852980468,
0.0142224495305528,0.0186079030540451,0.0186905431574812),.UNSPECIFIED.);
#241=B_SPLINE_CURVE_WITH_KNOTS('',3,(#2444,#2445,#2446,#2447),
 .UNSPECIFIED.,.F.,.F.,(4,4),(-0.100226888282733,-0.0679900267580962),
 .UNSPECIFIED.);
#242=B_SPLINE_CURVE_WITH_KNOTS('',3,(#2448,#2449,#2450,#2451,#2452,#2453,
#2454,#2455,#2456,#2457,#2458,#2459,#2460,#2461,#2462,#2463,#2464,#2465,
#2466),.UNSPECIFIED.,.F.,.F.,(4,3,3,3,3,3,4),(-0.0164641221330652,-0.0126947577489638,
-0.00866825361668394,-0.0083480089313983,-0.00409705431785597,0.,7.93145656951806E-5),
 .UNSPECIFIED.);
#243=B_SPLINE_CURVE_WITH_KNOTS('',3,(#2484,#2485,#2486,#2487),
 .UNSPECIFIED.,.F.,.F.,(4,4),(-0.243487433809294,-0.211250571419963),
 .UNSPECIFIED.);
#244=B_SPLINE_CURVE_WITH_KNOTS('',3,(#2489,#2490,#2491,#2492,#2493,#2494,
#2495,#2496,#2497,#2498,#2499,#2500,#2501,#2502,#2503,#2504),
 .UNSPECIFIED.,.F.,.F.,(4,3,3,3,3,4),(-8.26828984640229E-5,0.,0.00460541696395137,
0.00899314633691961,0.0138568036563083,0.0186175031667213),
 .UNSPECIFIED.);
#245=B_SPLINE_CURVE_WITH_KNOTS('',3,(#2505,#2506,#2507,#2508),
 .UNSPECIFIED.,.F.,.F.,(4,4),(0.199892549286032,0.236124425440052),
 .UNSPECIFIED.);
#246=B_SPLINE_CURVE_WITH_KNOTS('',3,(#2511,#2512,#2513,#2514),
 .UNSPECIFIED.,.F.,.F.,(4,4),(0.135967877403777,0.174583272422468),
 .UNSPECIFIED.);
#247=B_SPLINE_CURVE_WITH_KNOTS('',3,(#2516,#2517,#2518,#2519,#2520),
 .UNSPECIFIED.,.F.,.F.,(4,1,4),(0.121194163100924,0.121543508356089,0.159668958442579),
 .UNSPECIFIED.);
#248=B_SPLINE_CURVE_WITH_KNOTS('',3,(#2522,#2523,#2524,#2525,#2526),
 .UNSPECIFIED.,.F.,.F.,(4,1,4),(0.,0.0729261050136532,0.121194163113142),
 .UNSPECIFIED.);
#249=B_SPLINE_CURVE_WITH_KNOTS('',3,(#2529,#2530,#2531,#2532,#2533),
 .UNSPECIFIED.,.F.,.F.,(4,1,4),(0.174583272422462,0.198376502003568,0.295611967120046),
 .UNSPECIFIED.);
#250=B_SPLINE_CURVE_WITH_KNOTS('',3,(#2696,#2697,#2698,#2699,#2700,#2701,
#2702,#2703,#2704,#2705,#2706,#2707,#2708,#2709,#2710,#2711,#2712,#2713),
 .UNSPECIFIED.,.F.,.F.,(4,2,2,2,2,2,2,2,4),(0.33056829021415,0.33385662753644,
0.338674386356839,0.348309903997637,0.363226599139086,0.370684946709811,
0.374414120495173,0.376278707387854,0.378143294280535),.UNSPECIFIED.);
#251=B_SPLINE_CURVE_WITH_KNOTS('',3,(#2731,#2732,#2733,#2734,#2735,#2736,
#2737,#2738,#2739,#2740,#2741,#2742,#2743,#2744,#2745,#2746,#2747,#2748),
 .UNSPECIFIED.,.F.,.F.,(4,2,2,2,2,2,2,2,4),(0.,0.00186458689268116,0.00372917378536232,
0.00745834757072463,0.0149166951414493,0.0298333902828985,0.0394689079236965,
0.0442866667440955,0.047575004066386),.UNSPECIFIED.);
#252=B_SPLINE_CURVE_WITH_KNOTS('',3,(#2756,#2757,#2758,#2759,#2760,#2761,
#2762,#2763,#2764,#2765,#2766,#2767,#2768,#2769,#2770,#2771,#2772,#2773),
 .UNSPECIFIED.,.F.,.F.,(4,2,2,2,2,2,2,2,4),(0.,0.00186458689268116,0.00372917378536233,
0.00745834757072466,0.0149166951414493,0.0298333902828986,0.0394689079236965,
0.0442866667440955,0.0475750040663859),.UNSPECIFIED.);
#253=B_SPLINE_CURVE_WITH_KNOTS('',3,(#2783,#2784,#2785,#2786,#2787,#2788,
#2789,#2790,#2791,#2792,#2793,#2794,#2795,#2796,#2797,#2798,#2799,#2800),
 .UNSPECIFIED.,.F.,.F.,(4,2,2,2,2,2,2,2,4),(0.33056829021415,0.33385662753644,
0.338674386356839,0.348309903997637,0.363226599139087,0.370684946709811,
0.374414120495174,0.376278707387855,0.378143294280536),.UNSPECIFIED.);
#254=B_SPLINE_CURVE_WITH_KNOTS('',3,(#2834,#2835,#2836,#2837,#2838,#2839,
#2840,#2841,#2842,#2843,#2844,#2845,#2846,#2847,#2848,#2849),
 .UNSPECIFIED.,.F.,.F.,(4,2,2,2,2,2,2,4),(0.0846436940559372,0.0870308392962309,
0.0933269173354322,0.0982934594175203,0.103585756771846,0.111959850533372,
0.130581122311114,0.1409360749164),.UNSPECIFIED.);
#255=B_SPLINE_CURVE_WITH_KNOTS('',3,(#2883,#2884,#2885,#2886,#2887,#2888,
#2889,#2890,#2891,#2892,#2893,#2894,#2895,#2896),.UNSPECIFIED.,.F.,.F.,
(4,2,2,2,2,2,4),(0.,0.00560463317683776,0.00842320743593328,0.0100694827714431,
0.0114491695517729,0.0130252377434685,0.0137872709743728),.UNSPECIFIED.);
#256=B_SPLINE_CURVE_WITH_KNOTS('',3,(#2929,#2930,#2931,#2932,#2933,#2934,
#2935,#2936,#2937,#2938,#2939,#2940,#2941,#2942),.UNSPECIFIED.,.F.,.F.,
(4,2,2,2,2,2,4),(0.,0.0055394831532892,0.00805076875323201,0.00951080462956616,
0.0107174554181062,0.012063110218533,0.0128057506015331),.UNSPECIFIED.);
#257=B_SPLINE_CURVE_WITH_KNOTS('',3,(#2969,#2970,#2971,#2972,#2973,#2974,
#2975,#2976,#2977,#2978,#2979,#2980,#2981,#2982,#2983,#2984),
 .UNSPECIFIED.,.F.,.F.,(4,2,2,2,2,2,2,4),(0.0789816018455931,0.080833121579585,
0.08543178702445,0.0890835672028481,0.0929958537394204,0.0992298319933494,
0.111695109734379,0.120495897909958),.UNSPECIFIED.);
#258=(
BOUNDED_SURFACE()
B_SPLINE_SURFACE(2,2,((#1894,#1895,#1896),(#1897,#1898,#1899),(#1900,#1901,
#1902)),.UNSPECIFIED.,.F.,.F.,.F.)
B_SPLINE_SURFACE_WITH_KNOTS((3,3),(3,3),(-1.5707963267949,0.),(1.81958608059529,
3.1415926535898),.UNSPECIFIED.)
GEOMETRIC_REPRESENTATION_ITEM()
RATIONAL_B_SPLINE_SURFACE(((1.,0.789376702145082,1.),(0.707106781186548,
0.558173618997461,0.707106781186548),(1.,0.789376702145082,1.)))
REPRESENTATION_ITEM('')
SURFACE()
);
#259=(
BOUNDED_SURFACE()
B_SPLINE_SURFACE(2,2,((#1919,#1920,#1921),(#1922,#1923,#1924),(#1925,#1926,
#1927)),.UNSPECIFIED.,.F.,.F.,.F.)
B_SPLINE_SURFACE_WITH_KNOTS((3,3),(3,3),(-1.5707963267949,0.),(-3.01874419146695,
-1.5707963267949),.UNSPECIFIED.)
GEOMETRIC_REPRESENTATION_ITEM()
RATIONAL_B_SPLINE_SURFACE(((1.,0.749179449665705,1.),(0.707106781186548,
0.529749869184227,0.707106781186548),(1.,0.749179449665705,1.)))
REPRESENTATION_ITEM('')
SURFACE()
);
#260=(
BOUNDED_SURFACE()
B_SPLINE_SURFACE(2,2,((#1963,#1964,#1965),(#1966,#1967,#1968),(#1969,#1970,
#1971)),.UNSPECIFIED.,.F.,.F.,.F.)
B_SPLINE_SURFACE_WITH_KNOTS((3,3),(3,3),(-1.5707963267949,0.),(-1.5707963267949,
-0.122848462122846),.UNSPECIFIED.)
GEOMETRIC_REPRESENTATION_ITEM()
RATIONAL_B_SPLINE_SURFACE(((1.,0.749179449665705,1.),(0.707106781186548,
0.529749869184227,0.707106781186548),(1.,0.749179449665705,1.)))
REPRESENTATION_ITEM('')
SURFACE()
);
#261=(
BOUNDED_SURFACE()
B_SPLINE_SURFACE(2,2,((#1988,#1989,#1990),(#1991,#1992,#1993),(#1994,#1995,
#1996)),.UNSPECIFIED.,.F.,.F.,.F.)
B_SPLINE_SURFACE_WITH_KNOTS((3,3),(3,3),(-1.5707963267949,0.),(-4.44089209850063E-15,
1.3220065729945),.UNSPECIFIED.)
GEOMETRIC_REPRESENTATION_ITEM()
RATIONAL_B_SPLINE_SURFACE(((1.,0.789376702145082,1.),(0.707106781186548,
0.558173618997461,0.707106781186548),(1.,0.789376702145082,1.)))
REPRESENTATION_ITEM('')
SURFACE()
);
#262=(
BOUNDED_SURFACE()
B_SPLINE_SURFACE(2,2,((#2088,#2089,#2090),(#2091,#2092,#2093),(#2094,#2095,
#2096)),.UNSPECIFIED.,.F.,.F.,.F.)
B_SPLINE_SURFACE_WITH_KNOTS((3,3),(3,3),(-1.5707963267949,0.),(-1.3220065729945,
4.71844785465691E-15),.UNSPECIFIED.)
GEOMETRIC_REPRESENTATION_ITEM()
RATIONAL_B_SPLINE_SURFACE(((1.,0.789376702145082,1.),(0.707106781186548,
0.558173618997462,0.707106781186548),(1.,0.789376702145082,1.)))
REPRESENTATION_ITEM('')
SURFACE()
);
#263=(
BOUNDED_SURFACE()
B_SPLINE_SURFACE(2,2,((#2113,#2114,#2115),(#2116,#2117,#2118),(#2119,#2120,
#2121)),.UNSPECIFIED.,.F.,.F.,.F.)
B_SPLINE_SURFACE_WITH_KNOTS((3,3),(3,3),(-1.5707963267949,0.),(0.122848462122847,
1.5707963267949),.UNSPECIFIED.)
GEOMETRIC_REPRESENTATION_ITEM()
RATIONAL_B_SPLINE_SURFACE(((1.,0.749179449665705,1.),(0.707106781186548,
0.529749869184226,0.707106781186548),(1.,0.749179449665705,1.)))
REPRESENTATION_ITEM('')
SURFACE()
);
#264=(
BOUNDED_SURFACE()
B_SPLINE_SURFACE(2,2,((#2157,#2158,#2159),(#2160,#2161,#2162),(#2163,#2164,
#2165)),.UNSPECIFIED.,.F.,.F.,.F.)
B_SPLINE_SURFACE_WITH_KNOTS((3,3),(3,3),(-1.5707963267949,0.),(1.5707963267949,
3.01874419146695),.UNSPECIFIED.)
GEOMETRIC_REPRESENTATION_ITEM()
RATIONAL_B_SPLINE_SURFACE(((1.,0.749179449665705,1.),(0.707106781186548,
0.529749869184227,0.707106781186548),(1.,0.749179449665705,1.)))
REPRESENTATION_ITEM('')
SURFACE()
);
#265=(
BOUNDED_SURFACE()
B_SPLINE_SURFACE(2,2,((#2182,#2183,#2184),(#2185,#2186,#2187),(#2188,#2189,
#2190)),.UNSPECIFIED.,.F.,.F.,.F.)
B_SPLINE_SURFACE_WITH_KNOTS((3,3),(3,3),(-1.5707963267949,0.),(-3.14159265358979,
-1.81958608059529),.UNSPECIFIED.)
GEOMETRIC_REPRESENTATION_ITEM()
RATIONAL_B_SPLINE_SURFACE(((1.,0.789376702145083,1.),(0.707106781186548,
0.558173618997462,0.707106781186548),(1.,0.789376702145083,1.)))
REPRESENTATION_ITEM('')
SURFACE()
);
#266=(
BOUNDED_SURFACE()
B_SPLINE_SURFACE(2,2,((#3001,#3002,#3003,#3004,#3005,#3006,#3007),(#3008,
#3009,#3010,#3011,#3012,#3013,#3014),(#3015,#3016,#3017,#3018,#3019,#3020,
#3021)),.UNSPECIFIED.,.F.,.F.,.F.)
B_SPLINE_SURFACE_WITH_KNOTS((3,3),(3,2,2,3),(0.,1.5707963267949),(-1.91986217732117,
-0.639954059107057,0.639954059107057,1.91986217732117),.UNSPECIFIED.)
GEOMETRIC_REPRESENTATION_ITEM()
RATIONAL_B_SPLINE_SURFACE(((1.,0.802123192729683,1.,0.802123192729683,1.,
0.802123192729683,1.),(0.707106781186545,0.567186748926161,0.707106781186545,
0.567186748926161,0.707106781186545,0.567186748926161,0.707106781186545),
(1.,0.802123192729683,1.,0.802123192729683,1.,0.802123192729683,1.)))
REPRESENTATION_ITEM('')
SURFACE()
);
#267=(
BOUNDED_SURFACE()
B_SPLINE_SURFACE(2,2,((#3039,#3040,#3041,#3042,#3043,#3044,#3045),(#3046,
#3047,#3048,#3049,#3050,#3051,#3052),(#3053,#3054,#3055,#3056,#3057,#3058,
#3059)),.UNSPECIFIED.,.F.,.F.,.F.)
B_SPLINE_SURFACE_WITH_KNOTS((3,3),(3,2,2,3),(0.,1.5707963267949),(-1.91986217734079,
-0.63995405911363,0.639954059113528,1.91986217734069),.UNSPECIFIED.)
GEOMETRIC_REPRESENTATION_ITEM()
RATIONAL_B_SPLINE_SURFACE(((1.,0.802123192725788,1.,0.802123192725788,1.,
0.802123192725788,1.),(0.707106781186545,0.567186748923407,0.707106781186545,
0.567186748923407,0.707106781186545,0.567186748923407,0.707106781186545),
(1.,0.802123192725788,1.,0.802123192725788,1.,0.802123192725788,1.)))
REPRESENTATION_ITEM('')
SURFACE()
);
#268=FACE_OUTER_BOUND('',#348,.T.);
#269=FACE_OUTER_BOUND('',#349,.T.);
#270=FACE_OUTER_BOUND('',#350,.T.);
#271=FACE_OUTER_BOUND('',#351,.T.);
#272=FACE_OUTER_BOUND('',#352,.T.);
#273=FACE_OUTER_BOUND('',#353,.T.);
#274=FACE_OUTER_BOUND('',#354,.T.);
#275=FACE_OUTER_BOUND('',#355,.T.);
#276=FACE_OUTER_BOUND('',#356,.T.);
#277=FACE_OUTER_BOUND('',#357,.T.);
#278=FACE_OUTER_BOUND('',#358,.T.);
#279=FACE_OUTER_BOUND('',#359,.T.);
#280=FACE_OUTER_BOUND('',#360,.T.);
#281=FACE_OUTER_BOUND('',#361,.T.);
#282=FACE_OUTER_BOUND('',#362,.T.);
#283=FACE_OUTER_BOUND('',#363,.T.);
#284=FACE_OUTER_BOUND('',#364,.T.);
#285=FACE_OUTER_BOUND('',#365,.T.);
#286=FACE_OUTER_BOUND('',#366,.T.);
#287=FACE_OUTER_BOUND('',#367,.T.);
#288=FACE_OUTER_BOUND('',#368,.T.);
#289=FACE_OUTER_BOUND('',#369,.T.);
#290=FACE_OUTER_BOUND('',#370,.T.);
#291=FACE_OUTER_BOUND('',#371,.T.);
#292=FACE_OUTER_BOUND('',#372,.T.);
#293=FACE_OUTER_BOUND('',#373,.T.);
#294=FACE_OUTER_BOUND('',#374,.T.);
#295=FACE_OUTER_BOUND('',#375,.T.);
#296=FACE_OUTER_BOUND('',#376,.T.);
#297=FACE_OUTER_BOUND('',#377,.T.);
#298=FACE_OUTER_BOUND('',#378,.T.);
#299=FACE_OUTER_BOUND('',#379,.T.);
#300=FACE_OUTER_BOUND('',#380,.T.);
#301=FACE_OUTER_BOUND('',#381,.T.);
#302=FACE_OUTER_BOUND('',#382,.T.);
#303=FACE_OUTER_BOUND('',#383,.T.);
#304=FACE_OUTER_BOUND('',#384,.T.);
#305=FACE_OUTER_BOUND('',#385,.T.);
#306=FACE_OUTER_BOUND('',#386,.T.);
#307=FACE_OUTER_BOUND('',#387,.T.);
#308=FACE_OUTER_BOUND('',#388,.T.);
#309=FACE_OUTER_BOUND('',#389,.T.);
#310=FACE_OUTER_BOUND('',#390,.T.);
#311=FACE_OUTER_BOUND('',#391,.T.);
#312=FACE_OUTER_BOUND('',#392,.T.);
#313=FACE_OUTER_BOUND('',#393,.T.);
#314=FACE_OUTER_BOUND('',#394,.T.);
#315=FACE_OUTER_BOUND('',#395,.T.);
#316=FACE_OUTER_BOUND('',#396,.T.);
#317=FACE_OUTER_BOUND('',#397,.T.);
#318=FACE_OUTER_BOUND('',#398,.T.);
#319=FACE_OUTER_BOUND('',#399,.T.);
#320=FACE_OUTER_BOUND('',#400,.T.);
#321=FACE_OUTER_BOUND('',#401,.T.);
#322=FACE_OUTER_BOUND('',#402,.T.);
#323=FACE_OUTER_BOUND('',#403,.T.);
#324=FACE_OUTER_BOUND('',#404,.T.);
#325=FACE_OUTER_BOUND('',#405,.T.);
#326=FACE_OUTER_BOUND('',#406,.T.);
#327=FACE_OUTER_BOUND('',#407,.T.);
#328=FACE_OUTER_BOUND('',#408,.T.);
#329=FACE_OUTER_BOUND('',#409,.T.);
#330=FACE_OUTER_BOUND('',#410,.T.);
#331=FACE_OUTER_BOUND('',#411,.T.);
#332=FACE_OUTER_BOUND('',#412,.T.);
#333=FACE_OUTER_BOUND('',#413,.T.);
#334=FACE_OUTER_BOUND('',#414,.T.);
#335=FACE_OUTER_BOUND('',#415,.T.);
#336=FACE_OUTER_BOUND('',#416,.T.);
#337=FACE_OUTER_BOUND('',#417,.T.);
#338=FACE_OUTER_BOUND('',#418,.T.);
#339=FACE_OUTER_BOUND('',#419,.T.);
#340=FACE_OUTER_BOUND('',#420,.T.);
#341=FACE_OUTER_BOUND('',#421,.T.);
#342=FACE_OUTER_BOUND('',#422,.T.);
#343=FACE_OUTER_BOUND('',#423,.T.);
#344=FACE_OUTER_BOUND('',#424,.T.);
#345=FACE_OUTER_BOUND('',#425,.T.);
#346=FACE_OUTER_BOUND('',#426,.T.);
#347=FACE_OUTER_BOUND('',#427,.T.);
#348=EDGE_LOOP('',(#804,#805,#806,#807));
#349=EDGE_LOOP('',(#808,#809,#810,#811));
#350=EDGE_LOOP('',(#812,#813,#814,#815));
#351=EDGE_LOOP('',(#816,#817,#818,#819,#820,#821,#822));
#352=EDGE_LOOP('',(#823,#824,#825,#826));
#353=EDGE_LOOP('',(#827,#828,#829,#830));
#354=EDGE_LOOP('',(#831,#832,#833,#834));
#355=EDGE_LOOP('',(#835,#836,#837,#838));
#356=EDGE_LOOP('',(#839,#840,#841,#842));
#357=EDGE_LOOP('',(#843,#844,#845,#846));
#358=EDGE_LOOP('',(#847,#848,#849,#850,#851,#852));
#359=EDGE_LOOP('',(#853,#854,#855,#856));
#360=EDGE_LOOP('',(#857,#858,#859,#860,#861,#862));
#361=EDGE_LOOP('',(#863,#864,#865,#866,#867));
#362=EDGE_LOOP('',(#868,#869,#870,#871,#872));
#363=EDGE_LOOP('',(#873,#874,#875,#876));
#364=EDGE_LOOP('',(#877,#878,#879,#880));
#365=EDGE_LOOP('',(#881,#882,#883,#884));
#366=EDGE_LOOP('',(#885,#886,#887,#888,#889,#890,#891));
#367=EDGE_LOOP('',(#892,#893,#894,#895));
#368=EDGE_LOOP('',(#896,#897,#898,#899));
#369=EDGE_LOOP('',(#900,#901,#902,#903));
#370=EDGE_LOOP('',(#904,#905,#906,#907));
#371=EDGE_LOOP('',(#908,#909,#910,#911));
#372=EDGE_LOOP('',(#912,#913,#914,#915));
#373=EDGE_LOOP('',(#916,#917,#918,#919,#920,#921));
#374=EDGE_LOOP('',(#922,#923,#924,#925));
#375=EDGE_LOOP('',(#926,#927,#928,#929,#930,#931));
#376=EDGE_LOOP('',(#932,#933,#934,#935,#936));
#377=EDGE_LOOP('',(#937,#938,#939,#940,#941));
#378=EDGE_LOOP('',(#942,#943,#944,#945));
#379=EDGE_LOOP('',(#946,#947,#948,#949));
#380=EDGE_LOOP('',(#950,#951,#952,#953,#954,#955,#956));
#381=EDGE_LOOP('',(#957,#958,#959,#960));
#382=EDGE_LOOP('',(#961,#962,#963,#964));
#383=EDGE_LOOP('',(#965,#966,#967,#968,#969,#970,#971));
#384=EDGE_LOOP('',(#972,#973));
#385=EDGE_LOOP('',(#974,#975,#976,#977));
#386=EDGE_LOOP('',(#978,#979));
#387=EDGE_LOOP('',(#980,#981,#982,#983));
#388=EDGE_LOOP('',(#984,#985));
#389=EDGE_LOOP('',(#986,#987,#988,#989,#990,#991,#992,#993));
#390=EDGE_LOOP('',(#994,#995));
#391=EDGE_LOOP('',(#996,#997,#998,#999,#1000,#1001,#1002,#1003));
#392=EDGE_LOOP('',(#1004,#1005,#1006,#1007));
#393=EDGE_LOOP('',(#1008,#1009,#1010,#1011,#1012,#1013));
#394=EDGE_LOOP('',(#1014,#1015,#1016,#1017));
#395=EDGE_LOOP('',(#1018,#1019,#1020,#1021));
#396=EDGE_LOOP('',(#1022,#1023,#1024,#1025,#1026,#1027));
#397=EDGE_LOOP('',(#1028,#1029,#1030,#1031));
#398=EDGE_LOOP('',(#1032,#1033,#1034,#1035));
#399=EDGE_LOOP('',(#1036,#1037,#1038,#1039));
#400=EDGE_LOOP('',(#1040,#1041,#1042,#1043,#1044,#1045));
#401=EDGE_LOOP('',(#1046,#1047,#1048,#1049,#1050,#1051));
#402=EDGE_LOOP('',(#1052,#1053,#1054,#1055,#1056,#1057));
#403=EDGE_LOOP('',(#1058,#1059,#1060,#1061,#1062));
#404=EDGE_LOOP('',(#1063,#1064,#1065,#1066,#1067));
#405=EDGE_LOOP('',(#1068,#1069,#1070,#1071,#1072,#1073));
#406=EDGE_LOOP('',(#1074,#1075,#1076,#1077,#1078));
#407=EDGE_LOOP('',(#1079,#1080,#1081,#1082,#1083,#1084));
#408=EDGE_LOOP('',(#1085,#1086,#1087,#1088,#1089,#1090));
#409=EDGE_LOOP('',(#1091,#1092,#1093,#1094,#1095));
#410=EDGE_LOOP('',(#1096,#1097,#1098,#1099));
#411=EDGE_LOOP('',(#1100,#1101,#1102,#1103,#1104,#1105,#1106));
#412=EDGE_LOOP('',(#1107,#1108,#1109,#1110,#1111,#1112,#1113));
#413=EDGE_LOOP('',(#1114,#1115,#1116,#1117));
#414=EDGE_LOOP('',(#1118,#1119,#1120));
#415=EDGE_LOOP('',(#1121,#1122,#1123,#1124,#1125,#1126,#1127));
#416=EDGE_LOOP('',(#1128,#1129,#1130,#1131,#1132,#1133,#1134));
#417=EDGE_LOOP('',(#1135,#1136,#1137,#1138));
#418=EDGE_LOOP('',(#1139,#1140,#1141));
#419=EDGE_LOOP('',(#1142,#1143,#1144,#1145));
#420=EDGE_LOOP('',(#1146,#1147,#1148,#1149));
#421=EDGE_LOOP('',(#1150,#1151,#1152,#1153));
#422=EDGE_LOOP('',(#1154,#1155,#1156,#1157,#1158,#1159,#1160,#1161,#1162,
#1163,#1164,#1165));
#423=EDGE_LOOP('',(#1166,#1167,#1168,#1169,#1170,#1171));
#424=EDGE_LOOP('',(#1172));
#425=EDGE_LOOP('',(#1173,#1174,#1175,#1176,#1177,#1178,#1179,#1180,#1181,
#1182,#1183,#1184));
#426=EDGE_LOOP('',(#1185,#1186,#1187,#1188,#1189,#1190));
#427=EDGE_LOOP('',(#1191));
#428=CIRCLE('',#1385,0.15);
#429=CIRCLE('',#1386,1.095);
#430=CIRCLE('',#1387,0.149999999999999);
#431=CIRCLE('',#1388,1.245);
#432=CIRCLE('',#1389,0.25);
#433=CIRCLE('',#1390,0.1);
#434=CIRCLE('',#1391,0.1);
#435=CIRCLE('',#1392,0.149999999999999);
#436=CIRCLE('',#1393,0.25);
#437=CIRCLE('',#1395,0.149999999999999);
#438=CIRCLE('',#1396,0.25);
#439=CIRCLE('',#1397,0.1);
#440=CIRCLE('',#1398,0.1);
#441=CIRCLE('',#1399,0.149999999999999);
#442=CIRCLE('',#1400,0.25);
#443=CIRCLE('',#1402,0.149999999999997);
#444=CIRCLE('',#1403,1.245);
#445=CIRCLE('',#1404,1.095);
#446=CIRCLE('',#1406,0.149999999999999);
#447=CIRCLE('',#1407,1.245);
#448=CIRCLE('',#1409,1.245);
#449=CIRCLE('',#1410,0.15);
#450=CIRCLE('',#1418,0.2);
#451=CIRCLE('',#1420,0.2);
#452=CIRCLE('',#1422,0.15);
#453=CIRCLE('',#1423,1.095);
#454=CIRCLE('',#1424,0.149999999999999);
#455=CIRCLE('',#1425,1.245);
#456=CIRCLE('',#1426,0.25);
#457=CIRCLE('',#1427,0.1);
#458=CIRCLE('',#1428,0.1);
#459=CIRCLE('',#1429,0.149999999999999);
#460=CIRCLE('',#1430,0.25);
#461=CIRCLE('',#1432,0.149999999999999);
#462=CIRCLE('',#1433,0.25);
#463=CIRCLE('',#1434,0.1);
#464=CIRCLE('',#1435,0.1);
#465=CIRCLE('',#1436,0.149999999999999);
#466=CIRCLE('',#1437,0.25);
#467=CIRCLE('',#1439,0.149999999999997);
#468=CIRCLE('',#1440,1.245);
#469=CIRCLE('',#1441,1.095);
#470=CIRCLE('',#1443,0.149999999999999);
#471=CIRCLE('',#1444,1.245);
#472=CIRCLE('',#1446,1.245);
#473=CIRCLE('',#1447,0.15);
#474=CIRCLE('',#1455,0.2);
#475=CIRCLE('',#1457,0.2);
#476=CIRCLE('',#1484,0.25);
#477=CIRCLE('',#1485,0.25);
#478=CIRCLE('',#1489,0.25);
#479=CIRCLE('',#1494,0.25);
#480=CIRCLE('',#1496,0.25);
#481=CIRCLE('',#1499,0.25);
#482=CIRCLE('',#1501,0.25);
#483=CIRCLE('',#1502,0.25);
#484=CIRCLE('',#1507,1.245);
#485=CIRCLE('',#1509,1.245);
#486=CIRCLE('',#1510,0.00499999999999987);
#487=CIRCLE('',#1511,1.25);
#488=CIRCLE('',#1515,1.245);
#489=CIRCLE('',#1517,1.245);
#490=CIRCLE('',#1518,0.00499999999999987);
#491=CIRCLE('',#1519,1.25);
#492=CIRCLE('',#1526,0.2);
#493=CIRCLE('',#1530,0.2);
#494=VERTEX_POINT('',#1886);
#495=VERTEX_POINT('',#1887);
#496=VERTEX_POINT('',#1889);
#497=VERTEX_POINT('',#1891);
#498=VERTEX_POINT('',#1903);
#499=VERTEX_POINT('',#1905);
#500=VERTEX_POINT('',#1928);
#501=VERTEX_POINT('',#1930);
#502=VERTEX_POINT('',#1934);
#503=VERTEX_POINT('',#1935);
#504=VERTEX_POINT('',#1946);
#505=VERTEX_POINT('',#1948);
#506=VERTEX_POINT('',#1951);
#507=VERTEX_POINT('',#1972);
#508=VERTEX_POINT('',#1974);
#509=VERTEX_POINT('',#1997);
#510=VERTEX_POINT('',#1999);
#511=VERTEX_POINT('',#2003);
#512=VERTEX_POINT('',#2004);
#513=VERTEX_POINT('',#2009);
#514=VERTEX_POINT('',#2020);
#515=VERTEX_POINT('',#2024);
#516=VERTEX_POINT('',#2037);
#517=VERTEX_POINT('',#2049);
#518=VERTEX_POINT('',#2051);
#519=VERTEX_POINT('',#2053);
#520=VERTEX_POINT('',#2061);
#521=VERTEX_POINT('',#2065);
#522=VERTEX_POINT('',#2067);
#523=VERTEX_POINT('',#2080);
#524=VERTEX_POINT('',#2081);
#525=VERTEX_POINT('',#2083);
#526=VERTEX_POINT('',#2085);
#527=VERTEX_POINT('',#2097);
#528=VERTEX_POINT('',#2099);
#529=VERTEX_POINT('',#2122);
#530=VERTEX_POINT('',#2124);
#531=VERTEX_POINT('',#2128);
#532=VERTEX_POINT('',#2129);
#533=VERTEX_POINT('',#2140);
#534=VERTEX_POINT('',#2142);
#535=VERTEX_POINT('',#2145);
#536=VERTEX_POINT('',#2166);
#537=VERTEX_POINT('',#2168);
#538=VERTEX_POINT('',#2191);
#539=VERTEX_POINT('',#2193);
#540=VERTEX_POINT('',#2197);
#541=VERTEX_POINT('',#2198);
#542=VERTEX_POINT('',#2203);
#543=VERTEX_POINT('',#2214);
#544=VERTEX_POINT('',#2218);
#545=VERTEX_POINT('',#2231);
#546=VERTEX_POINT('',#2244);
#547=VERTEX_POINT('',#2246);
#548=VERTEX_POINT('',#2248);
#549=VERTEX_POINT('',#2256);
#550=VERTEX_POINT('',#2260);
#551=VERTEX_POINT('',#2262);
#552=VERTEX_POINT('',#2290);
#553=VERTEX_POINT('',#2291);
#554=VERTEX_POINT('',#2296);
#555=VERTEX_POINT('',#2313);
#556=VERTEX_POINT('',#2353);
#557=VERTEX_POINT('',#2358);
#558=VERTEX_POINT('',#2380);
#559=VERTEX_POINT('',#2385);
#560=VERTEX_POINT('',#2391);
#561=VERTEX_POINT('',#2397);
#562=VERTEX_POINT('',#2420);
#563=VERTEX_POINT('',#2421);
#564=VERTEX_POINT('',#2426);
#565=VERTEX_POINT('',#2443);
#566=VERTEX_POINT('',#2483);
#567=VERTEX_POINT('',#2488);
#568=VERTEX_POINT('',#2510);
#569=VERTEX_POINT('',#2515);
#570=VERTEX_POINT('',#2521);
#571=VERTEX_POINT('',#2527);
#572=VERTEX_POINT('',#2554);
#573=VERTEX_POINT('',#2555);
#574=VERTEX_POINT('',#2578);
#575=VERTEX_POINT('',#2581);
#576=VERTEX_POINT('',#2604);
#577=VERTEX_POINT('',#2605);
#578=VERTEX_POINT('',#2628);
#579=VERTEX_POINT('',#2631);
#580=VERTEX_POINT('',#2654);
#581=VERTEX_POINT('',#2655);
#582=VERTEX_POINT('',#2659);
#583=VERTEX_POINT('',#2683);
#584=VERTEX_POINT('',#2684);
#585=VERTEX_POINT('',#2688);
#586=VERTEX_POINT('',#2693);
#587=VERTEX_POINT('',#2695);
#588=VERTEX_POINT('',#2716);
#589=VERTEX_POINT('',#2718);
#590=VERTEX_POINT('',#2720);
#591=VERTEX_POINT('',#2724);
#592=VERTEX_POINT('',#2729);
#593=VERTEX_POINT('',#2751);
#594=VERTEX_POINT('',#2755);
#595=VERTEX_POINT('',#2776);
#596=VERTEX_POINT('',#2782);
#597=VERTEX_POINT('',#2803);
#598=VERTEX_POINT('',#2988);
#599=VERTEX_POINT('',#2990);
#600=VERTEX_POINT('',#2992);
#601=VERTEX_POINT('',#2996);
#602=VERTEX_POINT('',#2998);
#603=VERTEX_POINT('',#3026);
#604=VERTEX_POINT('',#3028);
#605=VERTEX_POINT('',#3030);
#606=VERTEX_POINT('',#3034);
#607=VERTEX_POINT('',#3036);
#608=VERTEX_POINT('',#3071);
#609=VERTEX_POINT('',#3078);
#610=EDGE_CURVE('',#494,#495,#428,.T.);
#611=EDGE_CURVE('',#495,#496,#429,.T.);
#612=EDGE_CURVE('',#496,#497,#430,.T.);
#613=EDGE_CURVE('',#497,#494,#431,.T.);
#614=EDGE_CURVE('',#498,#497,#432,.T.);
#615=EDGE_CURVE('',#496,#499,#433,.T.);
#616=EDGE_CURVE('',#499,#498,#210,.T.);
#617=EDGE_CURVE('',#499,#500,#434,.T.);
#618=EDGE_CURVE('',#500,#501,#435,.T.);
#619=EDGE_CURVE('',#501,#498,#436,.T.);
#620=EDGE_CURVE('',#502,#503,#211,.T.);
#621=EDGE_CURVE('',#502,#504,#71,.T.);
#622=EDGE_CURVE('',#504,#505,#437,.T.);
#623=EDGE_CURVE('',#505,#501,#72,.T.);
#624=EDGE_CURVE('',#500,#506,#73,.T.);
#625=EDGE_CURVE('',#503,#506,#212,.T.);
#626=EDGE_CURVE('',#507,#505,#438,.T.);
#627=EDGE_CURVE('',#504,#508,#439,.T.);
#628=EDGE_CURVE('',#508,#507,#213,.T.);
#629=EDGE_CURVE('',#508,#509,#440,.T.);
#630=EDGE_CURVE('',#509,#510,#441,.T.);
#631=EDGE_CURVE('',#510,#507,#442,.T.);
#632=EDGE_CURVE('',#511,#512,#443,.T.);
#633=EDGE_CURVE('',#512,#510,#444,.T.);
#634=EDGE_CURVE('',#509,#511,#445,.T.);
#635=EDGE_CURVE('',#511,#513,#214,.F.);
#636=EDGE_CURVE('',#513,#514,#446,.T.);
#637=EDGE_CURVE('',#514,#512,#447,.T.);
#638=EDGE_CURVE('',#515,#495,#215,.F.);
#639=EDGE_CURVE('',#494,#516,#448,.T.);
#640=EDGE_CURVE('',#516,#515,#449,.T.);
#641=EDGE_CURVE('',#513,#515,#216,.F.);
#642=EDGE_CURVE('',#516,#514,#74,.T.);
#643=EDGE_CURVE('',#514,#517,#75,.T.);
#644=EDGE_CURVE('',#518,#517,#45,.T.);
#645=EDGE_CURVE('',#519,#518,#217,.T.);
#646=EDGE_CURVE('',#510,#519,#76,.T.);
#647=EDGE_CURVE('',#520,#516,#77,.T.);
#648=EDGE_CURVE('',#517,#520,#78,.T.);
#649=EDGE_CURVE('',#521,#497,#79,.T.);
#650=EDGE_CURVE('',#522,#521,#218,.T.);
#651=EDGE_CURVE('',#522,#520,#46,.T.);
#652=EDGE_CURVE('',#506,#495,#450,.T.);
#653=EDGE_CURVE('',#511,#502,#451,.T.);
#654=EDGE_CURVE('',#523,#524,#452,.T.);
#655=EDGE_CURVE('',#524,#525,#453,.T.);
#656=EDGE_CURVE('',#525,#526,#454,.T.);
#657=EDGE_CURVE('',#526,#523,#455,.T.);
#658=EDGE_CURVE('',#527,#526,#456,.T.);
#659=EDGE_CURVE('',#525,#528,#457,.T.);
#660=EDGE_CURVE('',#528,#527,#219,.T.);
#661=EDGE_CURVE('',#528,#529,#458,.T.);
#662=EDGE_CURVE('',#529,#530,#459,.T.);
#663=EDGE_CURVE('',#530,#527,#460,.T.);
#664=EDGE_CURVE('',#531,#532,#220,.T.);
#665=EDGE_CURVE('',#531,#533,#80,.T.);
#666=EDGE_CURVE('',#533,#534,#461,.T.);
#667=EDGE_CURVE('',#534,#530,#81,.T.);
#668=EDGE_CURVE('',#529,#535,#82,.T.);
#669=EDGE_CURVE('',#532,#535,#221,.T.);
#670=EDGE_CURVE('',#536,#534,#462,.T.);
#671=EDGE_CURVE('',#533,#537,#463,.T.);
#672=EDGE_CURVE('',#537,#536,#222,.T.);
#673=EDGE_CURVE('',#537,#538,#464,.T.);
#674=EDGE_CURVE('',#538,#539,#465,.T.);
#675=EDGE_CURVE('',#539,#536,#466,.T.);
#676=EDGE_CURVE('',#540,#541,#467,.T.);
#677=EDGE_CURVE('',#541,#539,#468,.T.);
#678=EDGE_CURVE('',#538,#540,#469,.T.);
#679=EDGE_CURVE('',#540,#542,#223,.F.);
#680=EDGE_CURVE('',#542,#543,#470,.T.);
#681=EDGE_CURVE('',#543,#541,#471,.T.);
#682=EDGE_CURVE('',#544,#524,#224,.F.);
#683=EDGE_CURVE('',#523,#545,#472,.T.);
#684=EDGE_CURVE('',#545,#544,#473,.T.);
#685=EDGE_CURVE('',#542,#544,#225,.F.);
#686=EDGE_CURVE('',#545,#543,#83,.T.);
#687=EDGE_CURVE('',#543,#546,#84,.T.);
#688=EDGE_CURVE('',#547,#546,#47,.T.);
#689=EDGE_CURVE('',#548,#547,#226,.T.);
#690=EDGE_CURVE('',#539,#548,#85,.T.);
#691=EDGE_CURVE('',#549,#545,#86,.T.);
#692=EDGE_CURVE('',#546,#549,#87,.T.);
#693=EDGE_CURVE('',#550,#526,#88,.T.);
#694=EDGE_CURVE('',#551,#550,#227,.T.);
#695=EDGE_CURVE('',#551,#549,#48,.T.);
#696=EDGE_CURVE('',#535,#524,#474,.T.);
#697=EDGE_CURVE('',#540,#531,#475,.T.);
#698=EDGE_CURVE('',#552,#553,#228,.T.);
#699=EDGE_CURVE('',#553,#554,#229,.F.);
#700=EDGE_CURVE('',#554,#555,#230,.T.);
#701=EDGE_CURVE('',#555,#552,#231,.T.);
#702=EDGE_CURVE('',#555,#556,#232,.T.);
#703=EDGE_CURVE('',#556,#557,#233,.F.);
#704=EDGE_CURVE('',#557,#552,#234,.T.);
#705=EDGE_CURVE('',#553,#558,#235,.T.);
#706=EDGE_CURVE('',#559,#557,#236,.T.);
#707=EDGE_CURVE('',#560,#559,#237,.T.);
#708=EDGE_CURVE('',#560,#561,#89,.T.);
#709=EDGE_CURVE('',#558,#561,#238,.T.);
#710=EDGE_CURVE('',#562,#563,#239,.T.);
#711=EDGE_CURVE('',#563,#564,#240,.F.);
#712=EDGE_CURVE('',#564,#565,#241,.T.);
#713=EDGE_CURVE('',#565,#562,#242,.T.);
#714=EDGE_CURVE('',#565,#566,#243,.T.);
#715=EDGE_CURVE('',#566,#567,#244,.F.);
#716=EDGE_CURVE('',#567,#562,#245,.T.);
#717=EDGE_CURVE('',#563,#568,#246,.T.);
#718=EDGE_CURVE('',#569,#567,#247,.T.);
#719=EDGE_CURVE('',#570,#569,#248,.T.);
#720=EDGE_CURVE('',#571,#570,#90,.T.);
#721=EDGE_CURVE('',#568,#571,#249,.T.);
#722=EDGE_CURVE('',#572,#573,#49,.T.);
#723=EDGE_CURVE('',#573,#572,#50,.T.);
#724=EDGE_CURVE('',#573,#574,#51,.T.);
#725=EDGE_CURVE('',#574,#572,#52,.T.);
#726=EDGE_CURVE('',#572,#575,#53,.T.);
#727=EDGE_CURVE('',#575,#573,#54,.T.);
#728=EDGE_CURVE('',#576,#577,#55,.T.);
#729=EDGE_CURVE('',#577,#576,#56,.T.);
#730=EDGE_CURVE('',#577,#578,#57,.T.);
#731=EDGE_CURVE('',#578,#576,#58,.T.);
#732=EDGE_CURVE('',#576,#579,#59,.T.);
#733=EDGE_CURVE('',#579,#577,#60,.T.);
#734=EDGE_CURVE('',#580,#581,#61,.T.);
#735=EDGE_CURVE('',#581,#580,#62,.T.);
#736=EDGE_CURVE('',#575,#582,#91,.T.);
#737=EDGE_CURVE('',#581,#582,#63,.T.);
#738=EDGE_CURVE('',#582,#580,#64,.T.);
#739=EDGE_CURVE('',#583,#584,#65,.T.);
#740=EDGE_CURVE('',#584,#583,#66,.T.);
#741=EDGE_CURVE('',#579,#585,#92,.T.);
#742=EDGE_CURVE('',#584,#585,#67,.T.);
#743=EDGE_CURVE('',#585,#583,#68,.T.);
#744=EDGE_CURVE('',#586,#536,#93,.T.);
#745=EDGE_CURVE('',#586,#587,#250,.F.);
#746=EDGE_CURVE('',#587,#534,#94,.T.);
#747=EDGE_CURVE('',#588,#587,#476,.F.);
#748=EDGE_CURVE('',#588,#589,#95,.T.);
#749=EDGE_CURVE('',#590,#589,#477,.F.);
#750=EDGE_CURVE('',#530,#590,#96,.T.);
#751=EDGE_CURVE('',#586,#591,#97,.T.);
#752=EDGE_CURVE('',#571,#586,#98,.T.);
#753=EDGE_CURVE('',#591,#570,#99,.T.);
#754=EDGE_CURVE('',#501,#592,#100,.T.);
#755=EDGE_CURVE('',#591,#592,#251,.T.);
#756=EDGE_CURVE('',#498,#591,#101,.T.);
#757=EDGE_CURVE('',#592,#593,#478,.F.);
#758=EDGE_CURVE('',#593,#588,#102,.T.);
#759=EDGE_CURVE('',#594,#590,#252,.T.);
#760=EDGE_CURVE('',#527,#594,#103,.T.);
#761=EDGE_CURVE('',#595,#594,#104,.T.);
#762=EDGE_CURVE('',#561,#595,#105,.T.);
#763=EDGE_CURVE('',#594,#560,#106,.T.);
#764=EDGE_CURVE('',#595,#507,#107,.T.);
#765=EDGE_CURVE('',#595,#596,#253,.F.);
#766=EDGE_CURVE('',#596,#505,#108,.T.);
#767=EDGE_CURVE('',#597,#596,#479,.F.);
#768=EDGE_CURVE('',#593,#597,#109,.T.);
#769=EDGE_CURVE('',#589,#597,#110,.T.);
#770=EDGE_CURVE('',#561,#519,#480,.T.);
#771=EDGE_CURVE('',#554,#518,#254,.T.);
#772=EDGE_CURVE('',#560,#550,#481,.T.);
#773=EDGE_CURVE('',#556,#551,#255,.F.);
#774=EDGE_CURVE('',#570,#521,#482,.T.);
#775=EDGE_CURVE('',#566,#522,#256,.F.);
#776=EDGE_CURVE('',#571,#548,#483,.T.);
#777=EDGE_CURVE('',#564,#547,#257,.T.);
#778=EDGE_CURVE('',#598,#565,#69,.T.);
#779=EDGE_CURVE('',#598,#599,#111,.T.);
#780=EDGE_CURVE('',#600,#599,#484,.T.);
#781=EDGE_CURVE('',#600,#520,#112,.T.);
#782=EDGE_CURVE('',#546,#601,#113,.T.);
#783=EDGE_CURVE('',#601,#602,#485,.T.);
#784=EDGE_CURVE('',#602,#598,#114,.T.);
#785=EDGE_CURVE('',#599,#602,#486,.T.);
#786=EDGE_CURVE('',#601,#600,#487,.T.);
#787=EDGE_CURVE('',#603,#555,#70,.T.);
#788=EDGE_CURVE('',#603,#604,#115,.T.);
#789=EDGE_CURVE('',#605,#604,#488,.T.);
#790=EDGE_CURVE('',#605,#549,#116,.T.);
#791=EDGE_CURVE('',#517,#606,#117,.T.);
#792=EDGE_CURVE('',#606,#607,#489,.T.);
#793=EDGE_CURVE('',#607,#603,#118,.T.);
#794=EDGE_CURVE('',#604,#607,#490,.T.);
#795=EDGE_CURVE('',#606,#605,#491,.T.);
#796=EDGE_CURVE('',#601,#605,#119,.T.);
#797=EDGE_CURVE('',#600,#606,#120,.T.);
#798=EDGE_CURVE('',#503,#578,#121,.T.);
#799=EDGE_CURVE('',#585,#608,#122,.T.);
#800=EDGE_CURVE('',#608,#608,#492,.T.);
#801=EDGE_CURVE('',#532,#574,#123,.T.);
#802=EDGE_CURVE('',#582,#609,#124,.T.);
#803=EDGE_CURVE('',#609,#609,#493,.T.);
#804=ORIENTED_EDGE('',*,*,#610,.T.);
#805=ORIENTED_EDGE('',*,*,#611,.T.);
#806=ORIENTED_EDGE('',*,*,#612,.T.);
#807=ORIENTED_EDGE('',*,*,#613,.T.);
#808=ORIENTED_EDGE('',*,*,#614,.T.);
#809=ORIENTED_EDGE('',*,*,#612,.F.);
#810=ORIENTED_EDGE('',*,*,#615,.T.);
#811=ORIENTED_EDGE('',*,*,#616,.T.);
#812=ORIENTED_EDGE('',*,*,#617,.T.);
#813=ORIENTED_EDGE('',*,*,#618,.T.);
#814=ORIENTED_EDGE('',*,*,#619,.T.);
#815=ORIENTED_EDGE('',*,*,#616,.F.);
#816=ORIENTED_EDGE('',*,*,#620,.F.);
#817=ORIENTED_EDGE('',*,*,#621,.T.);
#818=ORIENTED_EDGE('',*,*,#622,.T.);
#819=ORIENTED_EDGE('',*,*,#623,.T.);
#820=ORIENTED_EDGE('',*,*,#618,.F.);
#821=ORIENTED_EDGE('',*,*,#624,.T.);
#822=ORIENTED_EDGE('',*,*,#625,.F.);
#823=ORIENTED_EDGE('',*,*,#626,.T.);
#824=ORIENTED_EDGE('',*,*,#622,.F.);
#825=ORIENTED_EDGE('',*,*,#627,.T.);
#826=ORIENTED_EDGE('',*,*,#628,.T.);
#827=ORIENTED_EDGE('',*,*,#629,.T.);
#828=ORIENTED_EDGE('',*,*,#630,.T.);
#829=ORIENTED_EDGE('',*,*,#631,.T.);
#830=ORIENTED_EDGE('',*,*,#628,.F.);
#831=ORIENTED_EDGE('',*,*,#632,.T.);
#832=ORIENTED_EDGE('',*,*,#633,.T.);
#833=ORIENTED_EDGE('',*,*,#630,.F.);
#834=ORIENTED_EDGE('',*,*,#634,.T.);
#835=ORIENTED_EDGE('',*,*,#635,.T.);
#836=ORIENTED_EDGE('',*,*,#636,.T.);
#837=ORIENTED_EDGE('',*,*,#637,.T.);
#838=ORIENTED_EDGE('',*,*,#632,.F.);
#839=ORIENTED_EDGE('',*,*,#638,.T.);
#840=ORIENTED_EDGE('',*,*,#610,.F.);
#841=ORIENTED_EDGE('',*,*,#639,.T.);
#842=ORIENTED_EDGE('',*,*,#640,.T.);
#843=ORIENTED_EDGE('',*,*,#641,.T.);
#844=ORIENTED_EDGE('',*,*,#640,.F.);
#845=ORIENTED_EDGE('',*,*,#642,.T.);
#846=ORIENTED_EDGE('',*,*,#636,.F.);
#847=ORIENTED_EDGE('',*,*,#633,.F.);
#848=ORIENTED_EDGE('',*,*,#637,.F.);
#849=ORIENTED_EDGE('',*,*,#643,.T.);
#850=ORIENTED_EDGE('',*,*,#644,.F.);
#851=ORIENTED_EDGE('',*,*,#645,.F.);
#852=ORIENTED_EDGE('',*,*,#646,.F.);
#853=ORIENTED_EDGE('',*,*,#642,.F.);
#854=ORIENTED_EDGE('',*,*,#647,.F.);
#855=ORIENTED_EDGE('',*,*,#648,.F.);
#856=ORIENTED_EDGE('',*,*,#643,.F.);
#857=ORIENTED_EDGE('',*,*,#639,.F.);
#858=ORIENTED_EDGE('',*,*,#613,.F.);
#859=ORIENTED_EDGE('',*,*,#649,.F.);
#860=ORIENTED_EDGE('',*,*,#650,.F.);
#861=ORIENTED_EDGE('',*,*,#651,.T.);
#862=ORIENTED_EDGE('',*,*,#647,.T.);
#863=ORIENTED_EDGE('',*,*,#611,.F.);
#864=ORIENTED_EDGE('',*,*,#652,.F.);
#865=ORIENTED_EDGE('',*,*,#624,.F.);
#866=ORIENTED_EDGE('',*,*,#617,.F.);
#867=ORIENTED_EDGE('',*,*,#615,.F.);
#868=ORIENTED_EDGE('',*,*,#634,.F.);
#869=ORIENTED_EDGE('',*,*,#629,.F.);
#870=ORIENTED_EDGE('',*,*,#627,.F.);
#871=ORIENTED_EDGE('',*,*,#621,.F.);
#872=ORIENTED_EDGE('',*,*,#653,.F.);
#873=ORIENTED_EDGE('',*,*,#654,.T.);
#874=ORIENTED_EDGE('',*,*,#655,.T.);
#875=ORIENTED_EDGE('',*,*,#656,.T.);
#876=ORIENTED_EDGE('',*,*,#657,.T.);
#877=ORIENTED_EDGE('',*,*,#658,.T.);
#878=ORIENTED_EDGE('',*,*,#656,.F.);
#879=ORIENTED_EDGE('',*,*,#659,.T.);
#880=ORIENTED_EDGE('',*,*,#660,.T.);
#881=ORIENTED_EDGE('',*,*,#661,.T.);
#882=ORIENTED_EDGE('',*,*,#662,.T.);
#883=ORIENTED_EDGE('',*,*,#663,.T.);
#884=ORIENTED_EDGE('',*,*,#660,.F.);
#885=ORIENTED_EDGE('',*,*,#664,.F.);
#886=ORIENTED_EDGE('',*,*,#665,.T.);
#887=ORIENTED_EDGE('',*,*,#666,.T.);
#888=ORIENTED_EDGE('',*,*,#667,.T.);
#889=ORIENTED_EDGE('',*,*,#662,.F.);
#890=ORIENTED_EDGE('',*,*,#668,.T.);
#891=ORIENTED_EDGE('',*,*,#669,.F.);
#892=ORIENTED_EDGE('',*,*,#670,.T.);
#893=ORIENTED_EDGE('',*,*,#666,.F.);
#894=ORIENTED_EDGE('',*,*,#671,.T.);
#895=ORIENTED_EDGE('',*,*,#672,.T.);
#896=ORIENTED_EDGE('',*,*,#673,.T.);
#897=ORIENTED_EDGE('',*,*,#674,.T.);
#898=ORIENTED_EDGE('',*,*,#675,.T.);
#899=ORIENTED_EDGE('',*,*,#672,.F.);
#900=ORIENTED_EDGE('',*,*,#676,.T.);
#901=ORIENTED_EDGE('',*,*,#677,.T.);
#902=ORIENTED_EDGE('',*,*,#674,.F.);
#903=ORIENTED_EDGE('',*,*,#678,.T.);
#904=ORIENTED_EDGE('',*,*,#679,.T.);
#905=ORIENTED_EDGE('',*,*,#680,.T.);
#906=ORIENTED_EDGE('',*,*,#681,.T.);
#907=ORIENTED_EDGE('',*,*,#676,.F.);
#908=ORIENTED_EDGE('',*,*,#682,.T.);
#909=ORIENTED_EDGE('',*,*,#654,.F.);
#910=ORIENTED_EDGE('',*,*,#683,.T.);
#911=ORIENTED_EDGE('',*,*,#684,.T.);
#912=ORIENTED_EDGE('',*,*,#685,.T.);
#913=ORIENTED_EDGE('',*,*,#684,.F.);
#914=ORIENTED_EDGE('',*,*,#686,.T.);
#915=ORIENTED_EDGE('',*,*,#680,.F.);
#916=ORIENTED_EDGE('',*,*,#677,.F.);
#917=ORIENTED_EDGE('',*,*,#681,.F.);
#918=ORIENTED_EDGE('',*,*,#687,.T.);
#919=ORIENTED_EDGE('',*,*,#688,.F.);
#920=ORIENTED_EDGE('',*,*,#689,.F.);
#921=ORIENTED_EDGE('',*,*,#690,.F.);
#922=ORIENTED_EDGE('',*,*,#686,.F.);
#923=ORIENTED_EDGE('',*,*,#691,.F.);
#924=ORIENTED_EDGE('',*,*,#692,.F.);
#925=ORIENTED_EDGE('',*,*,#687,.F.);
#926=ORIENTED_EDGE('',*,*,#683,.F.);
#927=ORIENTED_EDGE('',*,*,#657,.F.);
#928=ORIENTED_EDGE('',*,*,#693,.F.);
#929=ORIENTED_EDGE('',*,*,#694,.F.);
#930=ORIENTED_EDGE('',*,*,#695,.T.);
#931=ORIENTED_EDGE('',*,*,#691,.T.);
#932=ORIENTED_EDGE('',*,*,#655,.F.);
#933=ORIENTED_EDGE('',*,*,#696,.F.);
#934=ORIENTED_EDGE('',*,*,#668,.F.);
#935=ORIENTED_EDGE('',*,*,#661,.F.);
#936=ORIENTED_EDGE('',*,*,#659,.F.);
#937=ORIENTED_EDGE('',*,*,#678,.F.);
#938=ORIENTED_EDGE('',*,*,#673,.F.);
#939=ORIENTED_EDGE('',*,*,#671,.F.);
#940=ORIENTED_EDGE('',*,*,#665,.F.);
#941=ORIENTED_EDGE('',*,*,#697,.F.);
#942=ORIENTED_EDGE('',*,*,#698,.T.);
#943=ORIENTED_EDGE('',*,*,#699,.T.);
#944=ORIENTED_EDGE('',*,*,#700,.T.);
#945=ORIENTED_EDGE('',*,*,#701,.T.);
#946=ORIENTED_EDGE('',*,*,#702,.T.);
#947=ORIENTED_EDGE('',*,*,#703,.T.);
#948=ORIENTED_EDGE('',*,*,#704,.T.);
#949=ORIENTED_EDGE('',*,*,#701,.F.);
#950=ORIENTED_EDGE('',*,*,#705,.F.);
#951=ORIENTED_EDGE('',*,*,#698,.F.);
#952=ORIENTED_EDGE('',*,*,#704,.F.);
#953=ORIENTED_EDGE('',*,*,#706,.F.);
#954=ORIENTED_EDGE('',*,*,#707,.F.);
#955=ORIENTED_EDGE('',*,*,#708,.T.);
#956=ORIENTED_EDGE('',*,*,#709,.F.);
#957=ORIENTED_EDGE('',*,*,#710,.T.);
#958=ORIENTED_EDGE('',*,*,#711,.T.);
#959=ORIENTED_EDGE('',*,*,#712,.T.);
#960=ORIENTED_EDGE('',*,*,#713,.T.);
#961=ORIENTED_EDGE('',*,*,#714,.T.);
#962=ORIENTED_EDGE('',*,*,#715,.T.);
#963=ORIENTED_EDGE('',*,*,#716,.T.);
#964=ORIENTED_EDGE('',*,*,#713,.F.);
#965=ORIENTED_EDGE('',*,*,#717,.F.);
#966=ORIENTED_EDGE('',*,*,#710,.F.);
#967=ORIENTED_EDGE('',*,*,#716,.F.);
#968=ORIENTED_EDGE('',*,*,#718,.F.);
#969=ORIENTED_EDGE('',*,*,#719,.F.);
#970=ORIENTED_EDGE('',*,*,#720,.F.);
#971=ORIENTED_EDGE('',*,*,#721,.F.);
#972=ORIENTED_EDGE('',*,*,#722,.T.);
#973=ORIENTED_EDGE('',*,*,#723,.T.);
#974=ORIENTED_EDGE('',*,*,#724,.T.);
#975=ORIENTED_EDGE('',*,*,#725,.T.);
#976=ORIENTED_EDGE('',*,*,#726,.T.);
#977=ORIENTED_EDGE('',*,*,#727,.T.);
#978=ORIENTED_EDGE('',*,*,#728,.T.);
#979=ORIENTED_EDGE('',*,*,#729,.T.);
#980=ORIENTED_EDGE('',*,*,#730,.T.);
#981=ORIENTED_EDGE('',*,*,#731,.T.);
#982=ORIENTED_EDGE('',*,*,#732,.T.);
#983=ORIENTED_EDGE('',*,*,#733,.T.);
#984=ORIENTED_EDGE('',*,*,#734,.T.);
#985=ORIENTED_EDGE('',*,*,#735,.T.);
#986=ORIENTED_EDGE('',*,*,#726,.F.);
#987=ORIENTED_EDGE('',*,*,#723,.F.);
#988=ORIENTED_EDGE('',*,*,#727,.F.);
#989=ORIENTED_EDGE('',*,*,#736,.T.);
#990=ORIENTED_EDGE('',*,*,#737,.F.);
#991=ORIENTED_EDGE('',*,*,#734,.F.);
#992=ORIENTED_EDGE('',*,*,#738,.F.);
#993=ORIENTED_EDGE('',*,*,#736,.F.);
#994=ORIENTED_EDGE('',*,*,#739,.T.);
#995=ORIENTED_EDGE('',*,*,#740,.T.);
#996=ORIENTED_EDGE('',*,*,#732,.F.);
#997=ORIENTED_EDGE('',*,*,#729,.F.);
#998=ORIENTED_EDGE('',*,*,#733,.F.);
#999=ORIENTED_EDGE('',*,*,#741,.T.);
#1000=ORIENTED_EDGE('',*,*,#742,.F.);
#1001=ORIENTED_EDGE('',*,*,#739,.F.);
#1002=ORIENTED_EDGE('',*,*,#743,.F.);
#1003=ORIENTED_EDGE('',*,*,#741,.F.);
#1004=ORIENTED_EDGE('',*,*,#670,.F.);
#1005=ORIENTED_EDGE('',*,*,#744,.F.);
#1006=ORIENTED_EDGE('',*,*,#745,.T.);
#1007=ORIENTED_EDGE('',*,*,#746,.T.);
#1008=ORIENTED_EDGE('',*,*,#667,.F.);
#1009=ORIENTED_EDGE('',*,*,#746,.F.);
#1010=ORIENTED_EDGE('',*,*,#747,.F.);
#1011=ORIENTED_EDGE('',*,*,#748,.T.);
#1012=ORIENTED_EDGE('',*,*,#749,.F.);
#1013=ORIENTED_EDGE('',*,*,#750,.F.);
#1014=ORIENTED_EDGE('',*,*,#751,.F.);
#1015=ORIENTED_EDGE('',*,*,#752,.F.);
#1016=ORIENTED_EDGE('',*,*,#720,.T.);
#1017=ORIENTED_EDGE('',*,*,#753,.F.);
#1018=ORIENTED_EDGE('',*,*,#619,.F.);
#1019=ORIENTED_EDGE('',*,*,#754,.T.);
#1020=ORIENTED_EDGE('',*,*,#755,.F.);
#1021=ORIENTED_EDGE('',*,*,#756,.F.);
#1022=ORIENTED_EDGE('',*,*,#747,.T.);
#1023=ORIENTED_EDGE('',*,*,#745,.F.);
#1024=ORIENTED_EDGE('',*,*,#751,.T.);
#1025=ORIENTED_EDGE('',*,*,#755,.T.);
#1026=ORIENTED_EDGE('',*,*,#757,.T.);
#1027=ORIENTED_EDGE('',*,*,#758,.T.);
#1028=ORIENTED_EDGE('',*,*,#663,.F.);
#1029=ORIENTED_EDGE('',*,*,#750,.T.);
#1030=ORIENTED_EDGE('',*,*,#759,.F.);
#1031=ORIENTED_EDGE('',*,*,#760,.F.);
#1032=ORIENTED_EDGE('',*,*,#761,.F.);
#1033=ORIENTED_EDGE('',*,*,#762,.F.);
#1034=ORIENTED_EDGE('',*,*,#708,.F.);
#1035=ORIENTED_EDGE('',*,*,#763,.F.);
#1036=ORIENTED_EDGE('',*,*,#626,.F.);
#1037=ORIENTED_EDGE('',*,*,#764,.F.);
#1038=ORIENTED_EDGE('',*,*,#765,.T.);
#1039=ORIENTED_EDGE('',*,*,#766,.T.);
#1040=ORIENTED_EDGE('',*,*,#623,.F.);
#1041=ORIENTED_EDGE('',*,*,#766,.F.);
#1042=ORIENTED_EDGE('',*,*,#767,.F.);
#1043=ORIENTED_EDGE('',*,*,#768,.F.);
#1044=ORIENTED_EDGE('',*,*,#757,.F.);
#1045=ORIENTED_EDGE('',*,*,#754,.F.);
#1046=ORIENTED_EDGE('',*,*,#767,.T.);
#1047=ORIENTED_EDGE('',*,*,#765,.F.);
#1048=ORIENTED_EDGE('',*,*,#761,.T.);
#1049=ORIENTED_EDGE('',*,*,#759,.T.);
#1050=ORIENTED_EDGE('',*,*,#749,.T.);
#1051=ORIENTED_EDGE('',*,*,#769,.T.);
#1052=ORIENTED_EDGE('',*,*,#709,.T.);
#1053=ORIENTED_EDGE('',*,*,#770,.T.);
#1054=ORIENTED_EDGE('',*,*,#645,.T.);
#1055=ORIENTED_EDGE('',*,*,#771,.F.);
#1056=ORIENTED_EDGE('',*,*,#699,.F.);
#1057=ORIENTED_EDGE('',*,*,#705,.T.);
#1058=ORIENTED_EDGE('',*,*,#631,.F.);
#1059=ORIENTED_EDGE('',*,*,#646,.T.);
#1060=ORIENTED_EDGE('',*,*,#770,.F.);
#1061=ORIENTED_EDGE('',*,*,#762,.T.);
#1062=ORIENTED_EDGE('',*,*,#764,.T.);
#1063=ORIENTED_EDGE('',*,*,#658,.F.);
#1064=ORIENTED_EDGE('',*,*,#760,.T.);
#1065=ORIENTED_EDGE('',*,*,#763,.T.);
#1066=ORIENTED_EDGE('',*,*,#772,.T.);
#1067=ORIENTED_EDGE('',*,*,#693,.T.);
#1068=ORIENTED_EDGE('',*,*,#773,.T.);
#1069=ORIENTED_EDGE('',*,*,#694,.T.);
#1070=ORIENTED_EDGE('',*,*,#772,.F.);
#1071=ORIENTED_EDGE('',*,*,#707,.T.);
#1072=ORIENTED_EDGE('',*,*,#706,.T.);
#1073=ORIENTED_EDGE('',*,*,#703,.F.);
#1074=ORIENTED_EDGE('',*,*,#614,.F.);
#1075=ORIENTED_EDGE('',*,*,#756,.T.);
#1076=ORIENTED_EDGE('',*,*,#753,.T.);
#1077=ORIENTED_EDGE('',*,*,#774,.T.);
#1078=ORIENTED_EDGE('',*,*,#649,.T.);
#1079=ORIENTED_EDGE('',*,*,#775,.T.);
#1080=ORIENTED_EDGE('',*,*,#650,.T.);
#1081=ORIENTED_EDGE('',*,*,#774,.F.);
#1082=ORIENTED_EDGE('',*,*,#719,.T.);
#1083=ORIENTED_EDGE('',*,*,#718,.T.);
#1084=ORIENTED_EDGE('',*,*,#715,.F.);
#1085=ORIENTED_EDGE('',*,*,#721,.T.);
#1086=ORIENTED_EDGE('',*,*,#776,.T.);
#1087=ORIENTED_EDGE('',*,*,#689,.T.);
#1088=ORIENTED_EDGE('',*,*,#777,.F.);
#1089=ORIENTED_EDGE('',*,*,#711,.F.);
#1090=ORIENTED_EDGE('',*,*,#717,.T.);
#1091=ORIENTED_EDGE('',*,*,#675,.F.);
#1092=ORIENTED_EDGE('',*,*,#690,.T.);
#1093=ORIENTED_EDGE('',*,*,#776,.F.);
#1094=ORIENTED_EDGE('',*,*,#752,.T.);
#1095=ORIENTED_EDGE('',*,*,#744,.T.);
#1096=ORIENTED_EDGE('',*,*,#758,.F.);
#1097=ORIENTED_EDGE('',*,*,#768,.T.);
#1098=ORIENTED_EDGE('',*,*,#769,.F.);
#1099=ORIENTED_EDGE('',*,*,#748,.F.);
#1100=ORIENTED_EDGE('',*,*,#714,.F.);
#1101=ORIENTED_EDGE('',*,*,#778,.F.);
#1102=ORIENTED_EDGE('',*,*,#779,.T.);
#1103=ORIENTED_EDGE('',*,*,#780,.F.);
#1104=ORIENTED_EDGE('',*,*,#781,.T.);
#1105=ORIENTED_EDGE('',*,*,#651,.F.);
#1106=ORIENTED_EDGE('',*,*,#775,.F.);
#1107=ORIENTED_EDGE('',*,*,#712,.F.);
#1108=ORIENTED_EDGE('',*,*,#777,.T.);
#1109=ORIENTED_EDGE('',*,*,#688,.T.);
#1110=ORIENTED_EDGE('',*,*,#782,.T.);
#1111=ORIENTED_EDGE('',*,*,#783,.T.);
#1112=ORIENTED_EDGE('',*,*,#784,.T.);
#1113=ORIENTED_EDGE('',*,*,#778,.T.);
#1114=ORIENTED_EDGE('',*,*,#780,.T.);
#1115=ORIENTED_EDGE('',*,*,#785,.T.);
#1116=ORIENTED_EDGE('',*,*,#783,.F.);
#1117=ORIENTED_EDGE('',*,*,#786,.T.);
#1118=ORIENTED_EDGE('',*,*,#779,.F.);
#1119=ORIENTED_EDGE('',*,*,#784,.F.);
#1120=ORIENTED_EDGE('',*,*,#785,.F.);
#1121=ORIENTED_EDGE('',*,*,#702,.F.);
#1122=ORIENTED_EDGE('',*,*,#787,.F.);
#1123=ORIENTED_EDGE('',*,*,#788,.T.);
#1124=ORIENTED_EDGE('',*,*,#789,.F.);
#1125=ORIENTED_EDGE('',*,*,#790,.T.);
#1126=ORIENTED_EDGE('',*,*,#695,.F.);
#1127=ORIENTED_EDGE('',*,*,#773,.F.);
#1128=ORIENTED_EDGE('',*,*,#700,.F.);
#1129=ORIENTED_EDGE('',*,*,#771,.T.);
#1130=ORIENTED_EDGE('',*,*,#644,.T.);
#1131=ORIENTED_EDGE('',*,*,#791,.T.);
#1132=ORIENTED_EDGE('',*,*,#792,.T.);
#1133=ORIENTED_EDGE('',*,*,#793,.T.);
#1134=ORIENTED_EDGE('',*,*,#787,.T.);
#1135=ORIENTED_EDGE('',*,*,#789,.T.);
#1136=ORIENTED_EDGE('',*,*,#794,.T.);
#1137=ORIENTED_EDGE('',*,*,#792,.F.);
#1138=ORIENTED_EDGE('',*,*,#795,.T.);
#1139=ORIENTED_EDGE('',*,*,#788,.F.);
#1140=ORIENTED_EDGE('',*,*,#793,.F.);
#1141=ORIENTED_EDGE('',*,*,#794,.F.);
#1142=ORIENTED_EDGE('',*,*,#782,.F.);
#1143=ORIENTED_EDGE('',*,*,#692,.T.);
#1144=ORIENTED_EDGE('',*,*,#790,.F.);
#1145=ORIENTED_EDGE('',*,*,#796,.F.);
#1146=ORIENTED_EDGE('',*,*,#786,.F.);
#1147=ORIENTED_EDGE('',*,*,#796,.T.);
#1148=ORIENTED_EDGE('',*,*,#795,.F.);
#1149=ORIENTED_EDGE('',*,*,#797,.F.);
#1150=ORIENTED_EDGE('',*,*,#781,.F.);
#1151=ORIENTED_EDGE('',*,*,#797,.T.);
#1152=ORIENTED_EDGE('',*,*,#791,.F.);
#1153=ORIENTED_EDGE('',*,*,#648,.T.);
#1154=ORIENTED_EDGE('',*,*,#652,.T.);
#1155=ORIENTED_EDGE('',*,*,#638,.F.);
#1156=ORIENTED_EDGE('',*,*,#641,.F.);
#1157=ORIENTED_EDGE('',*,*,#635,.F.);
#1158=ORIENTED_EDGE('',*,*,#653,.T.);
#1159=ORIENTED_EDGE('',*,*,#620,.T.);
#1160=ORIENTED_EDGE('',*,*,#798,.T.);
#1161=ORIENTED_EDGE('',*,*,#730,.F.);
#1162=ORIENTED_EDGE('',*,*,#728,.F.);
#1163=ORIENTED_EDGE('',*,*,#731,.F.);
#1164=ORIENTED_EDGE('',*,*,#798,.F.);
#1165=ORIENTED_EDGE('',*,*,#625,.T.);
#1166=ORIENTED_EDGE('',*,*,#740,.F.);
#1167=ORIENTED_EDGE('',*,*,#742,.T.);
#1168=ORIENTED_EDGE('',*,*,#799,.T.);
#1169=ORIENTED_EDGE('',*,*,#800,.T.);
#1170=ORIENTED_EDGE('',*,*,#799,.F.);
#1171=ORIENTED_EDGE('',*,*,#743,.T.);
#1172=ORIENTED_EDGE('',*,*,#800,.F.);
#1173=ORIENTED_EDGE('',*,*,#696,.T.);
#1174=ORIENTED_EDGE('',*,*,#682,.F.);
#1175=ORIENTED_EDGE('',*,*,#685,.F.);
#1176=ORIENTED_EDGE('',*,*,#679,.F.);
#1177=ORIENTED_EDGE('',*,*,#697,.T.);
#1178=ORIENTED_EDGE('',*,*,#664,.T.);
#1179=ORIENTED_EDGE('',*,*,#801,.T.);
#1180=ORIENTED_EDGE('',*,*,#724,.F.);
#1181=ORIENTED_EDGE('',*,*,#722,.F.);
#1182=ORIENTED_EDGE('',*,*,#725,.F.);
#1183=ORIENTED_EDGE('',*,*,#801,.F.);
#1184=ORIENTED_EDGE('',*,*,#669,.T.);
#1185=ORIENTED_EDGE('',*,*,#735,.F.);
#1186=ORIENTED_EDGE('',*,*,#737,.T.);
#1187=ORIENTED_EDGE('',*,*,#802,.T.);
#1188=ORIENTED_EDGE('',*,*,#803,.T.);
#1189=ORIENTED_EDGE('',*,*,#802,.F.);
#1190=ORIENTED_EDGE('',*,*,#738,.T.);
#1191=ORIENTED_EDGE('',*,*,#803,.F.);
#1192=TOROIDAL_SURFACE('',#1384,1.095,0.15);
#1193=TOROIDAL_SURFACE('',#1401,1.095,0.15);
#1194=TOROIDAL_SURFACE('',#1405,1.095,0.15);
#1195=TOROIDAL_SURFACE('',#1408,1.095,0.15);
#1196=TOROIDAL_SURFACE('',#1421,1.095,0.15);
#1197=TOROIDAL_SURFACE('',#1438,1.095,0.15);
#1198=TOROIDAL_SURFACE('',#1442,1.095,0.15);
#1199=TOROIDAL_SURFACE('',#1445,1.095,0.15);
#1200=STYLED_ITEM('',(#3102),#1281);
#1201=STYLED_ITEM('',(#3102),#1282);
#1202=STYLED_ITEM('',(#3102),#1283);
#1203=STYLED_ITEM('',(#3102),#1284);
#1204=STYLED_ITEM('',(#3102),#1285);
#1205=STYLED_ITEM('',(#3102),#1286);
#1206=STYLED_ITEM('',(#3102),#1287);
#1207=STYLED_ITEM('',(#3102),#1288);
#1208=STYLED_ITEM('',(#3102),#1289);
#1209=STYLED_ITEM('',(#3102),#1290);
#1210=STYLED_ITEM('',(#3102),#1291);
#1211=STYLED_ITEM('',(#3102),#1292);
#1212=STYLED_ITEM('',(#3102),#1293);
#1213=STYLED_ITEM('',(#3102),#1294);
#1214=STYLED_ITEM('',(#3102),#1295);
#1215=STYLED_ITEM('',(#3102),#1296);
#1216=STYLED_ITEM('',(#3102),#1297);
#1217=STYLED_ITEM('',(#3102),#1298);
#1218=STYLED_ITEM('',(#3102),#1299);
#1219=STYLED_ITEM('',(#3102),#1300);
#1220=STYLED_ITEM('',(#3102),#1301);
#1221=STYLED_ITEM('',(#3102),#1302);
#1222=STYLED_ITEM('',(#3102),#1303);
#1223=STYLED_ITEM('',(#3102),#1304);
#1224=STYLED_ITEM('',(#3102),#1305);
#1225=STYLED_ITEM('',(#3102),#1306);
#1226=STYLED_ITEM('',(#3102),#1307);
#1227=STYLED_ITEM('',(#3102),#1308);
#1228=STYLED_ITEM('',(#3102),#1309);
#1229=STYLED_ITEM('',(#3102),#1310);
#1230=STYLED_ITEM('',(#3102),#1311);
#1231=STYLED_ITEM('',(#3102),#1312);
#1232=STYLED_ITEM('',(#3102),#1313);
#1233=STYLED_ITEM('',(#3102),#1314);
#1234=STYLED_ITEM('',(#3102),#1315);
#1235=STYLED_ITEM('',(#3102),#1316);
#1236=STYLED_ITEM('',(#3103),#1317);
#1237=STYLED_ITEM('',(#3103),#1318);
#1238=STYLED_ITEM('',(#3103),#1319);
#1239=STYLED_ITEM('',(#3103),#1320);
#1240=STYLED_ITEM('',(#3103),#1321);
#1241=STYLED_ITEM('',(#3103),#1322);
#1242=STYLED_ITEM('',(#3103),#1323);
#1243=STYLED_ITEM('',(#3103),#1324);
#1244=STYLED_ITEM('',(#3102),#1325);
#1245=STYLED_ITEM('',(#3102),#1326);
#1246=STYLED_ITEM('',(#3102),#1327);
#1247=STYLED_ITEM('',(#3102),#1328);
#1248=STYLED_ITEM('',(#3102),#1329);
#1249=STYLED_ITEM('',(#3102),#1330);
#1250=STYLED_ITEM('',(#3102),#1331);
#1251=STYLED_ITEM('',(#3102),#1332);
#1252=STYLED_ITEM('',(#3102),#1333);
#1253=STYLED_ITEM('',(#3102),#1334);
#1254=STYLED_ITEM('',(#3102),#1335);
#1255=STYLED_ITEM('',(#3102),#1336);
#1256=STYLED_ITEM('',(#3102),#1337);
#1257=STYLED_ITEM('',(#3102),#1338);
#1258=STYLED_ITEM('',(#3102),#1339);
#1259=STYLED_ITEM('',(#3102),#1340);
#1260=STYLED_ITEM('',(#3102),#1341);
#1261=STYLED_ITEM('',(#3102),#1342);
#1262=STYLED_ITEM('',(#3102),#1343);
#1263=STYLED_ITEM('',(#3102),#1344);
#1264=STYLED_ITEM('',(#3102),#1345);
#1265=STYLED_ITEM('',(#3102),#1346);
#1266=STYLED_ITEM('',(#3102),#1347);
#1267=STYLED_ITEM('',(#3102),#1348);
#1268=STYLED_ITEM('',(#3102),#1349);
#1269=STYLED_ITEM('',(#3102),#1350);
#1270=STYLED_ITEM('',(#3102),#1351);
#1271=STYLED_ITEM('',(#3102),#1352);
#1272=STYLED_ITEM('',(#3102),#1353);
#1273=STYLED_ITEM('',(#3102),#1354);
#1274=STYLED_ITEM('',(#3103),#1355);
#1275=STYLED_ITEM('',(#3103),#1356);
#1276=STYLED_ITEM('',(#3103),#1357);
#1277=STYLED_ITEM('',(#3103),#1358);
#1278=STYLED_ITEM('',(#3103),#1359);
#1279=STYLED_ITEM('',(#3103),#1360);
#1280=STYLED_ITEM('',(#3101),#13);
#1281=ADVANCED_FACE('',(#268),#1192,.T.);
#1282=ADVANCED_FACE('',(#269),#258,.F.);
#1283=ADVANCED_FACE('',(#270),#259,.F.);
#1284=ADVANCED_FACE('',(#271),#179,.T.);
#1285=ADVANCED_FACE('',(#272),#260,.F.);
#1286=ADVANCED_FACE('',(#273),#261,.F.);
#1287=ADVANCED_FACE('',(#274),#1193,.T.);
#1288=ADVANCED_FACE('',(#275),#1194,.T.);
#1289=ADVANCED_FACE('',(#276),#1195,.T.);
#1290=ADVANCED_FACE('',(#277),#180,.T.);
#1291=ADVANCED_FACE('',(#278),#181,.T.);
#1292=ADVANCED_FACE('',(#279),#28,.T.);
#1293=ADVANCED_FACE('',(#280),#182,.T.);
#1294=ADVANCED_FACE('',(#281),#29,.T.);
#1295=ADVANCED_FACE('',(#282),#30,.T.);
#1296=ADVANCED_FACE('',(#283),#1196,.T.);
#1297=ADVANCED_FACE('',(#284),#262,.F.);
#1298=ADVANCED_FACE('',(#285),#263,.F.);
#1299=ADVANCED_FACE('',(#286),#183,.T.);
#1300=ADVANCED_FACE('',(#287),#264,.F.);
#1301=ADVANCED_FACE('',(#288),#265,.F.);
#1302=ADVANCED_FACE('',(#289),#1197,.T.);
#1303=ADVANCED_FACE('',(#290),#1198,.T.);
#1304=ADVANCED_FACE('',(#291),#1199,.T.);
#1305=ADVANCED_FACE('',(#292),#184,.T.);
#1306=ADVANCED_FACE('',(#293),#185,.T.);
#1307=ADVANCED_FACE('',(#294),#31,.T.);
#1308=ADVANCED_FACE('',(#295),#186,.T.);
#1309=ADVANCED_FACE('',(#296),#32,.T.);
#1310=ADVANCED_FACE('',(#297),#33,.T.);
#1311=ADVANCED_FACE('',(#298),#14,.F.);
#1312=ADVANCED_FACE('',(#299),#15,.F.);
#1313=ADVANCED_FACE('',(#300),#187,.F.);
#1314=ADVANCED_FACE('',(#301),#16,.F.);
#1315=ADVANCED_FACE('',(#302),#17,.F.);
#1316=ADVANCED_FACE('',(#303),#188,.F.);
#1317=ADVANCED_FACE('',(#304),#18,.T.);
#1318=ADVANCED_FACE('',(#305),#19,.F.);
#1319=ADVANCED_FACE('',(#306),#20,.T.);
#1320=ADVANCED_FACE('',(#307),#21,.F.);
#1321=ADVANCED_FACE('',(#308),#22,.F.);
#1322=ADVANCED_FACE('',(#309),#189,.T.);
#1323=ADVANCED_FACE('',(#310),#23,.F.);
#1324=ADVANCED_FACE('',(#311),#190,.T.);
#1325=ADVANCED_FACE('',(#312),#191,.T.);
#1326=ADVANCED_FACE('',(#313),#34,.T.);
#1327=ADVANCED_FACE('',(#314),#35,.F.);
#1328=ADVANCED_FACE('',(#315),#192,.T.);
#1329=ADVANCED_FACE('',(#316),#193,.T.);
#1330=ADVANCED_FACE('',(#317),#194,.T.);
#1331=ADVANCED_FACE('',(#318),#36,.F.);
#1332=ADVANCED_FACE('',(#319),#195,.T.);
#1333=ADVANCED_FACE('',(#320),#37,.T.);
#1334=ADVANCED_FACE('',(#321),#196,.T.);
#1335=ADVANCED_FACE('',(#322),#24,.F.);
#1336=ADVANCED_FACE('',(#323),#197,.T.);
#1337=ADVANCED_FACE('',(#324),#198,.T.);
#1338=ADVANCED_FACE('',(#325),#25,.F.);
#1339=ADVANCED_FACE('',(#326),#199,.T.);
#1340=ADVANCED_FACE('',(#327),#26,.F.);
#1341=ADVANCED_FACE('',(#328),#27,.F.);
#1342=ADVANCED_FACE('',(#329),#200,.T.);
#1343=ADVANCED_FACE('',(#330),#38,.T.);
#1344=ADVANCED_FACE('',(#331),#201,.T.);
#1345=ADVANCED_FACE('',(#332),#202,.T.);
#1346=ADVANCED_FACE('',(#333),#266,.F.);
#1347=ADVANCED_FACE('',(#334),#39,.F.);
#1348=ADVANCED_FACE('',(#335),#203,.T.);
#1349=ADVANCED_FACE('',(#336),#204,.T.);
#1350=ADVANCED_FACE('',(#337),#267,.F.);
#1351=ADVANCED_FACE('',(#338),#40,.T.);
#1352=ADVANCED_FACE('',(#339),#41,.T.);
#1353=ADVANCED_FACE('',(#340),#205,.T.);
#1354=ADVANCED_FACE('',(#341),#42,.T.);
#1355=ADVANCED_FACE('',(#342),#206,.T.);
#1356=ADVANCED_FACE('',(#343),#207,.T.);
#1357=ADVANCED_FACE('',(#344),#43,.F.);
#1358=ADVANCED_FACE('',(#345),#208,.T.);
#1359=ADVANCED_FACE('',(#346),#209,.T.);
#1360=ADVANCED_FACE('',(#347),#44,.F.);
#1361=CLOSED_SHELL('',(#1281,#1282,#1283,#1284,#1285,#1286,#1287,#1288,
#1289,#1290,#1291,#1292,#1293,#1294,#1295,#1296,#1297,#1298,#1299,#1300,
#1301,#1302,#1303,#1304,#1305,#1306,#1307,#1308,#1309,#1310,#1311,#1312,
#1313,#1314,#1315,#1316,#1317,#1318,#1319,#1320,#1321,#1322,#1323,#1324,
#1325,#1326,#1327,#1328,#1329,#1330,#1331,#1332,#1333,#1334,#1335,#1336,
#1337,#1338,#1339,#1340,#1341,#1342,#1343,#1344,#1345,#1346,#1347,#1348,
#1349,#1350,#1351,#1352,#1353,#1354,#1355,#1356,#1357,#1358,#1359,#1360));
#1362=DERIVED_UNIT_ELEMENT(#1365,1.);
#1363=DERIVED_UNIT_ELEMENT(#3087,-3.);
#1364=DIMENSIONAL_EXPONENTS(0.,1.,0.,0.,0.,0.,0.);
#1365=(
CONVERSION_BASED_UNIT('gram',#1367)
MASS_UNIT()
NAMED_UNIT(#1364)
);
#1366=(
MASS_UNIT()
NAMED_UNIT(*)
SI_UNIT(.KILO.,.GRAM.)
);
#1367=MASS_MEASURE_WITH_UNIT(MASS_MEASURE(0.001),#1366);
#1368=DERIVED_UNIT((#1362,#1363));
#1369=MEASURE_REPRESENTATION_ITEM('density measure',
POSITIVE_RATIO_MEASURE(1.),#1368);
#1370=PROPERTY_DEFINITION_REPRESENTATION(#1375,#1372);
#1371=PROPERTY_DEFINITION_REPRESENTATION(#1376,#1373);
#1372=REPRESENTATION('material name',(#1374),#3084);
#1373=REPRESENTATION('density',(#1369),#3084);
#1374=DESCRIPTIVE_REPRESENTATION_ITEM('Generic','Generic');
#1375=PROPERTY_DEFINITION('material property','material name',#3094);
#1376=PROPERTY_DEFINITION('material property','density of part',#3094);
#1377=DATE_TIME_ROLE('creation_date');
#1378=APPLIED_DATE_AND_TIME_ASSIGNMENT(#1379,#1377,(#3094));
#1379=DATE_AND_TIME(#1380,#1381);
#1380=CALENDAR_DATE(2026,6,2);
#1381=LOCAL_TIME(0,0,0.,#1382);
#1382=COORDINATED_UNIVERSAL_TIME_OFFSET(0,0,.BEHIND.);
#1383=AXIS2_PLACEMENT_3D('',#1884,#1532,#1533);
#1384=AXIS2_PLACEMENT_3D('',#1885,#1534,#1535);
#1385=AXIS2_PLACEMENT_3D('',#1888,#1536,#1537);
#1386=AXIS2_PLACEMENT_3D('',#1890,#1538,#1539);
#1387=AXIS2_PLACEMENT_3D('',#1892,#1540,#1541);
#1388=AXIS2_PLACEMENT_3D('',#1893,#1542,#1543);
#1389=AXIS2_PLACEMENT_3D('',#1904,#1544,#1545);
#1390=AXIS2_PLACEMENT_3D('',#1906,#1546,#1547);
#1391=AXIS2_PLACEMENT_3D('',#1929,#1548,#1549);
#1392=AXIS2_PLACEMENT_3D('',#1931,#1550,#1551);
#1393=AXIS2_PLACEMENT_3D('',#1932,#1552,#1553);
#1394=AXIS2_PLACEMENT_3D('',#1933,#1554,#1555);
#1395=AXIS2_PLACEMENT_3D('',#1949,#1557,#1558);
#1396=AXIS2_PLACEMENT_3D('',#1973,#1561,#1562);
#1397=AXIS2_PLACEMENT_3D('',#1975,#1563,#1564);
#1398=AXIS2_PLACEMENT_3D('',#1998,#1565,#1566);
#1399=AXIS2_PLACEMENT_3D('',#2000,#1567,#1568);
#1400=AXIS2_PLACEMENT_3D('',#2001,#1569,#1570);
#1401=AXIS2_PLACEMENT_3D('',#2002,#1571,#1572);
#1402=AXIS2_PLACEMENT_3D('',#2005,#1573,#1574);
#1403=AXIS2_PLACEMENT_3D('',#2006,#1575,#1576);
#1404=AXIS2_PLACEMENT_3D('',#2007,#1577,#1578);
#1405=AXIS2_PLACEMENT_3D('',#2008,#1579,#1580);
#1406=AXIS2_PLACEMENT_3D('',#2021,#1581,#1582);
#1407=AXIS2_PLACEMENT_3D('',#2022,#1583,#1584);
#1408=AXIS2_PLACEMENT_3D('',#2023,#1585,#1586);
#1409=AXIS2_PLACEMENT_3D('',#2038,#1587,#1588);
#1410=AXIS2_PLACEMENT_3D('',#2039,#1589,#1590);
#1411=AXIS2_PLACEMENT_3D('',#2040,#1591,#1592);
#1412=AXIS2_PLACEMENT_3D('',#2048,#1594,#1595);
#1413=AXIS2_PLACEMENT_3D('',#2052,#1597,#1598);
#1414=AXIS2_PLACEMENT_3D('',#2060,#1600,#1601);
#1415=AXIS2_PLACEMENT_3D('',#2064,#1604,#1605);
#1416=AXIS2_PLACEMENT_3D('',#2074,#1607,#1608);
#1417=AXIS2_PLACEMENT_3D('',#2075,#1609,#1610);
#1418=AXIS2_PLACEMENT_3D('',#2076,#1611,#1612);
#1419=AXIS2_PLACEMENT_3D('',#2077,#1613,#1614);
#1420=AXIS2_PLACEMENT_3D('',#2078,#1615,#1616);
#1421=AXIS2_PLACEMENT_3D('',#2079,#1617,#1618);
#1422=AXIS2_PLACEMENT_3D('',#2082,#1619,#1620);
#1423=AXIS2_PLACEMENT_3D('',#2084,#1621,#1622);
#1424=AXIS2_PLACEMENT_3D('',#2086,#1623,#1624);
#1425=AXIS2_PLACEMENT_3D('',#2087,#1625,#1626);
#1426=AXIS2_PLACEMENT_3D('',#2098,#1627,#1628);
#1427=AXIS2_PLACEMENT_3D('',#2100,#1629,#1630);
#1428=AXIS2_PLACEMENT_3D('',#2123,#1631,#1632);
#1429=AXIS2_PLACEMENT_3D('',#2125,#1633,#1634);
#1430=AXIS2_PLACEMENT_3D('',#2126,#1635,#1636);
#1431=AXIS2_PLACEMENT_3D('',#2127,#1637,#1638);
#1432=AXIS2_PLACEMENT_3D('',#2143,#1640,#1641);
#1433=AXIS2_PLACEMENT_3D('',#2167,#1644,#1645);
#1434=AXIS2_PLACEMENT_3D('',#2169,#1646,#1647);
#1435=AXIS2_PLACEMENT_3D('',#2192,#1648,#1649);
#1436=AXIS2_PLACEMENT_3D('',#2194,#1650,#1651);
#1437=AXIS2_PLACEMENT_3D('',#2195,#1652,#1653);
#1438=AXIS2_PLACEMENT_3D('',#2196,#1654,#1655);
#1439=AXIS2_PLACEMENT_3D('',#2199,#1656,#1657);
#1440=AXIS2_PLACEMENT_3D('',#2200,#1658,#1659);
#1441=AXIS2_PLACEMENT_3D('',#2201,#1660,#1661);
#1442=AXIS2_PLACEMENT_3D('',#2202,#1662,#1663);
#1443=AXIS2_PLACEMENT_3D('',#2215,#1664,#1665);
#1444=AXIS2_PLACEMENT_3D('',#2216,#1666,#1667);
#1445=AXIS2_PLACEMENT_3D('',#2217,#1668,#1669);
#1446=AXIS2_PLACEMENT_3D('',#2232,#1670,#1671);
#1447=AXIS2_PLACEMENT_3D('',#2233,#1672,#1673);
#1448=AXIS2_PLACEMENT_3D('',#2234,#1674,#1675);
#1449=AXIS2_PLACEMENT_3D('',#2243,#1677,#1678);
#1450=AXIS2_PLACEMENT_3D('',#2247,#1680,#1681);
#1451=AXIS2_PLACEMENT_3D('',#2255,#1683,#1684);
#1452=AXIS2_PLACEMENT_3D('',#2259,#1687,#1688);
#1453=AXIS2_PLACEMENT_3D('',#2269,#1690,#1691);
#1454=AXIS2_PLACEMENT_3D('',#2270,#1692,#1693);
#1455=AXIS2_PLACEMENT_3D('',#2271,#1694,#1695);
#1456=AXIS2_PLACEMENT_3D('',#2272,#1696,#1697);
#1457=AXIS2_PLACEMENT_3D('',#2273,#1698,#1699);
#1458=AXIS2_PLACEMENT_3D('',#2379,#1700,#1701);
#1459=AXIS2_PLACEMENT_3D('',#2509,#1703,#1704);
#1460=AXIS2_PLACEMENT_3D('',#2556,#1706,#1707);
#1461=AXIS2_PLACEMENT_3D('',#2557,#1708,#1709);
#1462=AXIS2_PLACEMENT_3D('',#2579,#1710,#1711);
#1463=AXIS2_PLACEMENT_3D('',#2580,#1712,#1713);
#1464=AXIS2_PLACEMENT_3D('',#2582,#1714,#1715);
#1465=AXIS2_PLACEMENT_3D('',#2583,#1716,#1717);
#1466=AXIS2_PLACEMENT_3D('',#2606,#1718,#1719);
#1467=AXIS2_PLACEMENT_3D('',#2607,#1720,#1721);
#1468=AXIS2_PLACEMENT_3D('',#2629,#1722,#1723);
#1469=AXIS2_PLACEMENT_3D('',#2630,#1724,#1725);
#1470=AXIS2_PLACEMENT_3D('',#2632,#1726,#1727);
#1471=AXIS2_PLACEMENT_3D('',#2633,#1728,#1729);
#1472=AXIS2_PLACEMENT_3D('',#2656,#1730,#1731);
#1473=AXIS2_PLACEMENT_3D('',#2657,#1732,#1733);
#1474=AXIS2_PLACEMENT_3D('',#2658,#1734,#1735);
#1475=AXIS2_PLACEMENT_3D('',#2661,#1737,#1738);
#1476=AXIS2_PLACEMENT_3D('',#2662,#1739,#1740);
#1477=AXIS2_PLACEMENT_3D('',#2685,#1741,#1742);
#1478=AXIS2_PLACEMENT_3D('',#2686,#1743,#1744);
#1479=AXIS2_PLACEMENT_3D('',#2687,#1745,#1746);
#1480=AXIS2_PLACEMENT_3D('',#2690,#1748,#1749);
#1481=AXIS2_PLACEMENT_3D('',#2691,#1750,#1751);
#1482=AXIS2_PLACEMENT_3D('',#2692,#1752,#1753);
#1483=AXIS2_PLACEMENT_3D('',#2715,#1756,#1757);
#1484=AXIS2_PLACEMENT_3D('',#2717,#1758,#1759);
#1485=AXIS2_PLACEMENT_3D('',#2721,#1761,#1762);
#1486=AXIS2_PLACEMENT_3D('',#2723,#1764,#1765);
#1487=AXIS2_PLACEMENT_3D('',#2728,#1769,#1770);
#1488=AXIS2_PLACEMENT_3D('',#2750,#1773,#1774);
#1489=AXIS2_PLACEMENT_3D('',#2752,#1775,#1776);
#1490=AXIS2_PLACEMENT_3D('',#2754,#1778,#1779);
#1491=AXIS2_PLACEMENT_3D('',#2775,#1781,#1782);
#1492=AXIS2_PLACEMENT_3D('',#2780,#1786,#1787);
#1493=AXIS2_PLACEMENT_3D('',#2802,#1790,#1791);
#1494=AXIS2_PLACEMENT_3D('',#2804,#1792,#1793);
#1495=AXIS2_PLACEMENT_3D('',#2806,#1795,#1796);
#1496=AXIS2_PLACEMENT_3D('',#2833,#1798,#1799);
#1497=AXIS2_PLACEMENT_3D('',#2850,#1800,#1801);
#1498=AXIS2_PLACEMENT_3D('',#2851,#1802,#1803);
#1499=AXIS2_PLACEMENT_3D('',#2852,#1804,#1805);
#1500=AXIS2_PLACEMENT_3D('',#2897,#1806,#1807);
#1501=AXIS2_PLACEMENT_3D('',#2898,#1808,#1809);
#1502=AXIS2_PLACEMENT_3D('',#2968,#1810,#1811);
#1503=AXIS2_PLACEMENT_3D('',#2985,#1812,#1813);
#1504=AXIS2_PLACEMENT_3D('',#2986,#1814,#1815);
#1505=AXIS2_PLACEMENT_3D('',#2987,#1816,#1817);
#1506=AXIS2_PLACEMENT_3D('',#2989,#1818,#1819);
#1507=AXIS2_PLACEMENT_3D('',#2993,#1821,#1822);
#1508=AXIS2_PLACEMENT_3D('',#2995,#1824,#1825);
#1509=AXIS2_PLACEMENT_3D('',#2999,#1827,#1828);
#1510=AXIS2_PLACEMENT_3D('',#3022,#1830,#1831);
#1511=AXIS2_PLACEMENT_3D('',#3023,#1832,#1833);
#1512=AXIS2_PLACEMENT_3D('',#3024,#1834,#1835);
#1513=AXIS2_PLACEMENT_3D('',#3025,#1836,#1837);
#1514=AXIS2_PLACEMENT_3D('',#3027,#1838,#1839);
#1515=AXIS2_PLACEMENT_3D('',#3031,#1841,#1842);
#1516=AXIS2_PLACEMENT_3D('',#3033,#1844,#1845);
#1517=AXIS2_PLACEMENT_3D('',#3037,#1847,#1848);
#1518=AXIS2_PLACEMENT_3D('',#3060,#1850,#1851);
#1519=AXIS2_PLACEMENT_3D('',#3061,#1852,#1853);
#1520=AXIS2_PLACEMENT_3D('',#3062,#1854,#1855);
#1521=AXIS2_PLACEMENT_3D('',#3063,#1856,#1857);
#1522=AXIS2_PLACEMENT_3D('',#3065,#1859,#1860);
#1523=AXIS2_PLACEMENT_3D('',#3067,#1862,#1863);
#1524=AXIS2_PLACEMENT_3D('',#3068,#1864,#1865);
#1525=AXIS2_PLACEMENT_3D('',#3070,#1867,#1868);
#1526=AXIS2_PLACEMENT_3D('',#3073,#1870,#1871);
#1527=AXIS2_PLACEMENT_3D('',#3074,#1872,#1873);
#1528=AXIS2_PLACEMENT_3D('',#3075,#1874,#1875);
#1529=AXIS2_PLACEMENT_3D('',#3077,#1877,#1878);
#1530=AXIS2_PLACEMENT_3D('',#3080,#1880,#1881);
#1531=AXIS2_PLACEMENT_3D('',#3081,#1882,#1883);
#1532=DIRECTION('axis',(0.,0.,1.));
#1533=DIRECTION('refdir',(1.,0.,0.));
#1534=DIRECTION('center_axis',(0.,1.,0.));
#1535=DIRECTION('ref_axis',(0.,0.,1.));
#1536=DIRECTION('center_axis',(-0.160412297825234,-7.98900080495195E-17,
-0.987050097364074));
#1537=DIRECTION('ref_axis',(0.987050097364074,0.,-0.160412297825234));
#1538=DIRECTION('center_axis',(0.,1.,0.));
#1539=DIRECTION('ref_axis',(0.992272929127386,0.,-0.124074308867537));
#1540=DIRECTION('center_axis',(0.246231155778894,0.,0.969211131758086));
#1541=DIRECTION('ref_axis',(0.,-1.,0.));
#1542=DIRECTION('center_axis',(0.,-1.,0.));
#1543=DIRECTION('ref_axis',(0.992272929127386,0.,-0.124074308867537));
#1544=DIRECTION('center_axis',(0.,-1.,0.));
#1545=DIRECTION('ref_axis',(0.613909131802544,0.,-0.789376702145083));
#1546=DIRECTION('center_axis',(0.,1.,0.));
#1547=DIRECTION('ref_axis',(0.613909131802544,0.,-0.789376702145083));
#1548=DIRECTION('center_axis',(0.,1.,0.));
#1549=DIRECTION('ref_axis',(-0.749179449665705,0.,-0.662367082665338));
#1550=DIRECTION('center_axis',(0.,0.,-1.));
#1551=DIRECTION('ref_axis',(0.,-1.,0.));
#1552=DIRECTION('center_axis',(0.,-1.,0.));
#1553=DIRECTION('ref_axis',(-0.749179449665705,0.,-0.662367082665338));
#1554=DIRECTION('center_axis',(0.,0.,1.));
#1555=DIRECTION('ref_axis',(-0.707106781186555,-0.70710678118654,0.));
#1556=DIRECTION('',(0.,0.,1.));
#1557=DIRECTION('center_axis',(0.,0.,-1.));
#1558=DIRECTION('ref_axis',(0.,-1.,0.));
#1559=DIRECTION('',(0.,0.,-1.));
#1560=DIRECTION('',(0.,0.,1.));
#1561=DIRECTION('center_axis',(0.,-1.,0.));
#1562=DIRECTION('ref_axis',(-0.749179449665705,0.,0.662367082665338));
#1563=DIRECTION('center_axis',(0.,1.,0.));
#1564=DIRECTION('ref_axis',(-0.749179449665705,0.,0.662367082665338));
#1565=DIRECTION('center_axis',(0.,1.,0.));
#1566=DIRECTION('ref_axis',(0.613909131802544,0.,0.789376702145083));
#1567=DIRECTION('center_axis',(-0.246231155778895,0.,0.969211131758086));
#1568=DIRECTION('ref_axis',(0.,-1.,0.));
#1569=DIRECTION('center_axis',(0.,-1.,0.));
#1570=DIRECTION('ref_axis',(0.613909131802544,0.,0.789376702145083));
#1571=DIRECTION('center_axis',(0.,1.,0.));
#1572=DIRECTION('ref_axis',(0.,0.,1.));
#1573=DIRECTION('center_axis',(-0.160412297825235,-7.98900080495193E-17,
0.987050097364074));
#1574=DIRECTION('ref_axis',(-9.25185853854317E-16,-1.,-2.31296463463579E-16));
#1575=DIRECTION('center_axis',(0.,-1.,0.));
#1576=DIRECTION('ref_axis',(0.992272929127386,0.,0.124074308867537));
#1577=DIRECTION('center_axis',(0.,1.,0.));
#1578=DIRECTION('ref_axis',(0.992272929127386,0.,0.124074308867537));
#1579=DIRECTION('center_axis',(0.,1.,0.));
#1580=DIRECTION('ref_axis',(0.,0.,1.));
#1581=DIRECTION('center_axis',(0.,0.,1.));
#1582=DIRECTION('ref_axis',(0.,-1.,0.));
#1583=DIRECTION('center_axis',(0.,-1.,0.));
#1584=DIRECTION('ref_axis',(1.,0.,0.));
#1585=DIRECTION('center_axis',(0.,1.,0.));
#1586=DIRECTION('ref_axis',(0.,0.,1.));
#1587=DIRECTION('center_axis',(0.,-1.,0.));
#1588=DIRECTION('ref_axis',(1.,0.,0.));
#1589=DIRECTION('center_axis',(0.,0.,-1.));
#1590=DIRECTION('ref_axis',(1.,0.,0.));
#1591=DIRECTION('center_axis',(0.,0.,1.));
#1592=DIRECTION('ref_axis',(0.707106781186555,-0.70710678118654,0.));
#1593=DIRECTION('',(0.,0.,1.));
#1594=DIRECTION('center_axis',(-4.47153473449925E-16,1.,0.));
#1595=DIRECTION('ref_axis',(0.707106781186548,0.,0.707106781186548));
#1596=DIRECTION('',(-4.47153473449925E-16,1.,0.));
#1597=DIRECTION('center_axis',(0.17364817766693,0.984807753012208,0.));
#1598=DIRECTION('ref_axis',(-0.984807753012208,0.17364817766693,0.));
#1599=DIRECTION('',(-4.47153473449925E-16,1.,0.));
#1600=DIRECTION('center_axis',(1.,4.47153473449925E-16,0.));
#1601=DIRECTION('ref_axis',(-4.47153473449925E-16,1.,0.));
#1602=DIRECTION('',(4.47153473449925E-16,-1.,0.));
#1603=DIRECTION('',(0.,0.,-1.));
#1604=DIRECTION('center_axis',(4.47153473449925E-16,-1.,0.));
#1605=DIRECTION('ref_axis',(0.707106781186548,0.,-0.707106781186548));
#1606=DIRECTION('',(4.47153473449925E-16,-1.,0.));
#1607=DIRECTION('center_axis',(-0.17364817766693,-0.984807753012208,-2.90343682274136E-17));
#1608=DIRECTION('ref_axis',(-0.984807753012208,0.17364817766693,-1.64662084672216E-16));
#1609=DIRECTION('center_axis',(0.,-1.,0.));
#1610=DIRECTION('ref_axis',(1.,0.,0.));
#1611=DIRECTION('center_axis',(0.,-1.,0.));
#1612=DIRECTION('ref_axis',(1.,-1.22827085041018E-17,1.22464679914735E-16));
#1613=DIRECTION('center_axis',(0.,-1.,0.));
#1614=DIRECTION('ref_axis',(1.,0.,0.));
#1615=DIRECTION('center_axis',(0.,-1.,0.));
#1616=DIRECTION('ref_axis',(1.,-1.22827085041018E-17,1.22464679914735E-16));
#1617=DIRECTION('center_axis',(0.,1.,0.));
#1618=DIRECTION('ref_axis',(0.,0.,1.));
#1619=DIRECTION('center_axis',(0.160412297825234,2.96822377464344E-16,0.987050097364074));
#1620=DIRECTION('ref_axis',(-0.987050097364074,0.,0.160412297825234));
#1621=DIRECTION('center_axis',(0.,1.,0.));
#1622=DIRECTION('ref_axis',(-0.992272929127386,0.,0.124074308867538));
#1623=DIRECTION('center_axis',(-0.246231155778895,0.,-0.969211131758086));
#1624=DIRECTION('ref_axis',(0.,-1.,0.));
#1625=DIRECTION('center_axis',(0.,-1.,0.));
#1626=DIRECTION('ref_axis',(-0.992272929127386,0.,0.124074308867538));
#1627=DIRECTION('center_axis',(0.,-1.,0.));
#1628=DIRECTION('ref_axis',(-0.613909131802543,0.,0.789376702145083));
#1629=DIRECTION('center_axis',(0.,1.,0.));
#1630=DIRECTION('ref_axis',(-0.613909131802543,0.,0.789376702145083));
#1631=DIRECTION('center_axis',(0.,1.,0.));
#1632=DIRECTION('ref_axis',(0.749179449665705,0.,0.662367082665338));
#1633=DIRECTION('center_axis',(0.,0.,1.));
#1634=DIRECTION('ref_axis',(0.,-1.,0.));
#1635=DIRECTION('center_axis',(0.,-1.,0.));
#1636=DIRECTION('ref_axis',(0.749179449665705,0.,0.662367082665338));
#1637=DIRECTION('center_axis',(0.,0.,1.));
#1638=DIRECTION('ref_axis',(0.707106781186555,-0.70710678118654,0.));
#1639=DIRECTION('',(0.,0.,-1.));
#1640=DIRECTION('center_axis',(0.,0.,1.));
#1641=DIRECTION('ref_axis',(0.,-1.,0.));
#1642=DIRECTION('',(0.,0.,1.));
#1643=DIRECTION('',(0.,0.,-1.));
#1644=DIRECTION('center_axis',(0.,-1.,0.));
#1645=DIRECTION('ref_axis',(0.749179449665705,0.,-0.662367082665338));
#1646=DIRECTION('center_axis',(0.,1.,0.));
#1647=DIRECTION('ref_axis',(0.749179449665705,0.,-0.662367082665338));
#1648=DIRECTION('center_axis',(0.,1.,0.));
#1649=DIRECTION('ref_axis',(-0.613909131802543,0.,-0.789376702145083));
#1650=DIRECTION('center_axis',(0.246231155778895,0.,-0.969211131758086));
#1651=DIRECTION('ref_axis',(0.,-1.,0.));
#1652=DIRECTION('center_axis',(0.,-1.,0.));
#1653=DIRECTION('ref_axis',(-0.613909131802543,0.,-0.789376702145083));
#1654=DIRECTION('center_axis',(0.,1.,0.));
#1655=DIRECTION('ref_axis',(0.,0.,1.));
#1656=DIRECTION('center_axis',(0.160412297825234,-7.98900080495202E-17,
-0.987050097364074));
#1657=DIRECTION('ref_axis',(9.25185853854317E-16,-1.,2.31296463463579E-16));
#1658=DIRECTION('center_axis',(0.,-1.,0.));
#1659=DIRECTION('ref_axis',(-0.992272929127386,0.,-0.124074308867537));
#1660=DIRECTION('center_axis',(0.,1.,0.));
#1661=DIRECTION('ref_axis',(-0.992272929127386,0.,-0.124074308867537));
#1662=DIRECTION('center_axis',(0.,1.,0.));
#1663=DIRECTION('ref_axis',(0.,0.,1.));
#1664=DIRECTION('center_axis',(0.,0.,-1.));
#1665=DIRECTION('ref_axis',(0.,-1.,0.));
#1666=DIRECTION('center_axis',(0.,-1.,0.));
#1667=DIRECTION('ref_axis',(-1.,0.,0.));
#1668=DIRECTION('center_axis',(0.,1.,0.));
#1669=DIRECTION('ref_axis',(0.,0.,1.));
#1670=DIRECTION('center_axis',(0.,-1.,0.));
#1671=DIRECTION('ref_axis',(-1.,0.,0.));
#1672=DIRECTION('center_axis',(0.,0.,1.));
#1673=DIRECTION('ref_axis',(-1.,0.,0.));
#1674=DIRECTION('center_axis',(0.,0.,1.));
#1675=DIRECTION('ref_axis',(-0.707106781186555,-0.70710678118654,0.));
#1676=DIRECTION('',(0.,0.,-1.));
#1677=DIRECTION('center_axis',(0.,1.,0.));
#1678=DIRECTION('ref_axis',(-0.707106781186548,0.,-0.707106781186548));
#1679=DIRECTION('',(0.,1.,0.));
#1680=DIRECTION('center_axis',(-0.17364817766693,0.984807753012208,0.));
#1681=DIRECTION('ref_axis',(0.984807753012208,0.17364817766693,0.));
#1682=DIRECTION('',(0.,1.,0.));
#1683=DIRECTION('center_axis',(-1.,0.,0.));
#1684=DIRECTION('ref_axis',(0.,-1.,0.));
#1685=DIRECTION('',(0.,-1.,0.));
#1686=DIRECTION('',(0.,0.,1.));
#1687=DIRECTION('center_axis',(0.,-1.,0.));
#1688=DIRECTION('ref_axis',(-0.707106781186548,0.,0.707106781186548));
#1689=DIRECTION('',(0.,-1.,0.));
#1690=DIRECTION('center_axis',(0.17364817766693,-0.984807753012208,0.));
#1691=DIRECTION('ref_axis',(0.984807753012208,0.17364817766693,0.));
#1692=DIRECTION('center_axis',(0.,-1.,0.));
#1693=DIRECTION('ref_axis',(1.,0.,0.));
#1694=DIRECTION('center_axis',(0.,-1.,0.));
#1695=DIRECTION('ref_axis',(-1.,-1.22827085041018E-17,0.));
#1696=DIRECTION('center_axis',(0.,-1.,0.));
#1697=DIRECTION('ref_axis',(1.,0.,0.));
#1698=DIRECTION('center_axis',(0.,-1.,0.));
#1699=DIRECTION('ref_axis',(-1.,-1.22827085041018E-17,0.));
#1700=DIRECTION('center_axis',(1.,0.,0.));
#1701=DIRECTION('ref_axis',(0.,-1.05518492140381E-15,-1.));
#1702=DIRECTION('',(1.,0.,0.));
#1703=DIRECTION('center_axis',(1.,0.,0.));
#1704=DIRECTION('ref_axis',(0.,0.730723120204208,0.682673949700021));
#1705=DIRECTION('',(1.,0.,0.));
#1706=DIRECTION('center_axis',(-0.25569794125689,-0.966756723709221,8.87130442914531E-17));
#1707=DIRECTION('ref_axis',(-0.966756723709221,0.25569794125689,0.));
#1708=DIRECTION('center_axis',(0.0903728046548589,0.995908005881474,-3.135436516493E-17));
#1709=DIRECTION('ref_axis',(-0.995908005881474,0.0903728046548589,0.));
#1710=DIRECTION('center_axis',(-0.0878228363155656,-0.996136109887343,-1.21878668706784E-16));
#1711=DIRECTION('ref_axis',(0.996136109887343,-0.0878228363155656,0.));
#1712=DIRECTION('center_axis',(-0.0878228363155656,-0.996136109887343,-1.21878668706784E-16));
#1713=DIRECTION('ref_axis',(0.996136109887343,-0.0878228363155656,0.));
#1714=DIRECTION('center_axis',(0.258172143853339,0.966098930823428,0.));
#1715=DIRECTION('ref_axis',(0.966098930823428,-0.258172143853339,0.));
#1716=DIRECTION('center_axis',(0.258172143853339,0.966098930823428,0.));
#1717=DIRECTION('ref_axis',(0.966098930823428,-0.258172143853339,0.));
#1718=DIRECTION('center_axis',(0.25569794125689,-0.966756723709221,-8.87130442914531E-17));
#1719=DIRECTION('ref_axis',(0.966756723709221,0.25569794125689,1.18393552724468E-16));
#1720=DIRECTION('center_axis',(-0.0903728046548589,0.995908005881474,0.));
#1721=DIRECTION('ref_axis',(0.995908005881474,0.0903728046548589,1.21963555164797E-16));
#1722=DIRECTION('center_axis',(0.0878228363155656,-0.996136109887343,1.21878668706784E-16));
#1723=DIRECTION('ref_axis',(-0.996136109887343,-0.0878228363155656,-1.21991489848863E-16));
#1724=DIRECTION('center_axis',(0.0878228363155656,-0.996136109887343,1.21878668706784E-16));
#1725=DIRECTION('ref_axis',(-0.996136109887343,-0.0878228363155656,-1.21991489848863E-16));
#1726=DIRECTION('center_axis',(-0.258172143853339,0.966098930823428,0.));
#1727=DIRECTION('ref_axis',(-0.966098930823428,-0.258172143853339,-1.18312996329259E-16));
#1728=DIRECTION('center_axis',(-0.258172143853339,0.966098930823428,0.));
#1729=DIRECTION('ref_axis',(-0.966098930823428,-0.258172143853339,-1.18312996329259E-16));
#1730=DIRECTION('center_axis',(-0.258172143853181,-0.96609893082347,1.45988310634029E-14));
#1731=DIRECTION('ref_axis',(-0.96609893082347,0.258172143853181,0.));
#1732=DIRECTION('center_axis',(0.0878228363153791,0.99613610988736,0.));
#1733=DIRECTION('ref_axis',(-0.99613610988736,0.0878228363153791,0.));
#1734=DIRECTION('center_axis',(0.342020143325669,0.939692620785908,0.));
#1735=DIRECTION('ref_axis',(-0.939692620785908,0.342020143325669,0.));
#1736=DIRECTION('',(-0.342020143325669,-0.939692620785908,0.));
#1737=DIRECTION('center_axis',(-0.173648177666918,-0.98480775301221,0.));
#1738=DIRECTION('ref_axis',(-0.98480775301221,0.173648177666918,0.));
#1739=DIRECTION('center_axis',(-0.173648177666918,-0.98480775301221,0.));
#1740=DIRECTION('ref_axis',(-0.98480775301221,0.173648177666918,0.));
#1741=DIRECTION('center_axis',(0.258172143853181,-0.96609893082347,-1.45988310634029E-14));
#1742=DIRECTION('ref_axis',(0.96609893082347,0.258172143853181,1.18312996329264E-16));
#1743=DIRECTION('center_axis',(-0.0878228363153791,0.99613610988736,0.));
#1744=DIRECTION('ref_axis',(0.99613610988736,0.0878228363153791,1.21991489848865E-16));
#1745=DIRECTION('center_axis',(-0.342020143325669,0.939692620785908,-4.18853873767699E-17));
#1746=DIRECTION('ref_axis',(0.939692620785908,0.342020143325669,1.15079156022785E-16));
#1747=DIRECTION('',(0.342020143325669,-0.939692620785908,4.18853873767699E-17));
#1748=DIRECTION('center_axis',(0.173648177666918,-0.98480775301221,2.12657684957562E-17));
#1749=DIRECTION('ref_axis',(0.98480775301221,0.173648177666918,1.2060416625019E-16));
#1750=DIRECTION('center_axis',(0.173648177666918,-0.98480775301221,2.12657684957562E-17));
#1751=DIRECTION('ref_axis',(0.98480775301221,0.173648177666918,1.2060416625019E-16));
#1752=DIRECTION('center_axis',(4.85722573273506E-16,-1.,0.));
#1753=DIRECTION('ref_axis',(0.122539695602823,0.,-0.992463612935793));
#1754=DIRECTION('',(0.,-1.,0.));
#1755=DIRECTION('',(4.85722573273506E-16,-1.,0.));
#1756=DIRECTION('center_axis',(1.,4.85722573273506E-16,0.));
#1757=DIRECTION('ref_axis',(-4.85722573273506E-16,1.,0.));
#1758=DIRECTION('center_axis',(-1.,-4.85722573273506E-16,0.));
#1759=DIRECTION('ref_axis',(0.,-0.70710678118654,-0.707106781186555));
#1760=DIRECTION('',(0.,0.,1.));
#1761=DIRECTION('center_axis',(-1.,-4.85722573273506E-16,0.));
#1762=DIRECTION('ref_axis',(0.,-0.707106781186546,0.707106781186549));
#1763=DIRECTION('',(-4.85722573273506E-16,1.,1.24209298180534E-16));
#1764=DIRECTION('center_axis',(0.,0.,1.));
#1765=DIRECTION('ref_axis',(0.,-1.,0.));
#1766=DIRECTION('',(1.,0.,0.));
#1767=DIRECTION('',(0.,-1.,0.));
#1768=DIRECTION('',(-4.47153473449925E-16,1.,0.));
#1769=DIRECTION('center_axis',(-5.89805981832114E-16,1.,0.));
#1770=DIRECTION('ref_axis',(-0.122539695602818,0.,-0.992463612935794));
#1771=DIRECTION('',(-5.89805981832114E-16,1.,0.));
#1772=DIRECTION('',(-4.47153473449925E-16,1.,0.));
#1773=DIRECTION('center_axis',(1.,0.,0.));
#1774=DIRECTION('ref_axis',(0.,-0.70710678118654,-0.707106781186555));
#1775=DIRECTION('center_axis',(1.,5.89805981832114E-16,0.));
#1776=DIRECTION('ref_axis',(0.,-0.70710678118654,-0.707106781186555));
#1777=DIRECTION('',(-1.,0.,0.));
#1778=DIRECTION('center_axis',(-4.85722573273506E-16,1.,1.24209298180534E-16));
#1779=DIRECTION('ref_axis',(0.122539695602824,0.,0.992463612935793));
#1780=DIRECTION('',(3.15557653511476E-17,1.,1.24209298180534E-16));
#1781=DIRECTION('center_axis',(0.,1.24209298180534E-16,-1.));
#1782=DIRECTION('ref_axis',(0.,1.,1.24209298180534E-16));
#1783=DIRECTION('',(-1.,0.,0.));
#1784=DIRECTION('',(4.78709238801072E-16,-1.,-1.24209298180534E-16));
#1785=DIRECTION('',(3.15557653511476E-17,1.,1.24209298180534E-16));
#1786=DIRECTION('center_axis',(5.89805981832114E-16,-1.,-1.24209298180534E-16));
#1787=DIRECTION('ref_axis',(-0.122539695602818,0.,0.992463612935794));
#1788=DIRECTION('',(4.78709238801072E-16,-1.,-1.24209298180534E-16));
#1789=DIRECTION('',(5.89805981832114E-16,-1.,-1.24209298180534E-16));
#1790=DIRECTION('center_axis',(-1.,-5.89805981832114E-16,0.));
#1791=DIRECTION('ref_axis',(5.89805981832114E-16,-1.,0.));
#1792=DIRECTION('center_axis',(1.,5.89805981832114E-16,0.));
#1793=DIRECTION('ref_axis',(0.,-0.707106781186546,0.707106781186549));
#1794=DIRECTION('',(0.,0.,1.));
#1795=DIRECTION('center_axis',(-1.,0.,0.));
#1796=DIRECTION('ref_axis',(0.,-0.707106781186546,0.707106781186549));
#1797=DIRECTION('',(1.,0.,0.));
#1798=DIRECTION('center_axis',(2.25644538795105E-15,1.,-8.88178419700125E-15));
#1799=DIRECTION('ref_axis',(0.,8.88178419700125E-15,1.));
#1800=DIRECTION('center_axis',(4.78709238801072E-16,-1.,-1.24209298180534E-16));
#1801=DIRECTION('ref_axis',(0.613909131802543,0.,0.789376702145083));
#1802=DIRECTION('center_axis',(3.15557653511476E-17,1.,1.24209298180534E-16));
#1803=DIRECTION('ref_axis',(-0.613909131802543,0.,0.789376702145083));
#1804=DIRECTION('center_axis',(0.,-1.,0.));
#1805=DIRECTION('ref_axis',(0.,0.,1.));
#1806=DIRECTION('center_axis',(-4.47153473449925E-16,1.,0.));
#1807=DIRECTION('ref_axis',(0.613909131802543,0.,-0.789376702145083));
#1808=DIRECTION('center_axis',(0.,-1.,0.));
#1809=DIRECTION('ref_axis',(0.,0.,-1.));
#1810=DIRECTION('center_axis',(2.25644538795104E-15,1.,-8.88178419700125E-15));
#1811=DIRECTION('ref_axis',(0.,-8.88178419700125E-15,-1.));
#1812=DIRECTION('center_axis',(0.,-1.,0.));
#1813=DIRECTION('ref_axis',(-0.613909131802543,0.,-0.789376702145083));
#1814=DIRECTION('center_axis',(0.,-1.,0.));
#1815=DIRECTION('ref_axis',(1.,0.,0.));
#1816=DIRECTION('center_axis',(-0.342020143325669,-0.939692620785908,0.));
#1817=DIRECTION('ref_axis',(0.664463024388675,-0.241844762647975,-0.707106781186548));
#1818=DIRECTION('center_axis',(-1.,2.47808348096124E-16,0.));
#1819=DIRECTION('ref_axis',(-2.69579943651394E-16,-1.,-3.81243612455576E-17));
#1820=DIRECTION('',(0.342020143325669,0.939692620785908,0.));
#1821=DIRECTION('center_axis',(0.34202014332567,0.939692620785908,0.));
#1822=DIRECTION('ref_axis',(0.939692620785908,-0.34202014332567,0.));
#1823=DIRECTION('',(-0.342020143325669,-0.939692620785908,0.));
#1824=DIRECTION('center_axis',(-0.342020143325668,0.939692620785909,0.));
#1825=DIRECTION('ref_axis',(-0.664463024388675,-0.241844762647975,-0.707106781186548));
#1826=DIRECTION('',(-0.342020143325668,0.939692620785909,0.));
#1827=DIRECTION('center_axis',(0.342020143325668,-0.939692620785909,0.));
#1828=DIRECTION('ref_axis',(-0.939692620785909,-0.342020143325668,0.));
#1829=DIRECTION('',(0.342020143325668,-0.939692620785909,0.));
#1830=DIRECTION('center_axis',(0.,0.,1.));
#1831=DIRECTION('ref_axis',(6.12323399573677E-17,1.,0.));
#1832=DIRECTION('center_axis',(0.,0.,-1.));
#1833=DIRECTION('ref_axis',(6.12323399573677E-17,1.,0.));
#1834=DIRECTION('center_axis',(0.,0.,1.));
#1835=DIRECTION('ref_axis',(1.,0.,0.));
#1836=DIRECTION('center_axis',(0.342020143325668,-0.939692620785909,0.));
#1837=DIRECTION('ref_axis',(-0.664463024388675,-0.241844762647975,0.707106781186548));
#1838=DIRECTION('center_axis',(1.,-2.28746167473346E-16,0.));
#1839=DIRECTION('ref_axis',(-2.15663954921115E-16,-1.,-3.81243612455576E-17));
#1840=DIRECTION('',(-0.342020143325668,0.939692620785909,0.));
#1841=DIRECTION('center_axis',(-0.34202014332567,0.939692620785908,0.));
#1842=DIRECTION('ref_axis',(-0.939692620785908,-0.34202014332567,0.));
#1843=DIRECTION('',(0.342020143325668,-0.939692620785909,0.));
#1844=DIRECTION('center_axis',(0.342020143325669,0.939692620785908,0.));
#1845=DIRECTION('ref_axis',(0.664463024388675,-0.241844762647975,0.707106781186548));
#1846=DIRECTION('',(0.342020143325669,0.939692620785908,0.));
#1847=DIRECTION('center_axis',(-0.342020143325668,-0.939692620785909,0.));
#1848=DIRECTION('ref_axis',(0.939692620785909,-0.342020143325668,0.));
#1849=DIRECTION('',(-0.342020143325669,-0.939692620785908,0.));
#1850=DIRECTION('center_axis',(0.,0.,-1.));
#1851=DIRECTION('ref_axis',(6.12323399573677E-17,1.,0.));
#1852=DIRECTION('center_axis',(0.,0.,1.));
#1853=DIRECTION('ref_axis',(6.12323399573677E-17,1.,0.));
#1854=DIRECTION('center_axis',(0.,0.,1.));
#1855=DIRECTION('ref_axis',(1.,0.,0.));
#1856=DIRECTION('center_axis',(-0.939692620785909,-0.342020143325668,0.));
#1857=DIRECTION('ref_axis',(0.342020143325668,-0.939692620785909,0.));
#1858=DIRECTION('',(0.,0.,1.));
#1859=DIRECTION('center_axis',(0.,0.,1.));
#1860=DIRECTION('ref_axis',(6.12323399573677E-17,1.,0.));
#1861=DIRECTION('',(0.,0.,1.));
#1862=DIRECTION('center_axis',(0.939692620785908,-0.342020143325669,0.));
#1863=DIRECTION('ref_axis',(0.342020143325669,0.939692620785908,0.));
#1864=DIRECTION('center_axis',(1.22827085041018E-17,1.,1.50419796544082E-33));
#1865=DIRECTION('ref_axis',(1.,-1.22827085041018E-17,1.22464679914735E-16));
#1866=DIRECTION('',(-1.22827085041018E-17,-1.,-1.50419796544082E-33));
#1867=DIRECTION('center_axis',(0.,1.,0.));
#1868=DIRECTION('ref_axis',(1.,0.,1.22464679914735E-16));
#1869=DIRECTION('',(0.,-1.,0.));
#1870=DIRECTION('center_axis',(0.,1.,0.));
#1871=DIRECTION('ref_axis',(1.,0.,1.22464679914735E-16));
#1872=DIRECTION('center_axis',(0.,1.,0.));
#1873=DIRECTION('ref_axis',(1.22464679914735E-16,0.,-1.));
#1874=DIRECTION('center_axis',(-1.22827085041018E-17,1.,0.));
#1875=DIRECTION('ref_axis',(-1.,-1.22827085041018E-17,0.));
#1876=DIRECTION('',(1.22827085041018E-17,-1.,0.));
#1877=DIRECTION('center_axis',(0.,1.,0.));
#1878=DIRECTION('ref_axis',(-1.,0.,0.));
#1879=DIRECTION('',(0.,-1.,0.));
#1880=DIRECTION('center_axis',(0.,1.,0.));
#1881=DIRECTION('ref_axis',(-1.,0.,0.));
#1882=DIRECTION('center_axis',(0.,1.,0.));
#1883=DIRECTION('ref_axis',(0.,0.,1.));
#1884=CARTESIAN_POINT('',(0.,0.,0.));
#1885=CARTESIAN_POINT('Origin',(-0.445000000000001,15.15,-0.00499999999999987));
#1886=CARTESIAN_POINT('',(0.783877371218271,15.15,-0.204713310792417));
#1887=CARTESIAN_POINT('',(0.63581985661366,15.,-0.180651466118632));
#1888=CARTESIAN_POINT('Origin',(0.63581985661366,15.15,-0.180651466118632));
#1889=CARTESIAN_POINT('',(0.616286189275103,15.,-0.274623115577889));
#1890=CARTESIAN_POINT('Origin',(-0.445000000000001,15.,-0.00499999999999987));
#1891=CARTESIAN_POINT('',(0.761667859038816,15.15,-0.311557788944723));
#1892=CARTESIAN_POINT('Origin',(0.616286189275103,15.15,-0.274623115577889));
#1893=CARTESIAN_POINT('Origin',(-0.445000000000001,15.15,-0.00499999999999987));
#1894=CARTESIAN_POINT('Ctrl Pts',(0.616286189275103,15.,-0.274623115577889));
#1895=CARTESIAN_POINT('Ctrl Pts',(0.597136453204077,15.,-0.35));
#1896=CARTESIAN_POINT('Ctrl Pts',(0.519365076099294,15.,-0.35));
#1897=CARTESIAN_POINT('Ctrl Pts',(0.761667859038816,15.,-0.311557788944723));
#1898=CARTESIAN_POINT('Ctrl Pts',(0.71379351886125,15.,-0.5));
#1899=CARTESIAN_POINT('Ctrl Pts',(0.519365076099294,15.,-0.5));
#1900=CARTESIAN_POINT('Ctrl Pts',(0.761667859038816,15.15,-0.311557788944723));
#1901=CARTESIAN_POINT('Ctrl Pts',(0.71379351886125,15.15,-0.5));
#1902=CARTESIAN_POINT('Ctrl Pts',(0.519365076099294,15.15,-0.5));
#1903=CARTESIAN_POINT('',(0.519365076099294,15.15,-0.5));
#1904=CARTESIAN_POINT('Origin',(0.519365076099294,15.15,-0.25));
#1905=CARTESIAN_POINT('',(0.528616692670388,15.,-0.349571118256357));
#1906=CARTESIAN_POINT('Origin',(0.519365076099294,15.,-0.25));
#1907=CARTESIAN_POINT('Ctrl Pts',(0.528616692670388,15.,-0.349571118256357));
#1908=CARTESIAN_POINT('Ctrl Pts',(0.528551274456291,15.,-0.350634801420984));
#1909=CARTESIAN_POINT('Ctrl Pts',(0.528485858965069,15.0000110895511,-0.351698440308562));
#1910=CARTESIAN_POINT('Ctrl Pts',(0.527229673919238,15.0004375056622,-0.372123682796814));
#1911=CARTESIAN_POINT('Ctrl Pts',(0.526057429583982,15.004520123193,-0.391184071108234));
#1912=CARTESIAN_POINT('Ctrl Pts',(0.523859365827324,15.0197916130818,-0.426924016703086));
#1913=CARTESIAN_POINT('Ctrl Pts',(0.522858329503481,15.0308819821631,-0.443200607116622));
#1914=CARTESIAN_POINT('Ctrl Pts',(0.521174597732779,15.0586795943364,-0.47057764826561));
#1915=CARTESIAN_POINT('Ctrl Pts',(0.520507885753823,15.0751065978072,-0.481418211935067));
#1916=CARTESIAN_POINT('Ctrl Pts',(0.519598865866033,15.111192994778,-0.496198639134249));
#1917=CARTESIAN_POINT('Ctrl Pts',(0.519365076099293,15.1305027802403,-0.5));
#1918=CARTESIAN_POINT('Ctrl Pts',(0.519365076099293,15.15,-0.5));
#1919=CARTESIAN_POINT('Ctrl Pts',(0.537746030439717,15.,-0.351130458059631));
#1920=CARTESIAN_POINT('Ctrl Pts',(0.449999999999999,15.,-0.340296436821681));
#1921=CARTESIAN_POINT('Ctrl Pts',(0.449999999999999,15.,-0.251884096766052));
#1922=CARTESIAN_POINT('Ctrl Pts',(0.519365076099295,15.,-0.5));
#1923=CARTESIAN_POINT('Ctrl Pts',(0.299999999999999,15.,-0.472914946905126));
#1924=CARTESIAN_POINT('Ctrl Pts',(0.299999999999999,15.,-0.251884096766052));
#1925=CARTESIAN_POINT('Ctrl Pts',(0.519365076099295,15.15,-0.5));
#1926=CARTESIAN_POINT('Ctrl Pts',(0.299999999999999,15.15,-0.472914946905126));
#1927=CARTESIAN_POINT('Ctrl Pts',(0.299999999999999,15.15,-0.251884096766052));
#1928=CARTESIAN_POINT('',(0.449999999999999,15.,-0.251884096766052));
#1929=CARTESIAN_POINT('Origin',(0.549999999999999,15.,-0.251884096766052));
#1930=CARTESIAN_POINT('',(0.299999999999999,15.15,-0.251884096766052));
#1931=CARTESIAN_POINT('Origin',(0.449999999999999,15.15,-0.251884096766052));
#1932=CARTESIAN_POINT('Origin',(0.549999999999999,15.15,-0.251884096766052));
#1933=CARTESIAN_POINT('Origin',(0.449999999999999,15.15,0.));
#1934=CARTESIAN_POINT('',(0.449999999999999,15.,0.173205080756887));
#1935=CARTESIAN_POINT('',(0.350000000000001,15.038196601125,6.73555739531046E-17));
#1936=CARTESIAN_POINT('Ctrl Pts',(0.449999999999999,15.,0.173205080756886));
#1937=CARTESIAN_POINT('Ctrl Pts',(0.443272633771489,15.,0.169321034053919));
#1938=CARTESIAN_POINT('Ctrl Pts',(0.436881519731954,15.0004577260447,0.165098440714192));
#1939=CARTESIAN_POINT('Ctrl Pts',(0.406000006917563,15.0043981572087,0.14224100058491));
#1940=CARTESIAN_POINT('Ctrl Pts',(0.385446713085554,15.0136477801162,0.117846212510661));
#1941=CARTESIAN_POINT('Ctrl Pts',(0.36446830751444,15.0264826074736,0.0762756261018035));
#1942=CARTESIAN_POINT('Ctrl Pts',(0.359081463981145,15.0306074136899,0.0615931560597685));
#1943=CARTESIAN_POINT('Ctrl Pts',(0.351848981709725,15.036470406399,0.0312770990934768));
#1944=CARTESIAN_POINT('Ctrl Pts',(0.350000000000001,15.038196601125,0.0156419918416908));
#1945=CARTESIAN_POINT('Ctrl Pts',(0.350000000000001,15.038196601125,6.73555739531046E-17));
#1946=CARTESIAN_POINT('',(0.449999999999999,15.,0.251884096766051));
#1947=CARTESIAN_POINT('',(0.449999999999999,15.,0.));
#1948=CARTESIAN_POINT('',(0.299999999999999,15.15,0.251884096766051));
#1949=CARTESIAN_POINT('Origin',(0.449999999999999,15.15,0.251884096766051));
#1950=CARTESIAN_POINT('',(0.299999999999999,15.15,0.));
#1951=CARTESIAN_POINT('',(0.449999999999999,15.,-0.173205080756886));
#1952=CARTESIAN_POINT('',(0.449999999999999,15.,0.));
#1953=CARTESIAN_POINT('Ctrl Pts',(0.350000000000001,15.038196601125,6.73555739531046E-17));
#1954=CARTESIAN_POINT('Ctrl Pts',(0.350000000000001,15.038196601125,-0.0156419918416907));
#1955=CARTESIAN_POINT('Ctrl Pts',(0.351848981709725,15.036470406399,-0.0312770990934767));
#1956=CARTESIAN_POINT('Ctrl Pts',(0.359081463981145,15.0306074136899,-0.0615931560597683));
#1957=CARTESIAN_POINT('Ctrl Pts',(0.36446830751444,15.0264826074736,-0.0762756261018033));
#1958=CARTESIAN_POINT('Ctrl Pts',(0.385446713085554,15.0136477801162,-0.11784621251066));
#1959=CARTESIAN_POINT('Ctrl Pts',(0.406000006917563,15.0043981572087,-0.14224100058491));
#1960=CARTESIAN_POINT('Ctrl Pts',(0.436881519731954,15.0004577260447,-0.165098440714192));
#1961=CARTESIAN_POINT('Ctrl Pts',(0.443272633771489,15.,-0.169321034053919));
#1962=CARTESIAN_POINT('Ctrl Pts',(0.449999999999999,15.,-0.173205080756886));
#1963=CARTESIAN_POINT('Ctrl Pts',(0.449999999999999,15.,0.251884096766051));
#1964=CARTESIAN_POINT('Ctrl Pts',(0.449999999999999,15.,0.340296436821681));
#1965=CARTESIAN_POINT('Ctrl Pts',(0.537746030439717,15.,0.351130458059631));
#1966=CARTESIAN_POINT('Ctrl Pts',(0.299999999999999,15.,0.251884096766051));
#1967=CARTESIAN_POINT('Ctrl Pts',(0.299999999999999,15.,0.472914946905126));
#1968=CARTESIAN_POINT('Ctrl Pts',(0.519365076099294,15.,0.5));
#1969=CARTESIAN_POINT('Ctrl Pts',(0.299999999999999,15.15,0.251884096766051));
#1970=CARTESIAN_POINT('Ctrl Pts',(0.299999999999999,15.15,0.472914946905126));
#1971=CARTESIAN_POINT('Ctrl Pts',(0.519365076099294,15.15,0.5));
#1972=CARTESIAN_POINT('',(0.519365076099294,15.15,0.5));
#1973=CARTESIAN_POINT('Origin',(0.549999999999999,15.15,0.251884096766051));
#1974=CARTESIAN_POINT('',(0.528616692670388,15.,0.349571118256357));
#1975=CARTESIAN_POINT('Origin',(0.549999999999999,15.,0.251884096766051));
#1976=CARTESIAN_POINT('Ctrl Pts',(0.528616692670388,15.,0.349571118256357));
#1977=CARTESIAN_POINT('Ctrl Pts',(0.528551274456291,15.,0.350634801420984));
#1978=CARTESIAN_POINT('Ctrl Pts',(0.528485858965536,15.0000110895511,0.35169844030859));
#1979=CARTESIAN_POINT('Ctrl Pts',(0.527229673917514,15.0004375056622,0.372123682796706));
#1980=CARTESIAN_POINT('Ctrl Pts',(0.526057429583992,15.004520123193,0.391184071108234));
#1981=CARTESIAN_POINT('Ctrl Pts',(0.523859365827328,15.0197916130818,0.426924016703089));
#1982=CARTESIAN_POINT('Ctrl Pts',(0.522858329519226,15.0308819821631,0.443200607117591));
#1983=CARTESIAN_POINT('Ctrl Pts',(0.52117459774669,15.0586795943364,0.470577648266465));
#1984=CARTESIAN_POINT('Ctrl Pts',(0.520507885753893,15.0751065978072,0.481418211935071));
#1985=CARTESIAN_POINT('Ctrl Pts',(0.519598865866093,15.111192994778,0.496198639134252));
#1986=CARTESIAN_POINT('Ctrl Pts',(0.519365076099293,15.1305027802403,0.5));
#1987=CARTESIAN_POINT('Ctrl Pts',(0.519365076099293,15.15,0.5));
#1988=CARTESIAN_POINT('Ctrl Pts',(0.519365076099294,15.,0.35));
#1989=CARTESIAN_POINT('Ctrl Pts',(0.597136453204076,15.,0.35));
#1990=CARTESIAN_POINT('Ctrl Pts',(0.616286189275103,15.,0.274623115577889));
#1991=CARTESIAN_POINT('Ctrl Pts',(0.519365076099294,15.,0.5));
#1992=CARTESIAN_POINT('Ctrl Pts',(0.71379351886125,15.,0.5));
#1993=CARTESIAN_POINT('Ctrl Pts',(0.761667859038816,15.,0.311557788944723));
#1994=CARTESIAN_POINT('Ctrl Pts',(0.519365076099294,15.15,0.5));
#1995=CARTESIAN_POINT('Ctrl Pts',(0.71379351886125,15.15,0.5));
#1996=CARTESIAN_POINT('Ctrl Pts',(0.761667859038816,15.15,0.311557788944723));
#1997=CARTESIAN_POINT('',(0.616286189275103,15.,0.274623115577889));
#1998=CARTESIAN_POINT('Origin',(0.519365076099294,15.,0.25));
#1999=CARTESIAN_POINT('',(0.761667859038816,15.15,0.311557788944723));
#2000=CARTESIAN_POINT('Origin',(0.616286189275103,15.15,0.274623115577889));
#2001=CARTESIAN_POINT('Origin',(0.519365076099294,15.15,0.25));
#2002=CARTESIAN_POINT('Origin',(-0.445000000000001,15.15,0.00499999999999987));
#2003=CARTESIAN_POINT('',(0.63581985661366,15.,0.180651466118632));
#2004=CARTESIAN_POINT('',(0.783877371218272,15.15,0.204713310792417));
#2005=CARTESIAN_POINT('Origin',(0.63581985661366,15.15,0.180651466118632));
#2006=CARTESIAN_POINT('Origin',(-0.445000000000001,15.15,0.00499999999999987));
#2007=CARTESIAN_POINT('Origin',(-0.445000000000001,15.,0.00499999999999987));
#2008=CARTESIAN_POINT('Origin',(-0.445000000000001,15.15,0.00499999999999987));
#2009=CARTESIAN_POINT('',(0.749937490231324,15.038140722127,0.00499999999999987));
#2010=CARTESIAN_POINT('Ctrl Pts',(0.749937490231324,15.038140722127,0.00500000000000695));
#2011=CARTESIAN_POINT('Ctrl Pts',(0.74970631976202,15.0379341894463,0.0142439286896113));
#2012=CARTESIAN_POINT('Ctrl Pts',(0.748837690553766,15.0372489385951,0.0234266224291028));
#2013=CARTESIAN_POINT('Ctrl Pts',(0.744476877929543,15.0340335134764,0.0498757323241727));
#2014=CARTESIAN_POINT('Ctrl Pts',(0.739378910834156,15.0304314461625,0.0665792461279052));
#2015=CARTESIAN_POINT('Ctrl Pts',(0.721244971651966,15.0198295447379,0.106748452317363));
#2016=CARTESIAN_POINT('Ctrl Pts',(0.705296395979288,15.0120731590035,0.128933700318585));
#2017=CARTESIAN_POINT('Ctrl Pts',(0.67019544996333,15.0025823355536,0.161153128322131));
#2018=CARTESIAN_POINT('Ctrl Pts',(0.65346996082179,15.,0.172266649516241));
#2019=CARTESIAN_POINT('Ctrl Pts',(0.63581985661366,15.,0.180651466118632));
#2020=CARTESIAN_POINT('',(0.799999999999999,15.15,0.00499999999999987));
#2021=CARTESIAN_POINT('Origin',(0.649999999999999,15.15,0.00499999999999987));
#2022=CARTESIAN_POINT('Origin',(-0.445000000000001,15.15,0.00499999999999987));
#2023=CARTESIAN_POINT('Origin',(-0.445000000000001,15.15,-0.00499999999999987));
#2024=CARTESIAN_POINT('',(0.749937490231324,15.038140722127,-0.00499999999999987));
#2025=CARTESIAN_POINT('Ctrl Pts',(0.635819856613601,15.,-0.18065146611866));
#2026=CARTESIAN_POINT('Ctrl Pts',(0.636331735893474,15.,-0.180408293963205));
#2027=CARTESIAN_POINT('Ctrl Pts',(0.636842935657673,15.0000021738185,-0.180162777980676));
#2028=CARTESIAN_POINT('Ctrl Pts',(0.656194663558931,15.0001660236733,-0.170767004082982));
#2029=CARTESIAN_POINT('Ctrl Pts',(0.673387884768606,15.0032098358807,-0.158753526148905));
#2030=CARTESIAN_POINT('Ctrl Pts',(0.707837178030422,15.0131305550904,-0.125768601075543));
#2031=CARTESIAN_POINT('Ctrl Pts',(0.723343766218627,15.0209203258039,-0.103329005852408));
#2032=CARTESIAN_POINT('Ctrl Pts',(0.740406640550358,15.0311341824977,-0.0633866857581046));
#2033=CARTESIAN_POINT('Ctrl Pts',(0.745072233393238,15.0344604045522,-0.0472702249672164));
#2034=CARTESIAN_POINT('Ctrl Pts',(0.748959669750011,15.037346154265,-0.02208414548954));
#2035=CARTESIAN_POINT('Ctrl Pts',(0.749722948756779,15.0379490461487,-0.0135789767942142));
#2036=CARTESIAN_POINT('Ctrl Pts',(0.749937490231324,15.038140722127,-0.00499999999999999));
#2037=CARTESIAN_POINT('',(0.799999999999999,15.15,-0.00499999999999987));
#2038=CARTESIAN_POINT('Origin',(-0.445000000000001,15.15,-0.00499999999999987));
#2039=CARTESIAN_POINT('Origin',(0.649999999999999,15.15,-0.00499999999999987));
#2040=CARTESIAN_POINT('Origin',(0.649999999999999,15.15,0.));
#2041=CARTESIAN_POINT('Ctrl Pts',(0.749937490231325,15.038140722127,-0.00499999999996254));
#2042=CARTESIAN_POINT('Ctrl Pts',(0.749979158868417,15.0381779497857,-0.0033337754556295));
#2043=CARTESIAN_POINT('Ctrl Pts',(0.750000000000002,15.038196601125,-0.00166691354726275));
#2044=CARTESIAN_POINT('Ctrl Pts',(0.750000000000002,15.038196601125,0.0016669135472628));
#2045=CARTESIAN_POINT('Ctrl Pts',(0.749979158868417,15.0381779497857,0.00333377545562945));
#2046=CARTESIAN_POINT('Ctrl Pts',(0.749937490231325,15.038140722127,0.0049999999999624));
#2047=CARTESIAN_POINT('',(0.799999999999999,15.15,0.));
#2048=CARTESIAN_POINT('Origin',(-0.445000000000002,16.375,0.00499999999999987));
#2049=CARTESIAN_POINT('',(0.799999999999998,17.7932264353598,0.00499999999999987));
#2050=CARTESIAN_POINT('',(0.799999999999999,16.375,0.00499999999999987));
#2051=CARTESIAN_POINT('',(0.351204639593889,17.8723611661876,0.962122339043941));
#2052=CARTESIAN_POINT('Origin',(-0.445000000000002,18.0127535263419,0.00499999999999987));
#2053=CARTESIAN_POINT('',(0.761667859038815,16.3966132176799,0.311557788944724));
#2054=CARTESIAN_POINT('Ctrl Pts',(0.761667859038815,16.3966132176799,0.311557788944724));
#2055=CARTESIAN_POINT('Ctrl Pts',(0.761667859038815,16.7207311596026,0.311557788944724));
#2056=CARTESIAN_POINT('Ctrl Pts',(0.743711538990355,17.2746356492032,0.457695086733408));
#2057=CARTESIAN_POINT('Ctrl Pts',(0.521838421508905,17.7309967215031,0.820795053769393));
#2058=CARTESIAN_POINT('Ctrl Pts',(0.351215173652906,17.8723200509879,0.962176153596267));
#2059=CARTESIAN_POINT('',(0.761667859038815,16.375,0.311557788944723));
#2060=CARTESIAN_POINT('Origin',(0.799999999999999,15.,0.));
#2061=CARTESIAN_POINT('',(0.799999999999998,17.7932264353598,-0.00499999999999987));
#2062=CARTESIAN_POINT('',(0.799999999999999,16.375,-0.00499999999999987));
#2063=CARTESIAN_POINT('',(0.799999999999998,17.7932264353598,0.));
#2064=CARTESIAN_POINT('Origin',(-0.445000000000002,16.375,-0.00499999999999987));
#2065=CARTESIAN_POINT('',(0.761667859038815,16.3966132176799,-0.311557788944723));
#2066=CARTESIAN_POINT('',(0.761667859038815,16.375,-0.311557788944723));
#2067=CARTESIAN_POINT('',(0.351204639508835,17.8723611662288,-0.962122339110969));
#2068=CARTESIAN_POINT('Ctrl Pts',(0.351202120020858,17.8723352808816,-0.962145101653203));
#2069=CARTESIAN_POINT('Ctrl Pts',(0.461267395929272,17.7812105900488,-0.870699044965698));
#2070=CARTESIAN_POINT('Ctrl Pts',(0.625624928799678,17.5472381074214,-0.667234722446751));
#2071=CARTESIAN_POINT('Ctrl Pts',(0.746638914945379,17.0452279353648,-0.391547476931223));
#2072=CARTESIAN_POINT('Ctrl Pts',(0.761667859038815,16.6397002343921,-0.311557788944723));
#2073=CARTESIAN_POINT('Ctrl Pts',(0.761667859038816,16.3966132176799,-0.311557788944723));
#2074=CARTESIAN_POINT('Origin',(-0.445000000000002,18.0127535263419,-0.00499999999999987));
#2075=CARTESIAN_POINT('Origin',(0.299999999999999,15.,0.));
#2076=CARTESIAN_POINT('Origin',(0.550000000000002,15.,6.73555739531046E-17));
#2077=CARTESIAN_POINT('Origin',(0.299999999999999,15.,0.));
#2078=CARTESIAN_POINT('Origin',(0.550000000000002,15.,6.73555739531046E-17));
#2079=CARTESIAN_POINT('Origin',(0.444999999999999,15.15,0.00499999999999987));
#2080=CARTESIAN_POINT('',(-0.783877371218274,15.15,0.204713310792416));
#2081=CARTESIAN_POINT('',(-0.635819856613662,15.,0.180651466118631));
#2082=CARTESIAN_POINT('Origin',(-0.635819856613662,15.15,0.180651466118631));
#2083=CARTESIAN_POINT('',(-0.616286189275105,15.,0.27462311557789));
#2084=CARTESIAN_POINT('Origin',(0.444999999999999,15.,0.00499999999999987));
#2085=CARTESIAN_POINT('',(-0.761667859038818,15.15,0.311557788944724));
#2086=CARTESIAN_POINT('Origin',(-0.616286189275105,15.15,0.27462311557789));
#2087=CARTESIAN_POINT('Origin',(0.444999999999999,15.15,0.00499999999999987));
#2088=CARTESIAN_POINT('Ctrl Pts',(-0.616286189275105,15.,0.274623115577889));
#2089=CARTESIAN_POINT('Ctrl Pts',(-0.597136453204078,15.,0.35));
#2090=CARTESIAN_POINT('Ctrl Pts',(-0.519365076099296,15.,0.35));
#2091=CARTESIAN_POINT('Ctrl Pts',(-0.761667859038818,15.,0.311557788944724));
#2092=CARTESIAN_POINT('Ctrl Pts',(-0.713793518861251,15.,0.5));
#2093=CARTESIAN_POINT('Ctrl Pts',(-0.519365076099296,15.,0.5));
#2094=CARTESIAN_POINT('Ctrl Pts',(-0.761667859038818,15.15,0.311557788944724));
#2095=CARTESIAN_POINT('Ctrl Pts',(-0.713793518861251,15.15,0.5));
#2096=CARTESIAN_POINT('Ctrl Pts',(-0.519365076099296,15.15,0.5));
#2097=CARTESIAN_POINT('',(-0.519365076099296,15.15,0.5));
#2098=CARTESIAN_POINT('Origin',(-0.519365076099296,15.15,0.25));
#2099=CARTESIAN_POINT('',(-0.528616692670389,15.,0.349571118256357));
#2100=CARTESIAN_POINT('Origin',(-0.519365076099296,15.,0.25));
#2101=CARTESIAN_POINT('Ctrl Pts',(-0.528616692670389,15.,0.349571118256357));
#2102=CARTESIAN_POINT('Ctrl Pts',(-0.528551274456292,15.,0.350634801420984));
#2103=CARTESIAN_POINT('Ctrl Pts',(-0.528485858965071,15.0000110895511,0.351698440308562));
#2104=CARTESIAN_POINT('Ctrl Pts',(-0.527229673919239,15.0004375056622,0.372123682796814));
#2105=CARTESIAN_POINT('Ctrl Pts',(-0.526057429583979,15.004520123193,0.391184071108234));
#2106=CARTESIAN_POINT('Ctrl Pts',(-0.523859365827322,15.0197916130818,0.426924016703083));
#2107=CARTESIAN_POINT('Ctrl Pts',(-0.522858329503475,15.0308819821631,0.443200607116621));
#2108=CARTESIAN_POINT('Ctrl Pts',(-0.521174597732772,15.0586795943364,0.470577648265609));
#2109=CARTESIAN_POINT('Ctrl Pts',(-0.520507885753825,15.0751065978072,0.481418211935067));
#2110=CARTESIAN_POINT('Ctrl Pts',(-0.519598865866031,15.111192994778,0.49619863913425));
#2111=CARTESIAN_POINT('Ctrl Pts',(-0.519365076099295,15.1305027802403,0.5));
#2112=CARTESIAN_POINT('Ctrl Pts',(-0.519365076099295,15.15,0.5));
#2113=CARTESIAN_POINT('Ctrl Pts',(-0.537746030439719,15.,0.351130458059631));
#2114=CARTESIAN_POINT('Ctrl Pts',(-0.450000000000001,15.,0.340296436821681));
#2115=CARTESIAN_POINT('Ctrl Pts',(-0.450000000000001,15.,0.251884096766052));
#2116=CARTESIAN_POINT('Ctrl Pts',(-0.519365076099296,15.,0.5));
#2117=CARTESIAN_POINT('Ctrl Pts',(-0.300000000000001,15.,0.472914946905126));
#2118=CARTESIAN_POINT('Ctrl Pts',(-0.300000000000001,15.,0.251884096766052));
#2119=CARTESIAN_POINT('Ctrl Pts',(-0.519365076099296,15.15,0.5));
#2120=CARTESIAN_POINT('Ctrl Pts',(-0.300000000000001,15.15,0.472914946905126));
#2121=CARTESIAN_POINT('Ctrl Pts',(-0.300000000000001,15.15,0.251884096766052));
#2122=CARTESIAN_POINT('',(-0.450000000000001,15.,0.251884096766052));
#2123=CARTESIAN_POINT('Origin',(-0.550000000000001,15.,0.251884096766052));
#2124=CARTESIAN_POINT('',(-0.300000000000001,15.15,0.251884096766052));
#2125=CARTESIAN_POINT('Origin',(-0.450000000000001,15.15,0.251884096766052));
#2126=CARTESIAN_POINT('Origin',(-0.550000000000001,15.15,0.251884096766052));
#2127=CARTESIAN_POINT('Origin',(-0.450000000000001,15.15,0.));
#2128=CARTESIAN_POINT('',(-0.450000000000001,15.,-0.173205080756888));
#2129=CARTESIAN_POINT('',(-0.350000000000001,15.038196601125,-2.44929359829471E-17));
#2130=CARTESIAN_POINT('Ctrl Pts',(-0.450000000000001,15.,-0.173205080756888));
#2131=CARTESIAN_POINT('Ctrl Pts',(-0.44327263377149,15.,-0.16932103405392));
#2132=CARTESIAN_POINT('Ctrl Pts',(-0.436881519731954,15.0004577260447,-0.165098440714193));
#2133=CARTESIAN_POINT('Ctrl Pts',(-0.406000006917563,15.0043981572087,-0.14224100058491));
#2134=CARTESIAN_POINT('Ctrl Pts',(-0.385446713085554,15.0136477801162,-0.117846212510661));
#2135=CARTESIAN_POINT('Ctrl Pts',(-0.364468307514441,15.0264826074736,-0.0762756261018036));
#2136=CARTESIAN_POINT('Ctrl Pts',(-0.359081463981145,15.0306074136899,-0.0615931560597689));
#2137=CARTESIAN_POINT('Ctrl Pts',(-0.351848981709726,15.036470406399,-0.0312770990934768));
#2138=CARTESIAN_POINT('Ctrl Pts',(-0.350000000000001,15.038196601125,-0.0156419918416909));
#2139=CARTESIAN_POINT('Ctrl Pts',(-0.350000000000001,15.038196601125,0.));
#2140=CARTESIAN_POINT('',(-0.450000000000001,15.,-0.251884096766052));
#2141=CARTESIAN_POINT('',(-0.450000000000001,15.,0.));
#2142=CARTESIAN_POINT('',(-0.300000000000001,15.15,-0.251884096766052));
#2143=CARTESIAN_POINT('Origin',(-0.450000000000001,15.15,-0.251884096766052));
#2144=CARTESIAN_POINT('',(-0.300000000000001,15.15,0.));
#2145=CARTESIAN_POINT('',(-0.450000000000001,15.,0.173205080756888));
#2146=CARTESIAN_POINT('',(-0.450000000000001,15.,0.));
#2147=CARTESIAN_POINT('Ctrl Pts',(-0.350000000000001,15.038196601125,0.));
#2148=CARTESIAN_POINT('Ctrl Pts',(-0.350000000000001,15.038196601125,0.0156419918416909));
#2149=CARTESIAN_POINT('Ctrl Pts',(-0.351848981709726,15.036470406399,0.0312770990934768));
#2150=CARTESIAN_POINT('Ctrl Pts',(-0.359081463981145,15.0306074136899,0.0615931560597689));
#2151=CARTESIAN_POINT('Ctrl Pts',(-0.364468307514441,15.0264826074736,0.0762756261018036));
#2152=CARTESIAN_POINT('Ctrl Pts',(-0.385446713085554,15.0136477801162,0.117846212510661));
#2153=CARTESIAN_POINT('Ctrl Pts',(-0.406000006917563,15.0043981572087,0.14224100058491));
#2154=CARTESIAN_POINT('Ctrl Pts',(-0.436881519731954,15.0004577260447,0.165098440714193));
#2155=CARTESIAN_POINT('Ctrl Pts',(-0.44327263377149,15.,0.16932103405392));
#2156=CARTESIAN_POINT('Ctrl Pts',(-0.450000000000001,15.,0.173205080756888));
#2157=CARTESIAN_POINT('Ctrl Pts',(-0.450000000000001,15.,-0.251884096766052));
#2158=CARTESIAN_POINT('Ctrl Pts',(-0.450000000000001,15.,-0.340296436821681));
#2159=CARTESIAN_POINT('Ctrl Pts',(-0.537746030439719,15.,-0.351130458059631));
#2160=CARTESIAN_POINT('Ctrl Pts',(-0.300000000000001,15.,-0.251884096766052));
#2161=CARTESIAN_POINT('Ctrl Pts',(-0.300000000000001,15.,-0.472914946905126));
#2162=CARTESIAN_POINT('Ctrl Pts',(-0.519365076099296,15.,-0.5));
#2163=CARTESIAN_POINT('Ctrl Pts',(-0.300000000000001,15.15,-0.251884096766052));
#2164=CARTESIAN_POINT('Ctrl Pts',(-0.300000000000001,15.15,-0.472914946905126));
#2165=CARTESIAN_POINT('Ctrl Pts',(-0.519365076099296,15.15,-0.5));
#2166=CARTESIAN_POINT('',(-0.519365076099296,15.15,-0.5));
#2167=CARTESIAN_POINT('Origin',(-0.550000000000001,15.15,-0.251884096766052));
#2168=CARTESIAN_POINT('',(-0.528616692670389,15.,-0.349571118256357));
#2169=CARTESIAN_POINT('Origin',(-0.550000000000001,15.,-0.251884096766052));
#2170=CARTESIAN_POINT('Ctrl Pts',(-0.528616692670389,15.,-0.349571118256357));
#2171=CARTESIAN_POINT('Ctrl Pts',(-0.528551274456292,15.,-0.350634801420984));
#2172=CARTESIAN_POINT('Ctrl Pts',(-0.528485858965537,15.0000110895511,-0.35169844030859));
#2173=CARTESIAN_POINT('Ctrl Pts',(-0.527229673917516,15.0004375056622,-0.372123682796708));
#2174=CARTESIAN_POINT('Ctrl Pts',(-0.526057429583979,15.004520123193,-0.391184071108233));
#2175=CARTESIAN_POINT('Ctrl Pts',(-0.523859365827318,15.0197916130818,-0.426924016703085));
#2176=CARTESIAN_POINT('Ctrl Pts',(-0.522858329519231,15.0308819821631,-0.44320060711759));
#2177=CARTESIAN_POINT('Ctrl Pts',(-0.521174597746693,15.0586795943364,-0.470577648266466));
#2178=CARTESIAN_POINT('Ctrl Pts',(-0.520507885753896,15.0751065978072,-0.481418211935071));
#2179=CARTESIAN_POINT('Ctrl Pts',(-0.519598865866095,15.111192994778,-0.496198639134253));
#2180=CARTESIAN_POINT('Ctrl Pts',(-0.519365076099294,15.1305027802403,-0.5));
#2181=CARTESIAN_POINT('Ctrl Pts',(-0.519365076099294,15.15,-0.5));
#2182=CARTESIAN_POINT('Ctrl Pts',(-0.519365076099296,15.,-0.35));
#2183=CARTESIAN_POINT('Ctrl Pts',(-0.597136453204078,15.,-0.35));
#2184=CARTESIAN_POINT('Ctrl Pts',(-0.616286189275105,15.,-0.274623115577889));
#2185=CARTESIAN_POINT('Ctrl Pts',(-0.519365076099296,15.,-0.5));
#2186=CARTESIAN_POINT('Ctrl Pts',(-0.713793518861251,15.,-0.5));
#2187=CARTESIAN_POINT('Ctrl Pts',(-0.761667859038818,15.,-0.311557788944723));
#2188=CARTESIAN_POINT('Ctrl Pts',(-0.519365076099296,15.15,-0.5));
#2189=CARTESIAN_POINT('Ctrl Pts',(-0.713793518861251,15.15,-0.5));
#2190=CARTESIAN_POINT('Ctrl Pts',(-0.761667859038818,15.15,-0.311557788944723));
#2191=CARTESIAN_POINT('',(-0.616286189275105,15.,-0.274623115577889));
#2192=CARTESIAN_POINT('Origin',(-0.519365076099296,15.,-0.25));
#2193=CARTESIAN_POINT('',(-0.761667859038818,15.15,-0.311557788944723));
#2194=CARTESIAN_POINT('Origin',(-0.616286189275105,15.15,-0.274623115577889));
#2195=CARTESIAN_POINT('Origin',(-0.519365076099296,15.15,-0.25));
#2196=CARTESIAN_POINT('Origin',(0.444999999999999,15.15,-0.00499999999999987));
#2197=CARTESIAN_POINT('',(-0.635819856613662,15.,-0.180651466118631));
#2198=CARTESIAN_POINT('',(-0.783877371218273,15.15,-0.204713310792416));
#2199=CARTESIAN_POINT('Origin',(-0.635819856613662,15.15,-0.180651466118631));
#2200=CARTESIAN_POINT('Origin',(0.444999999999999,15.15,-0.00499999999999987));
#2201=CARTESIAN_POINT('Origin',(0.444999999999999,15.,-0.00499999999999987));
#2202=CARTESIAN_POINT('Origin',(0.444999999999999,15.15,-0.00499999999999987));
#2203=CARTESIAN_POINT('',(-0.749937490231324,15.038140722127,-0.00499999999999987));
#2204=CARTESIAN_POINT('Ctrl Pts',(-0.749937490231324,15.038140722127,-0.00500000000000698));
#2205=CARTESIAN_POINT('Ctrl Pts',(-0.74970631976202,15.0379341894463,-0.0142439286896139));
#2206=CARTESIAN_POINT('Ctrl Pts',(-0.748837690553765,15.0372489385951,-0.0234266224291075));
#2207=CARTESIAN_POINT('Ctrl Pts',(-0.744476877929541,15.0340335134764,-0.0498757323241813));
#2208=CARTESIAN_POINT('Ctrl Pts',(-0.739378910834151,15.0304314461625,-0.0665792461279172));
#2209=CARTESIAN_POINT('Ctrl Pts',(-0.721244971651962,15.0198295447379,-0.106748452317368));
#2210=CARTESIAN_POINT('Ctrl Pts',(-0.705296395979282,15.0120731590035,-0.128933700318591));
#2211=CARTESIAN_POINT('Ctrl Pts',(-0.670195449963338,15.0025823355536,-0.161153128322122));
#2212=CARTESIAN_POINT('Ctrl Pts',(-0.653469960821802,15.,-0.172266649516235));
#2213=CARTESIAN_POINT('Ctrl Pts',(-0.635819856613662,15.,-0.180651466118631));
#2214=CARTESIAN_POINT('',(-0.800000000000001,15.15,-0.00499999999999987));
#2215=CARTESIAN_POINT('Origin',(-0.650000000000001,15.15,-0.00499999999999987));
#2216=CARTESIAN_POINT('Origin',(0.444999999999999,15.15,-0.00499999999999987));
#2217=CARTESIAN_POINT('Origin',(0.444999999999999,15.15,0.00499999999999987));
#2218=CARTESIAN_POINT('',(-0.749937490231324,15.038140722127,0.00499999999999987));
#2219=CARTESIAN_POINT('Ctrl Pts',(-0.635819856613603,15.,0.180651466118659));
#2220=CARTESIAN_POINT('Ctrl Pts',(-0.636331735893477,15.,0.180408293963203));
#2221=CARTESIAN_POINT('Ctrl Pts',(-0.636842935657676,15.0000021738185,0.180162777980674));
#2222=CARTESIAN_POINT('Ctrl Pts',(-0.656194663558938,15.0001660236733,0.170767004082978));
#2223=CARTESIAN_POINT('Ctrl Pts',(-0.673387884768614,15.0032098358807,0.158753526148899));
#2224=CARTESIAN_POINT('Ctrl Pts',(-0.707837178030427,15.0131305550904,0.125768601075537));
#2225=CARTESIAN_POINT('Ctrl Pts',(-0.723343766218631,15.0209203258039,0.1033290058524));
#2226=CARTESIAN_POINT('Ctrl Pts',(-0.74040664055036,15.0311341824977,0.0633866857580996));
#2227=CARTESIAN_POINT('Ctrl Pts',(-0.745072233393239,15.0344604045522,0.0472702249672116));
#2228=CARTESIAN_POINT('Ctrl Pts',(-0.748959669750011,15.037346154265,0.0220841454895385));
#2229=CARTESIAN_POINT('Ctrl Pts',(-0.749722948756779,15.0379490461487,0.0135789767942135));
#2230=CARTESIAN_POINT('Ctrl Pts',(-0.749937490231324,15.038140722127,0.0049999999999999));
#2231=CARTESIAN_POINT('',(-0.800000000000001,15.15,0.00499999999999987));
#2232=CARTESIAN_POINT('Origin',(0.444999999999999,15.15,0.00499999999999987));
#2233=CARTESIAN_POINT('Origin',(-0.650000000000001,15.15,0.00499999999999987));
#2234=CARTESIAN_POINT('Origin',(-0.650000000000001,15.15,0.));
#2235=CARTESIAN_POINT('Ctrl Pts',(-0.749937490231325,15.038140722127,0.00499999999996256));
#2236=CARTESIAN_POINT('Ctrl Pts',(-0.749979158868417,15.0381779497857,0.0033337754556295));
#2237=CARTESIAN_POINT('Ctrl Pts',(-0.750000000000002,15.038196601125,0.00166691354726282));
#2238=CARTESIAN_POINT('Ctrl Pts',(-0.750000000000002,15.038196601125,0.));
#2239=CARTESIAN_POINT('Ctrl Pts',(-0.750000000000002,15.038196601125,-0.00166691354726272));
#2240=CARTESIAN_POINT('Ctrl Pts',(-0.749979158868417,15.0381779497857,-0.00333377545562923));
#2241=CARTESIAN_POINT('Ctrl Pts',(-0.749937490231325,15.038140722127,-0.00499999999996218));
#2242=CARTESIAN_POINT('',(-0.800000000000001,15.15,0.));
#2243=CARTESIAN_POINT('Origin',(0.444999999999999,17.7716132176799,-0.00499999999999987));
#2244=CARTESIAN_POINT('',(-0.800000000000001,17.7932264353598,-0.00499999999999987));
#2245=CARTESIAN_POINT('',(-0.800000000000001,17.7716132176799,-0.00499999999999987));
#2246=CARTESIAN_POINT('',(-0.351204639593879,17.8723611661876,-0.962122339043952));
#2247=CARTESIAN_POINT('Origin',(0.444999999999999,18.0127535263419,-0.00499999999999987));
#2248=CARTESIAN_POINT('',(-0.761667859038818,16.3966132176799,-0.311557788944724));
#2249=CARTESIAN_POINT('Ctrl Pts',(-0.761667859038818,16.3966132176799,-0.311557788944724));
#2250=CARTESIAN_POINT('Ctrl Pts',(-0.761667859038818,16.7207314347348,-0.311557788944724));
#2251=CARTESIAN_POINT('Ctrl Pts',(-0.743711562843157,17.2746359256977,-0.457695215590644));
#2252=CARTESIAN_POINT('Ctrl Pts',(-0.521838175751972,17.7309969063699,-0.820795271334125));
#2253=CARTESIAN_POINT('Ctrl Pts',(-0.351215173889014,17.8723200481342,-0.962176156742964));
#2254=CARTESIAN_POINT('',(-0.761667859038818,17.7716132176799,-0.311557788944723));
#2255=CARTESIAN_POINT('Origin',(-0.800000000000001,17.7932264353598,0.));
#2256=CARTESIAN_POINT('',(-0.800000000000001,17.7932264353598,0.00499999999999987));
#2257=CARTESIAN_POINT('',(-0.800000000000001,17.7716132176799,0.00499999999999987));
#2258=CARTESIAN_POINT('',(-0.800000000000001,17.7932264353598,0.));
#2259=CARTESIAN_POINT('Origin',(0.444999999999999,17.7716132176799,0.00499999999999987));
#2260=CARTESIAN_POINT('',(-0.761667859038818,16.3966132176799,0.311557788944724));
#2261=CARTESIAN_POINT('',(-0.761667859038818,17.7716132176799,0.311557788944724));
#2262=CARTESIAN_POINT('',(-0.351204639508831,17.8723611662288,0.962122339110975));
#2263=CARTESIAN_POINT('Ctrl Pts',(-0.351202124256029,17.8723353029598,0.962145084722217));
#2264=CARTESIAN_POINT('Ctrl Pts',(-0.461270994130887,17.7812077148728,0.870696023121971));
#2265=CARTESIAN_POINT('Ctrl Pts',(-0.62562768486926,17.5472318824792,0.667229938733812));
#2266=CARTESIAN_POINT('Ctrl Pts',(-0.74663917866596,17.0452205010851,0.39154562374181));
#2267=CARTESIAN_POINT('Ctrl Pts',(-0.761667859038818,16.6396974483276,0.311557788944724));
#2268=CARTESIAN_POINT('Ctrl Pts',(-0.761667859038818,16.3966132176799,0.311557788944724));
#2269=CARTESIAN_POINT('Origin',(0.444999999999999,18.0127535263419,0.00499999999999987));
#2270=CARTESIAN_POINT('Origin',(-0.800000000000001,15.,0.));
#2271=CARTESIAN_POINT('Origin',(-0.550000000000002,15.,0.));
#2272=CARTESIAN_POINT('Origin',(-0.800000000000001,15.,0.));
#2273=CARTESIAN_POINT('Origin',(-0.550000000000002,15.,0.));
#2274=CARTESIAN_POINT('Ctrl Pts',(-0.0628580595611783,17.8980739214086,
1.12994637021852));
#2275=CARTESIAN_POINT('Ctrl Pts',(0.0655052107835534,17.8544912753157,1.08556300772127));
#2276=CARTESIAN_POINT('Ctrl Pts',(0.167473928545554,17.7788637136681,1.01296968283581));
#2277=CARTESIAN_POINT('Ctrl Pts',(0.225006542153244,17.6823962425025,0.938509654700754));
#2278=CARTESIAN_POINT('Ctrl Pts',(-0.0398934793439704,17.9283951015614,
1.16082462224576));
#2279=CARTESIAN_POINT('Ctrl Pts',(0.0973266869617064,17.8811122220095,1.1108140014069));
#2280=CARTESIAN_POINT('Ctrl Pts',(0.207300999647279,17.8003904902232,1.03099901454079));
#2281=CARTESIAN_POINT('Ctrl Pts',(0.271307594449256,17.6981985506674,0.950706930075959));
#2282=CARTESIAN_POINT('Ctrl Pts',(-0.0170376881474378,17.971964354345,1.17840648317723));
#2283=CARTESIAN_POINT('Ctrl Pts',(0.129008249551321,17.919660562961,1.12337566769518));
#2284=CARTESIAN_POINT('Ctrl Pts',(0.246981681406573,17.8335241448816,1.03568592856117));
#2285=CARTESIAN_POINT('Ctrl Pts',(0.317362949927046,17.7260914868833,0.947066701145898));
#2286=CARTESIAN_POINT('Ctrl Pts',(2.78412640164483E-10,18.0178982003009,
1.17830005253119));
#2287=CARTESIAN_POINT('Ctrl Pts',(0.152992187887477,17.9612091530569,1.12039662388839));
#2288=CARTESIAN_POINT('Ctrl Pts',(0.277287604396975,17.8702674969117,1.02568991013482));
#2289=CARTESIAN_POINT('Ctrl Pts',(0.351040950911033,17.7587276417071,0.928547857724409));
#2290=CARTESIAN_POINT('',(-2.4348956515914E-15,17.8734888518632,1.10532025412116));
#2291=CARTESIAN_POINT('',(0.225006542153244,17.6823962425025,0.938509654700754));
#2292=CARTESIAN_POINT('Ctrl Pts',(9.15771314682901E-9,17.8734722037152,
1.10533720910343));
#2293=CARTESIAN_POINT('Ctrl Pts',(0.0988879338337858,17.8284992244014,1.06112469441812));
#2294=CARTESIAN_POINT('Ctrl Pts',(0.177435497477547,17.7626937321073,1.00049536178171));
#2295=CARTESIAN_POINT('Ctrl Pts',(0.225283227000073,17.6824908184952,0.93858235520083));
#2296=CARTESIAN_POINT('',(0.284018825170324,17.8417857686896,1.00359454858635));
#2297=CARTESIAN_POINT('Ctrl Pts',(0.283432714375794,17.8415288957041,1.00342438049772));
#2298=CARTESIAN_POINT('Ctrl Pts',(0.283244274050875,17.8258175540328,0.999629422627768));
#2299=CARTESIAN_POINT('Ctrl Pts',(0.281563096464246,17.8103847011986,0.995611361770633));
#2300=CARTESIAN_POINT('Ctrl Pts',(0.278525038728232,17.7953453173206,0.991158638753427));
#2301=CARTESIAN_POINT('Ctrl Pts',(0.27555129304085,17.7806242992116,0.98680017455686));
#2302=CARTESIAN_POINT('Ctrl Pts',(0.271276913085559,17.7662798628744,0.982025279315977));
#2303=CARTESIAN_POINT('Ctrl Pts',(0.265853151012632,17.7524545727642,0.976611998056404));
#2304=CARTESIAN_POINT('Ctrl Pts',(0.26060626474729,17.73908014302,0.97137525081171));
#2305=CARTESIAN_POINT('Ctrl Pts',(0.254382552854697,17.7264336188297,0.965635864184953));
#2306=CARTESIAN_POINT('Ctrl Pts',(0.247385147341151,17.714581344507,0.959230679285667));
#2307=CARTESIAN_POINT('Ctrl Pts',(0.240718581865765,17.7032894502968,0.953128334004922));
#2308=CARTESIAN_POINT('Ctrl Pts',(0.233349033952142,17.6927180421834,0.946422129685686));
#2309=CARTESIAN_POINT('Ctrl Pts',(0.22545339827719,17.6829476441661,0.938933762278916));
#2310=CARTESIAN_POINT('Ctrl Pts',(0.225304611010616,17.6827635284249,0.938792649674));
#2311=CARTESIAN_POINT('Ctrl Pts',(0.225155658644998,17.6825797278635,0.938651280939896));
#2312=CARTESIAN_POINT('Ctrl Pts',(0.225006542153244,17.6823962425025,0.938509654700754));
#2313=CARTESIAN_POINT('',(6.08587343667557E-9,18.0178982049141,1.17830005724324));
#2314=CARTESIAN_POINT('Ctrl Pts',(0.283488939566967,17.8414719519967,1.00337104995673));
#2315=CARTESIAN_POINT('Ctrl Pts',(0.210572922895084,17.9153295594834,1.07254069939667));
#2316=CARTESIAN_POINT('Ctrl Pts',(0.113132267255296,17.9759786711557,1.13548253163067));
#2317=CARTESIAN_POINT('Ctrl Pts',(2.08602079453098E-9,18.0178981996311,
1.17830005184706));
#2318=CARTESIAN_POINT('Ctrl Pts',(2.0801799865966E-9,18.0178981996333,1.17830005184927));
#2319=CARTESIAN_POINT('Ctrl Pts',(2.01742040660778E-9,18.0054756514168,
1.17679216833362));
#2320=CARTESIAN_POINT('Ctrl Pts',(-1.5109806526375E-5,17.9932505889633,
1.17416225762269));
#2321=CARTESIAN_POINT('Ctrl Pts',(-2.84519867064376E-5,17.9813101041548,
1.17056144779248));
#2322=CARTESIAN_POINT('Ctrl Pts',(-4.27043481534112E-5,17.9685550593985,
1.16671499672455));
#2323=CARTESIAN_POINT('Ctrl Pts',(-5.52915241782097E-5,17.9561239630829,
1.16176069945787));
#2324=CARTESIAN_POINT('Ctrl Pts',(-7.16338404006464E-5,17.9441042514231,
1.15583435355941));
#2325=CARTESIAN_POINT('Ctrl Pts',(-7.29336130497475E-5,17.9431482735645,
1.15536300652371));
#2326=CARTESIAN_POINT('Ctrl Pts',(-7.42681169205049E-5,17.9421948926703,
1.15488548664037));
#2327=CARTESIAN_POINT('Ctrl Pts',(-7.56454306435825E-5,17.9412441504937,
1.15440185000988));
#2328=CARTESIAN_POINT('Ctrl Pts',(-9.3928007503757E-5,17.9286239198034,
1.14798201717069));
#2329=CARTESIAN_POINT('Ctrl Pts',(-0.000115037453293662,17.9165590504433,
1.14053324324162));
#2330=CARTESIAN_POINT('Ctrl Pts',(-0.000139453470233569,17.9051279224635,
1.13220444713847));
#2331=CARTESIAN_POINT('Ctrl Pts',(-0.000162985537154818,17.8941106435491,
1.12417718422515));
#2332=CARTESIAN_POINT('Ctrl Pts',(-0.000190251963363698,17.8836810785978,
1.11533205825192));
#2333=CARTESIAN_POINT('Ctrl Pts',(-0.000230288853382451,17.873901360185,
1.10575827382092));
#2334=CARTESIAN_POINT('Ctrl Pts',(-0.000231063924515515,17.8737120353541,
1.10557293565047));
#2335=CARTESIAN_POINT('Ctrl Pts',(-0.00023184316615208,17.8735229640416,
1.10538733283481));
#2336=CARTESIAN_POINT('Ctrl Pts',(-0.000232626621854984,17.873334146708,
1.10520146603646));
#2337=CARTESIAN_POINT('Ctrl Pts',(-0.225006542153266,17.6823962425025,0.938509654700728));
#2338=CARTESIAN_POINT('Ctrl Pts',(-0.16747392694772,17.7788637163472,1.01296968490377));
#2339=CARTESIAN_POINT('Ctrl Pts',(-0.0655052164527361,17.8544912746367,
1.08556300689771));
#2340=CARTESIAN_POINT('Ctrl Pts',(0.0628580660212138,17.8980739236019,1.12994637245217));
#2341=CARTESIAN_POINT('Ctrl Pts',(-0.271307594449278,17.6981985506674,0.95070693007593));
#2342=CARTESIAN_POINT('Ctrl Pts',(-0.207300997869644,17.8003904930614,1.03099901677073));
#2343=CARTESIAN_POINT('Ctrl Pts',(-0.0973266929932406,17.8811122212307,
1.11081400041835));
#2344=CARTESIAN_POINT('Ctrl Pts',(0.0398934862494304,17.9283951039415,1.16082462476147));
#2345=CARTESIAN_POINT('Ctrl Pts',(-0.317362949927069,17.7260914868832,0.947066701145867));
#2346=CARTESIAN_POINT('Ctrl Pts',(-0.246981679451895,17.8335241478653,1.03568593102237));
#2347=CARTESIAN_POINT('Ctrl Pts',(-0.129008255943675,17.9196605620044,1.1233756666049));
#2348=CARTESIAN_POINT('Ctrl Pts',(0.0170376954969539,17.9719643569776,1.17840648594545));
#2349=CARTESIAN_POINT('Ctrl Pts',(-0.351040950911057,17.7587276417071,0.928547857724376));
#2350=CARTESIAN_POINT('Ctrl Pts',(-0.277287602348644,17.8702675000094,1.02568991283273));
#2351=CARTESIAN_POINT('Ctrl Pts',(-0.152992194560484,17.961209151948,1.12039662281396));
#2352=CARTESIAN_POINT('Ctrl Pts',(7.42110310703037E-9,18.0178982031538,
1.17830005544525));
#2353=CARTESIAN_POINT('',(-0.284018825170322,17.8417857686896,1.00359454858635));
#2354=CARTESIAN_POINT('Ctrl Pts',(7.42110310703037E-9,18.0178982031538,
1.17830005544525));
#2355=CARTESIAN_POINT('Ctrl Pts',(-0.113132269536232,17.9759786715804,1.13548253211807));
#2356=CARTESIAN_POINT('Ctrl Pts',(-0.210572924107781,17.9153295609184,1.0725407005897));
#2357=CARTESIAN_POINT('Ctrl Pts',(-0.283488940315095,17.8414719524395,1.00337105028342));
#2358=CARTESIAN_POINT('',(-0.225006542153265,17.6823962425025,0.938509654700728));
#2359=CARTESIAN_POINT('Ctrl Pts',(-0.225006542153265,17.6823962425025,0.938509654700729));
#2360=CARTESIAN_POINT('Ctrl Pts',(-0.225155658619613,17.6825797278322,0.93865128091574));
#2361=CARTESIAN_POINT('Ctrl Pts',(-0.225304610830085,17.6827635282008,0.938792649501781));
#2362=CARTESIAN_POINT('Ctrl Pts',(-0.225453398071332,17.6829476439104,0.938933762082939));
#2363=CARTESIAN_POINT('Ctrl Pts',(-0.233740842156334,17.6932028824343,0.946793727871855));
#2364=CARTESIAN_POINT('Ctrl Pts',(-0.241448639004285,17.7043403564659,0.953792358905362));
#2365=CARTESIAN_POINT('Ctrl Pts',(-0.248372387651647,17.7162676986309,0.96013466808344));
#2366=CARTESIAN_POINT('Ctrl Pts',(-0.254968821782557,17.7276311855159,0.966177149817232));
#2367=CARTESIAN_POINT('Ctrl Pts',(-0.260854319570999,17.7397124407263,0.971622825995643));
#2368=CARTESIAN_POINT('Ctrl Pts',(-0.265853147616398,17.7524545625775,0.976611993925824));
#2369=CARTESIAN_POINT('Ctrl Pts',(-0.271394208049044,17.7665788466248,0.982142346392178));
#2370=CARTESIAN_POINT('Ctrl Pts',(-0.275735529610128,17.7812448323388,0.987006494289942));
#2371=CARTESIAN_POINT('Ctrl Pts',(-0.278716150776603,17.796300935321,0.99144082668342));
#2372=CARTESIAN_POINT('Ctrl Pts',(-0.281633676425738,17.8110383219842,0.995781290557286));
#2373=CARTESIAN_POINT('Ctrl Pts',(-0.283248264580548,17.8261501401862,0.999709755904548));
#2374=CARTESIAN_POINT('Ctrl Pts',(-0.283432716117694,17.8415288951416,1.00342437988291));
#2375=CARTESIAN_POINT('Ctrl Pts',(-0.225006542153266,17.6823962425025,0.938509654700728));
#2376=CARTESIAN_POINT('Ctrl Pts',(-0.177190963967735,17.7625707317292,1.00039367271643));
#2377=CARTESIAN_POINT('Ctrl Pts',(-0.0986818810506297,17.8283503907501,
1.06098829262289));
#2378=CARTESIAN_POINT('Ctrl Pts',(0.000163584613707777,17.8733027534535,
1.10517060984654));
#2379=CARTESIAN_POINT('Origin',(0.,16.3966132176799,2.60431935124342));
#2380=CARTESIAN_POINT('',(0.387801137595543,17.4237150701983,0.767686095370832));
#2381=CARTESIAN_POINT('Ctrl Pts',(0.225003787227629,17.6822530393528,0.938694065136871));
#2382=CARTESIAN_POINT('Ctrl Pts',(0.296169792876578,17.606839086899,0.881111566205757));
#2383=CARTESIAN_POINT('Ctrl Pts',(0.348071817656093,17.5187506735822,0.822500742721645));
#2384=CARTESIAN_POINT('Ctrl Pts',(0.387139145642876,17.4228929196613,0.768719124934834));
#2385=CARTESIAN_POINT('',(-0.387801150165054,17.4237150325094,0.767686070853376));
#2386=CARTESIAN_POINT('Ctrl Pts',(-0.387672834542537,17.4235636366164,0.767872805226498));
#2387=CARTESIAN_POINT('Ctrl Pts',(-0.387319169094597,17.4244255872756,0.768355315214483));
#2388=CARTESIAN_POINT('Ctrl Pts',(-0.348092510811753,17.5196703787414,0.821763852188695));
#2389=CARTESIAN_POINT('Ctrl Pts',(-0.295520179335834,17.6076851642907,0.881251004019857));
#2390=CARTESIAN_POINT('Ctrl Pts',(-0.224978852284069,17.6823142166464,0.938585913059476));
#2391=CARTESIAN_POINT('',(-0.519365076099296,16.3966132176799,0.5));
#2392=CARTESIAN_POINT('Ctrl Pts',(-0.519365076099296,16.3966132176799,0.5));
#2393=CARTESIAN_POINT('Ctrl Pts',(-0.519365076099296,16.6138848678763,0.5));
#2394=CARTESIAN_POINT('Ctrl Pts',(-0.5073885879842,16.9753086570265,0.556974281551926));
#2395=CARTESIAN_POINT('Ctrl Pts',(-0.436734162137798,17.3039917533646,0.700937850955497));
#2396=CARTESIAN_POINT('Ctrl Pts',(-0.387672834505279,17.4235636367072,0.76787280527733));
#2397=CARTESIAN_POINT('',(0.519365076099294,16.3966132176799,0.500000000000001));
#2398=CARTESIAN_POINT('',(0.,16.3966132176799,0.5));
#2399=CARTESIAN_POINT('Ctrl Pts',(0.38780007170481,17.4230761675666,0.768823799342372));
#2400=CARTESIAN_POINT('Ctrl Pts',(0.411897845145147,17.3639943879183,0.735667706123778));
#2401=CARTESIAN_POINT('Ctrl Pts',(0.509673378815688,17.0484634872489,0.576351248093715));
#2402=CARTESIAN_POINT('Ctrl Pts',(0.520219056801041,16.6863431727704,0.499998470470025));
#2403=CARTESIAN_POINT('Ctrl Pts',(0.520219056801041,16.3966132176799,0.499998470470025));
#2404=CARTESIAN_POINT('Ctrl Pts',(0.0628580660207773,17.8980739236018,-1.12994637245201));
#2405=CARTESIAN_POINT('Ctrl Pts',(-0.0655052439817352,17.8544912652898,
-1.0855629973791));
#2406=CARTESIAN_POINT('Ctrl Pts',(-0.167473925073398,17.77886371949,-1.01296968732954));
#2407=CARTESIAN_POINT('Ctrl Pts',(-0.225006542153229,17.6823962425026,-0.938509654700775));
#2408=CARTESIAN_POINT('Ctrl Pts',(0.0398934862489635,17.9283951039414,-1.1608246247613));
#2409=CARTESIAN_POINT('Ctrl Pts',(-0.0973267224217065,17.8811122110902,
-1.11081398969291));
#2410=CARTESIAN_POINT('Ctrl Pts',(-0.20730099578441,17.8003904963906,-1.0309990193865));
#2411=CARTESIAN_POINT('Ctrl Pts',(-0.271307594449238,17.6981985506674,-0.950706930075981));
#2412=CARTESIAN_POINT('Ctrl Pts',(0.0170376954964566,17.9719643569774,-1.17840648594527));
#2413=CARTESIAN_POINT('Ctrl Pts',(-0.129008287264933,17.9196605507871,-1.12337565480282));
#2414=CARTESIAN_POINT('Ctrl Pts',(-0.246981677158986,17.8335241513652,-1.03568593390942));
#2415=CARTESIAN_POINT('Ctrl Pts',(-0.317362949927026,17.7260914868833,-0.947066701145923));
#2416=CARTESIAN_POINT('Ctrl Pts',(7.42058208283436E-9,18.0178982031536,
-1.17830005544505));
#2417=CARTESIAN_POINT('Ctrl Pts',(-0.152992227371448,17.9612091397903,-1.1203966103958));
#2418=CARTESIAN_POINT('Ctrl Pts',(-0.277287599945879,17.8702675036432,-1.02568991599744));
#2419=CARTESIAN_POINT('Ctrl Pts',(-0.351040950911012,17.7587276417072,-0.928547857724437));
#2420=CARTESIAN_POINT('',(-1.40069776078569E-15,17.8734888518632,-1.10532025412116));
#2421=CARTESIAN_POINT('',(-0.225006542153229,17.6823962425026,-0.938509654700775));
#2422=CARTESIAN_POINT('Ctrl Pts',(-9.15760715522462E-9,17.8734722038209,
-1.10533720899543));
#2423=CARTESIAN_POINT('Ctrl Pts',(-0.0988879509830909,17.8284992211067,
-1.06112469037926));
#2424=CARTESIAN_POINT('Ctrl Pts',(-0.177435491972766,17.7626937379612,-1.00049536625969));
#2425=CARTESIAN_POINT('Ctrl Pts',(-0.225283225249042,17.6824908178957,-0.93858235474195));
#2426=CARTESIAN_POINT('',(-0.284018825170318,17.8417857686896,-1.00359454858636));
#2427=CARTESIAN_POINT('Ctrl Pts',(-0.28343272137952,17.8415288935028,-1.00342437809053));
#2428=CARTESIAN_POINT('Ctrl Pts',(-0.283244280122259,17.8258175515209,-0.999629420306622));
#2429=CARTESIAN_POINT('Ctrl Pts',(-0.281563101532543,17.8103846985045,-0.995611359577407));
#2430=CARTESIAN_POINT('Ctrl Pts',(-0.278525042813296,17.7953453145479,-0.991158636701761));
#2431=CARTESIAN_POINT('Ctrl Pts',(-0.27555129345105,17.7806242829344,-0.986800168668268));
#2432=CARTESIAN_POINT('Ctrl Pts',(-0.271276907461927,17.7662798338731,-0.982025268847525));
#2433=CARTESIAN_POINT('Ctrl Pts',(-0.265853137498812,17.7524545321982,-0.976611981613528));
#2434=CARTESIAN_POINT('Ctrl Pts',(-0.260606272662037,17.7390801653448,-0.97137525759452));
#2435=CARTESIAN_POINT('Ctrl Pts',(-0.254382591853522,17.7264336981995,-0.965635898950848));
#2436=CARTESIAN_POINT('Ctrl Pts',(-0.247385223677333,17.7145814726714,-0.959230748437639));
#2437=CARTESIAN_POINT('Ctrl Pts',(-0.240718638206424,17.7032895308279,-0.953128385052552));
#2438=CARTESIAN_POINT('Ctrl Pts',(-0.23334906423416,17.6927180795607,-0.946422158429551));
#2439=CARTESIAN_POINT('Ctrl Pts',(-0.225453397456375,17.6829476431488,-0.938933761499244));
#2440=CARTESIAN_POINT('Ctrl Pts',(-0.225304610400323,17.6827635276699,-0.938792649093519));
#2441=CARTESIAN_POINT('Ctrl Pts',(-0.225155658433475,17.6825797276033,-0.938651280739034));
#2442=CARTESIAN_POINT('Ctrl Pts',(-0.225006542153229,17.6823962425026,-0.938509654700775));
#2443=CARTESIAN_POINT('',(-6.08601575942703E-9,18.0178982049142,-1.17830005724335));
#2444=CARTESIAN_POINT('Ctrl Pts',(-0.283488942616502,17.841471953795,-1.00337105129561));
#2445=CARTESIAN_POINT('Ctrl Pts',(-0.210572936042403,17.9153295570462,-1.07254069652571));
#2446=CARTESIAN_POINT('Ctrl Pts',(-0.113132298423707,17.9759786595015,-1.13548251972478));
#2447=CARTESIAN_POINT('Ctrl Pts',(-2.08606943800184E-9,18.0178981996311,
-1.17830005184704));
#2448=CARTESIAN_POINT('Ctrl Pts',(2.08003370083532E-9,18.0178981996333,
-1.17830005184932));
#2449=CARTESIAN_POINT('Ctrl Pts',(2.01377188238765E-9,18.0054756514121,
-1.17679216833052));
#2450=CARTESIAN_POINT('Ctrl Pts',(-1.51098137521914E-5,17.9932505889537,
-1.17416225761623));
#2451=CARTESIAN_POINT('Ctrl Pts',(-2.84519974958486E-5,17.9813101041404,
-1.1705614477825));
#2452=CARTESIAN_POINT('Ctrl Pts',(-4.27043627498067E-5,17.9685550593787,
-1.16671499671074));
#2453=CARTESIAN_POINT('Ctrl Pts',(-5.52915425646953E-5,17.9561239630577,
-1.16176069944002));
#2454=CARTESIAN_POINT('Ctrl Pts',(-7.16338624434168E-5,17.9441042513929,
-1.1558343535374));
#2455=CARTESIAN_POINT('Ctrl Pts',(-7.29336353765778E-5,17.943148273539,
-1.15536300650381));
#2456=CARTESIAN_POINT('Ctrl Pts',(-7.42681395301692E-5,17.9421948926493,
-1.15488548662265));
#2457=CARTESIAN_POINT('Ctrl Pts',(-7.5645453534702E-5,17.9412441504772,
-1.15440184999441));
#2458=CARTESIAN_POINT('Ctrl Pts',(-9.39280342951369E-5,17.9286239197334,
-1.14798201712724));
#2459=CARTESIAN_POINT('Ctrl Pts',(-0.000115037486328809,17.9165590503241,
-1.14053324316249));
#2460=CARTESIAN_POINT('Ctrl Pts',(-0.000139453507758545,17.905127922301,
-1.13220444701709));
#2461=CARTESIAN_POINT('Ctrl Pts',(-0.000162985578814981,17.8941106434348,
-1.12417718412857));
#2462=CARTESIAN_POINT('Ctrl Pts',(-0.000190252007467725,17.8836810785277,
-1.11533205818734));
#2463=CARTESIAN_POINT('Ctrl Pts',(-0.00023028889491403,17.8739013601539,
-1.10575827379486));
#2464=CARTESIAN_POINT('Ctrl Pts',(-0.000231063965999989,17.8737120353231,
-1.1055729356245));
#2465=CARTESIAN_POINT('Ctrl Pts',(-0.000231843208050281,17.8735229640105,
-1.10538733280873));
#2466=CARTESIAN_POINT('Ctrl Pts',(-0.000232626663797697,17.873334146677,
-1.10520146601047));
#2467=CARTESIAN_POINT('Ctrl Pts',(0.225006542153265,17.6823962425025,-0.938509654700729));
#2468=CARTESIAN_POINT('Ctrl Pts',(0.167473927578219,17.7788637152901,-1.01296968408777));
#2469=CARTESIAN_POINT('Ctrl Pts',(0.0655052072409096,17.8544912777643,-1.08556301008285));
#2470=CARTESIAN_POINT('Ctrl Pts',(-0.0628580660213608,17.898073923602,-1.12994637245222));
#2471=CARTESIAN_POINT('Ctrl Pts',(0.271307594449279,17.6981985506674,-0.950706930075931));
#2472=CARTESIAN_POINT('Ctrl Pts',(0.207300998571091,17.8003904919415,-1.03099901589081));
#2473=CARTESIAN_POINT('Ctrl Pts',(0.0973266831458098,17.8811122246239,-1.11081400400733));
#2474=CARTESIAN_POINT('Ctrl Pts',(-0.0398934862495876,17.9283951039416,
-1.16082462476153));
#2475=CARTESIAN_POINT('Ctrl Pts',(0.317362949927071,17.7260914868832,-0.947066701145868));
#2476=CARTESIAN_POINT('Ctrl Pts',(0.246981680223202,17.8335241466879,-1.0356859300512));
#2477=CARTESIAN_POINT('Ctrl Pts',(0.129008245462873,17.9196605657579,-1.12337567055415));
#2478=CARTESIAN_POINT('Ctrl Pts',(-0.017037695497121,17.9719643569777,-1.17840648594552));
#2479=CARTESIAN_POINT('Ctrl Pts',(0.351040950911059,17.7587276417071,-0.928547857724376));
#2480=CARTESIAN_POINT('Ctrl Pts',(0.277287603156907,17.8702674987871,-1.02568991176815));
#2481=CARTESIAN_POINT('Ctrl Pts',(0.152992183581193,17.9612091560163,-1.12039662696936));
#2482=CARTESIAN_POINT('Ctrl Pts',(-7.42127816664995E-9,18.0178982031539,
-1.17830005544532));
#2483=CARTESIAN_POINT('',(0.284018825170329,17.8417857686896,-1.00359454858635));
#2484=CARTESIAN_POINT('Ctrl Pts',(-7.42127816664995E-9,18.0178982031539,
-1.17830005544532));
#2485=CARTESIAN_POINT('Ctrl Pts',(0.113132261695233,17.9759786744858,-1.1354825350857));
#2486=CARTESIAN_POINT('Ctrl Pts',(0.21057292079787,17.9153295615197,-1.07254070129956));
#2487=CARTESIAN_POINT('Ctrl Pts',(0.283488939544474,17.8414719519855,-1.00337104994454));
#2488=CARTESIAN_POINT('',(0.225006542153265,17.6823962425025,-0.938509654700729));
#2489=CARTESIAN_POINT('Ctrl Pts',(0.225006542153265,17.6823962425025,-0.938509654700729));
#2490=CARTESIAN_POINT('Ctrl Pts',(0.225155658731511,17.6825797279699,-0.938651281022019));
#2491=CARTESIAN_POINT('Ctrl Pts',(0.225304610925219,17.682763528317,-0.93879264959128));
#2492=CARTESIAN_POINT('Ctrl Pts',(0.225453398277775,17.6829476441651,-0.938933762278171));
#2493=CARTESIAN_POINT('Ctrl Pts',(0.23374081696059,17.6932028513005,-0.946793703984508));
#2494=CARTESIAN_POINT('Ctrl Pts',(0.241448591046016,17.7043402874359,-0.95379231542469));
#2495=CARTESIAN_POINT('Ctrl Pts',(0.248372322328497,17.7162675864373,-0.960134608458394));
#2496=CARTESIAN_POINT('Ctrl Pts',(0.254968784572084,17.7276311091277,-0.966177115717515));
#2497=CARTESIAN_POINT('Ctrl Pts',(0.260854305754499,17.7397124050673,-0.971622812508072));
#2498=CARTESIAN_POINT('Ctrl Pts',(0.265853151007895,17.75245457276,-0.976611998052699));
#2499=CARTESIAN_POINT('Ctrl Pts',(0.271394210685584,17.7665788570756,-0.982142350252952));
#2500=CARTESIAN_POINT('Ctrl Pts',(0.275735531427502,17.7812448430006,-0.987006497945696));
#2501=CARTESIAN_POINT('Ctrl Pts',(0.278716151737706,17.7963009461383,-0.991440830180446));
#2502=CARTESIAN_POINT('Ctrl Pts',(0.281633675880484,17.8110383295783,-0.995781292904829));
#2503=CARTESIAN_POINT('Ctrl Pts',(0.283248263090694,17.8261501443335,-0.9997097573349));
#2504=CARTESIAN_POINT('Ctrl Pts',(0.28343271435599,17.8415288956901,-1.00342438048294));
#2505=CARTESIAN_POINT('Ctrl Pts',(0.225006542153265,17.6823962425025,-0.938509654700729));
#2506=CARTESIAN_POINT('Ctrl Pts',(0.177190964961226,17.7625707300634,-1.00039367143064));
#2507=CARTESIAN_POINT('Ctrl Pts',(0.0986818764064139,17.828350391322,-1.06098829340398));
#2508=CARTESIAN_POINT('Ctrl Pts',(-0.000163584881398577,17.8733027531489,
-1.10517060960187));
#2509=CARTESIAN_POINT('Origin',(0.,16.3966132176799,-2.60431935124342));
#2510=CARTESIAN_POINT('',(-0.387801137595544,17.4237150701983,-0.767686095370836));
#2511=CARTESIAN_POINT('Ctrl Pts',(-0.225003785511802,17.6822530344106,-0.938694069733955));
#2512=CARTESIAN_POINT('Ctrl Pts',(-0.296169776959518,17.6068390864475,-0.881111582065343));
#2513=CARTESIAN_POINT('Ctrl Pts',(-0.348071800039827,17.5187506693712,-0.822500752482477));
#2514=CARTESIAN_POINT('Ctrl Pts',(-0.387139131906903,17.4228929123823,-0.768719128856688));
#2515=CARTESIAN_POINT('',(0.387801150164353,17.4237150325115,-0.767686070854738));
#2516=CARTESIAN_POINT('Ctrl Pts',(0.387672817267121,17.4235636293846,-0.767872806977683));
#2517=CARTESIAN_POINT('Ctrl Pts',(0.387317736720234,17.4244290285685,-0.768357247186407));
#2518=CARTESIAN_POINT('Ctrl Pts',(0.348090596672378,17.5196735224338,-0.821765959123939));
#2519=CARTESIAN_POINT('Ctrl Pts',(0.29551753732722,17.6076878609954,-0.881253146663404));
#2520=CARTESIAN_POINT('Ctrl Pts',(0.224978835100876,17.6823141851896,-0.938585935113185));
#2521=CARTESIAN_POINT('',(0.519365076099294,16.3966132176799,-0.5));
#2522=CARTESIAN_POINT('Ctrl Pts',(0.519365076099294,16.3966132176799,-0.5));
#2523=CARTESIAN_POINT('Ctrl Pts',(0.519365076099294,16.6138873580948,-0.5));
#2524=CARTESIAN_POINT('Ctrl Pts',(0.507388515006095,16.9753111501249,-0.556974948946033));
#2525=CARTESIAN_POINT('Ctrl Pts',(0.436733304577192,17.3039938415064,-0.70093905654405));
#2526=CARTESIAN_POINT('Ctrl Pts',(0.387672817229866,17.4235636294754,-0.767872807028511));
#2527=CARTESIAN_POINT('',(-0.519365076099296,16.3966132176799,-0.5));
#2528=CARTESIAN_POINT('',(0.,16.3966132176799,-0.5));
#2529=CARTESIAN_POINT('Ctrl Pts',(-0.38780007176476,17.4230761641163,-0.768823805441139));
#2530=CARTESIAN_POINT('Ctrl Pts',(-0.411897762965404,17.3639945910278,-0.735667825433659));
#2531=CARTESIAN_POINT('Ctrl Pts',(-0.509673409559436,17.0484637336237,-0.576351315086028));
#2532=CARTESIAN_POINT('Ctrl Pts',(-0.520219074633282,16.68634341933,-0.499998470406158));
#2533=CARTESIAN_POINT('Ctrl Pts',(-0.520219074633282,16.3966132176799,-0.499998470406158));
#2534=CARTESIAN_POINT('Ctrl Pts',(-0.550000000000001,12.4781837420073,0.2));
#2535=CARTESIAN_POINT('Ctrl Pts',(-0.642466378952513,12.4865745230362,0.2));
#2536=CARTESIAN_POINT('Ctrl Pts',(-0.855526508830498,12.5059084789673,0.0302039492939363));
#2537=CARTESIAN_POINT('Ctrl Pts',(-0.673288505270017,12.4893714500458,-0.2));
#2538=CARTESIAN_POINT('Ctrl Pts',(-0.550000000000001,12.4781837420073,-0.2));
#2539=CARTESIAN_POINT('Ctrl Pts',(-0.550000000000001,12.4781837420073,0.2));
#2540=CARTESIAN_POINT('Ctrl Pts',(-0.641564182669198,12.4916911324155,0.2));
#2541=CARTESIAN_POINT('Ctrl Pts',(-0.848862695216419,12.5219415362146,0.0298527220606283));
#2542=CARTESIAN_POINT('Ctrl Pts',(-0.672085576892263,12.4961935958848,-0.2));
#2543=CARTESIAN_POINT('Ctrl Pts',(-0.550000000000001,12.4781837420073,-0.2));
#2544=CARTESIAN_POINT('Ctrl Pts',(-0.550000000000001,12.4781837420073,0.2));
#2545=CARTESIAN_POINT('Ctrl Pts',(-0.640661986385882,12.4968077417947,0.2));
#2546=CARTESIAN_POINT('Ctrl Pts',(-0.845805116369451,12.5392819275415,0.0298527220606284));
#2547=CARTESIAN_POINT('Ctrl Pts',(-0.670882648514509,12.5030157417239,-0.2));
#2548=CARTESIAN_POINT('Ctrl Pts',(-0.550000000000001,12.4781837420073,-0.2));
#2549=CARTESIAN_POINT('Ctrl Pts',(-0.550000000000001,12.4781837420073,0.2));
#2550=CARTESIAN_POINT('Ctrl Pts',(-0.639759790102567,12.501924351174,0.2));
#2551=CARTESIAN_POINT('Ctrl Pts',(-0.846583424311224,12.5566272316128,0.0302039492939365));
#2552=CARTESIAN_POINT('Ctrl Pts',(-0.669679720136755,12.5098378875629,-0.2));
#2553=CARTESIAN_POINT('Ctrl Pts',(-0.550000000000001,12.4781837420073,-0.2));
#2554=CARTESIAN_POINT('',(-0.55,12.4781837420073,0.2));
#2555=CARTESIAN_POINT('',(-0.55,12.4781837420073,-0.2));
#2556=CARTESIAN_POINT('Origin',(-0.550000000000002,12.4781837420073,0.));
#2557=CARTESIAN_POINT('Origin',(-0.550000000000002,12.4781837420073,0.));
#2558=CARTESIAN_POINT('Ctrl Pts',(-0.550000000000001,12.4781837420073,-0.2));
#2559=CARTESIAN_POINT('Ctrl Pts',(-0.460240209897436,12.4702702056184,-0.2));
#2560=CARTESIAN_POINT('Ctrl Pts',(-0.253413636297238,12.4520356529918,-0.0302046179339157));
#2561=CARTESIAN_POINT('Ctrl Pts',(-0.430320279863248,12.4676323601554,0.2));
#2562=CARTESIAN_POINT('Ctrl Pts',(-0.550000000000001,12.4781837420073,0.2));
#2563=CARTESIAN_POINT('Ctrl Pts',(-0.550000000000001,12.4781837420073,-0.2));
#2564=CARTESIAN_POINT('Ctrl Pts',(-0.461142406180752,12.4651535962391,-0.2));
#2565=CARTESIAN_POINT('Ctrl Pts',(-0.252635909051568,12.4346902462324,-0.0305558895843995));
#2566=CARTESIAN_POINT('Ctrl Pts',(-0.431523208241002,12.4608102143164,0.2));
#2567=CARTESIAN_POINT('Ctrl Pts',(-0.550000000000001,12.4781837420073,0.2));
#2568=CARTESIAN_POINT('Ctrl Pts',(-0.550000000000001,12.4781837420073,-0.2));
#2569=CARTESIAN_POINT('Ctrl Pts',(-0.462044602464067,12.4600369868598,-0.2));
#2570=CARTESIAN_POINT('Ctrl Pts',(-0.255693506390366,12.4173497500331,-0.0305558895843995));
#2571=CARTESIAN_POINT('Ctrl Pts',(-0.432726136618756,12.4539880684773,0.2));
#2572=CARTESIAN_POINT('Ctrl Pts',(-0.550000000000001,12.4781837420073,0.2));
#2573=CARTESIAN_POINT('Ctrl Pts',(-0.550000000000001,12.4781837420073,-0.2));
#2574=CARTESIAN_POINT('Ctrl Pts',(-0.462946798747383,12.4549203774805,-0.2));
#2575=CARTESIAN_POINT('Ctrl Pts',(-0.262356809450014,12.4013163976808,-0.0302046179339157));
#2576=CARTESIAN_POINT('Ctrl Pts',(-0.43392906499651,12.4471659226383,0.2));
#2577=CARTESIAN_POINT('Ctrl Pts',(-0.550000000000001,12.4781837420073,0.2));
#2578=CARTESIAN_POINT('',(-0.350000000000001,12.4605510439365,-2.44929359829472E-17));
#2579=CARTESIAN_POINT('Origin',(-0.550000000000002,12.4781837420073,0.));
#2580=CARTESIAN_POINT('Origin',(-0.550000000000002,12.4781837420073,0.));
#2581=CARTESIAN_POINT('',(-0.356030737921412,12.4263490296039,-2.44929359829471E-17));
#2582=CARTESIAN_POINT('Origin',(-0.550000000000002,12.4781837420073,0.));
#2583=CARTESIAN_POINT('Origin',(-0.550000000000002,12.4781837420073,0.));
#2584=CARTESIAN_POINT('Ctrl Pts',(0.550000000000001,12.4781837420073,-0.2));
#2585=CARTESIAN_POINT('Ctrl Pts',(0.642466378952513,12.4865745230362,-0.2));
#2586=CARTESIAN_POINT('Ctrl Pts',(0.855526508830498,12.5059084789673,-0.0302039492939362));
#2587=CARTESIAN_POINT('Ctrl Pts',(0.673288505270017,12.4893714500458,0.2));
#2588=CARTESIAN_POINT('Ctrl Pts',(0.550000000000001,12.4781837420073,0.2));
#2589=CARTESIAN_POINT('Ctrl Pts',(0.550000000000001,12.4781837420073,-0.2));
#2590=CARTESIAN_POINT('Ctrl Pts',(0.641564182669198,12.4916911324155,-0.2));
#2591=CARTESIAN_POINT('Ctrl Pts',(0.848862695216418,12.5219415362146,-0.0298527220606282));
#2592=CARTESIAN_POINT('Ctrl Pts',(0.672085576892263,12.4961935958848,0.2));
#2593=CARTESIAN_POINT('Ctrl Pts',(0.550000000000001,12.4781837420073,0.2));
#2594=CARTESIAN_POINT('Ctrl Pts',(0.550000000000001,12.4781837420073,-0.2));
#2595=CARTESIAN_POINT('Ctrl Pts',(0.640661986385882,12.4968077417947,-0.2));
#2596=CARTESIAN_POINT('Ctrl Pts',(0.845805116369452,12.5392819275415,-0.0298527220606283));
#2597=CARTESIAN_POINT('Ctrl Pts',(0.670882648514509,12.5030157417239,0.2));
#2598=CARTESIAN_POINT('Ctrl Pts',(0.550000000000001,12.4781837420073,0.2));
#2599=CARTESIAN_POINT('Ctrl Pts',(0.550000000000001,12.4781837420073,-0.2));
#2600=CARTESIAN_POINT('Ctrl Pts',(0.639759790102567,12.501924351174,-0.2));
#2601=CARTESIAN_POINT('Ctrl Pts',(0.846583424311224,12.5566272316128,-0.0302039492939364));
#2602=CARTESIAN_POINT('Ctrl Pts',(0.669679720136755,12.5098378875629,0.2));
#2603=CARTESIAN_POINT('Ctrl Pts',(0.550000000000001,12.4781837420073,0.2));
#2604=CARTESIAN_POINT('',(0.55,12.4781837420073,-0.2));
#2605=CARTESIAN_POINT('',(0.55,12.4781837420073,0.2));
#2606=CARTESIAN_POINT('Origin',(0.550000000000002,12.4781837420073,6.73555739531046E-17));
#2607=CARTESIAN_POINT('Origin',(0.550000000000002,12.4781837420073,6.73555739531046E-17));
#2608=CARTESIAN_POINT('Ctrl Pts',(0.550000000000001,12.4781837420073,0.2));
#2609=CARTESIAN_POINT('Ctrl Pts',(0.460240209897436,12.4702702056184,0.2));
#2610=CARTESIAN_POINT('Ctrl Pts',(0.253413636297238,12.4520356529918,0.0302046179339157));
#2611=CARTESIAN_POINT('Ctrl Pts',(0.430320279863248,12.4676323601554,-0.2));
#2612=CARTESIAN_POINT('Ctrl Pts',(0.550000000000001,12.4781837420073,-0.2));
#2613=CARTESIAN_POINT('Ctrl Pts',(0.550000000000001,12.4781837420073,0.2));
#2614=CARTESIAN_POINT('Ctrl Pts',(0.461142406180752,12.4651535962391,0.2));
#2615=CARTESIAN_POINT('Ctrl Pts',(0.252635909051568,12.4346902462324,0.0305558895843995));
#2616=CARTESIAN_POINT('Ctrl Pts',(0.431523208241002,12.4608102143164,-0.2));
#2617=CARTESIAN_POINT('Ctrl Pts',(0.550000000000001,12.4781837420073,-0.2));
#2618=CARTESIAN_POINT('Ctrl Pts',(0.550000000000001,12.4781837420073,0.2));
#2619=CARTESIAN_POINT('Ctrl Pts',(0.462044602464067,12.4600369868598,0.2));
#2620=CARTESIAN_POINT('Ctrl Pts',(0.255693506390367,12.4173497500331,0.0305558895843995));
#2621=CARTESIAN_POINT('Ctrl Pts',(0.432726136618756,12.4539880684773,-0.2));
#2622=CARTESIAN_POINT('Ctrl Pts',(0.550000000000001,12.4781837420073,-0.2));
#2623=CARTESIAN_POINT('Ctrl Pts',(0.550000000000001,12.4781837420073,0.2));
#2624=CARTESIAN_POINT('Ctrl Pts',(0.462946798747383,12.4549203774805,0.2));
#2625=CARTESIAN_POINT('Ctrl Pts',(0.262356809450014,12.4013163976808,0.0302046179339158));
#2626=CARTESIAN_POINT('Ctrl Pts',(0.43392906499651,12.4471659226383,-0.2));
#2627=CARTESIAN_POINT('Ctrl Pts',(0.550000000000001,12.4781837420073,-0.2));
#2628=CARTESIAN_POINT('',(0.350000000000001,12.4605510439365,6.73555739531047E-17));
#2629=CARTESIAN_POINT('Origin',(0.550000000000002,12.4781837420073,6.73555739531046E-17));
#2630=CARTESIAN_POINT('Origin',(0.550000000000002,12.4781837420073,6.73555739531046E-17));
#2631=CARTESIAN_POINT('',(0.356030737921412,12.4263490296039,6.80941263422997E-17));
#2632=CARTESIAN_POINT('Origin',(0.550000000000002,12.4781837420073,6.73555739531047E-17));
#2633=CARTESIAN_POINT('Origin',(0.550000000000002,12.4781837420073,6.73555739531047E-17));
#2634=CARTESIAN_POINT('Ctrl Pts',(-1.26999999999999,10.5,0.2));
#2635=CARTESIAN_POINT('Ctrl Pts',(-1.3570532012526,10.5232633645267,0.200000000000011));
#2636=CARTESIAN_POINT('Ctrl Pts',(-1.55767004387097,10.5768745203819,0.0302109163302409));
#2637=CARTESIAN_POINT('Ctrl Pts',(-1.38607093500347,10.531017819369,-0.200000000000014));
#2638=CARTESIAN_POINT('Ctrl Pts',(-1.26999999999999,10.5,-0.2));
#2639=CARTESIAN_POINT('Ctrl Pts',(-1.26999999999999,10.5,0.2));
#2640=CARTESIAN_POINT('Ctrl Pts',(-1.35795539753592,10.5181467551474,0.20000000000001));
#2641=CARTESIAN_POINT('Ctrl Pts',(-1.56432853765469,10.5608383882249,0.0305626063777462));
#2642=CARTESIAN_POINT('Ctrl Pts',(-1.38727386338123,10.5241956735299,-0.200000000000014));
#2643=CARTESIAN_POINT('Ctrl Pts',(-1.26999999999999,10.5,-0.2));
#2644=CARTESIAN_POINT('Ctrl Pts',(-1.26999999999999,10.5,0.2));
#2645=CARTESIAN_POINT('Ctrl Pts',(-1.35885759381923,10.5130301457681,0.20000000000001));
#2646=CARTESIAN_POINT('Ctrl Pts',(-1.56738630918123,10.5434969041579,0.0305626063777467));
#2647=CARTESIAN_POINT('Ctrl Pts',(-1.38847679175898,10.5173735276909,-0.200000000000014));
#2648=CARTESIAN_POINT('Ctrl Pts',(-1.26999999999999,10.5,-0.2));
#2649=CARTESIAN_POINT('Ctrl Pts',(-1.26999999999999,10.5,0.2));
#2650=CARTESIAN_POINT('Ctrl Pts',(-1.35975979010254,10.5079135363889,0.20000000000001));
#2651=CARTESIAN_POINT('Ctrl Pts',(-1.56661405192584,10.5261505301058,0.0302109163302424));
#2652=CARTESIAN_POINT('Ctrl Pts',(-1.38967972013673,10.5105513818518,-0.200000000000014));
#2653=CARTESIAN_POINT('Ctrl Pts',(-1.26999999999999,10.5,-0.2));
#2654=CARTESIAN_POINT('',(-1.27,10.5,0.2));
#2655=CARTESIAN_POINT('',(-1.27,10.5,-0.2));
#2656=CARTESIAN_POINT('Origin',(-1.27000000000001,10.5,0.));
#2657=CARTESIAN_POINT('Origin',(-1.27,10.5,0.));
#2658=CARTESIAN_POINT('Origin',(-1.27,10.5,0.));
#2659=CARTESIAN_POINT('',(-1.07,10.4647346038583,-2.4492935982947E-17));
#2660=CARTESIAN_POINT('',(-1.08206147584282,10.4315959713349,-2.44929359829471E-17));
#2661=CARTESIAN_POINT('Origin',(-1.27,10.5,0.));
#2662=CARTESIAN_POINT('Origin',(-1.27,10.5,0.));
#2663=CARTESIAN_POINT('Ctrl Pts',(1.26999999999999,10.5,-0.2));
#2664=CARTESIAN_POINT('Ctrl Pts',(1.38607093500347,10.531017819369,-0.200000000000014));
#2665=CARTESIAN_POINT('Ctrl Pts',(1.55767004387097,10.5768745203819,0.030210916330241));
#2666=CARTESIAN_POINT('Ctrl Pts',(1.3570532012526,10.5232633645267,0.200000000000011));
#2667=CARTESIAN_POINT('Ctrl Pts',(1.26999999999999,10.5,0.2));
#2668=CARTESIAN_POINT('Ctrl Pts',(1.26999999999999,10.5,-0.2));
#2669=CARTESIAN_POINT('Ctrl Pts',(1.38727386338123,10.5241956735299,-0.200000000000014));
#2670=CARTESIAN_POINT('Ctrl Pts',(1.56432853765469,10.5608383882249,0.0305626063777463));
#2671=CARTESIAN_POINT('Ctrl Pts',(1.35795539753592,10.5181467551474,0.200000000000011));
#2672=CARTESIAN_POINT('Ctrl Pts',(1.26999999999999,10.5,0.2));
#2673=CARTESIAN_POINT('Ctrl Pts',(1.26999999999999,10.5,-0.2));
#2674=CARTESIAN_POINT('Ctrl Pts',(1.38847679175898,10.5173735276909,-0.200000000000014));
#2675=CARTESIAN_POINT('Ctrl Pts',(1.56738630918123,10.5434969041579,0.0305626063777469));
#2676=CARTESIAN_POINT('Ctrl Pts',(1.35885759381923,10.5130301457681,0.20000000000001));
#2677=CARTESIAN_POINT('Ctrl Pts',(1.26999999999999,10.5,0.2));
#2678=CARTESIAN_POINT('Ctrl Pts',(1.26999999999999,10.5,-0.2));
#2679=CARTESIAN_POINT('Ctrl Pts',(1.38967972013673,10.5105513818518,-0.200000000000013));
#2680=CARTESIAN_POINT('Ctrl Pts',(1.56661405192584,10.5261505301058,0.0302109163302426));
#2681=CARTESIAN_POINT('Ctrl Pts',(1.35975979010254,10.5079135363889,0.20000000000001));
#2682=CARTESIAN_POINT('Ctrl Pts',(1.26999999999999,10.5,0.2));
#2683=CARTESIAN_POINT('',(1.27,10.5,-0.2));
#2684=CARTESIAN_POINT('',(1.27,10.5,0.2));
#2685=CARTESIAN_POINT('Origin',(1.27000000000001,10.5,1.55530143491715E-16));
#2686=CARTESIAN_POINT('Origin',(1.27,10.5,1.55530143491714E-16));
#2687=CARTESIAN_POINT('Origin',(1.27,10.5,1.55530143491714E-16));
#2688=CARTESIAN_POINT('',(1.07,10.4647346038583,1.55530143491714E-16));
#2689=CARTESIAN_POINT('',(1.08206147584282,10.4315959713349,1.57007248270104E-16));
#2690=CARTESIAN_POINT('Origin',(1.27,10.5,1.55530143491714E-16));
#2691=CARTESIAN_POINT('Origin',(1.27,10.5,1.55530143491714E-16));
#2692=CARTESIAN_POINT('Origin',(-0.550000000000002,17.7716132176799,-0.251884096766052));
#2693=CARTESIAN_POINT('',(-0.519365076099296,16.25,-0.5));
#2694=CARTESIAN_POINT('',(-0.519365076099296,17.7716132176799,-0.5));
#2695=CARTESIAN_POINT('',(-0.300000000000001,16.0000070997421,-0.251884096766052));
#2696=CARTESIAN_POINT('Ctrl Pts',(-0.300000000000001,16.0000070997421,-0.251884096766051));
#2697=CARTESIAN_POINT('Ctrl Pts',(-0.300000000000001,16.0000904329697,-0.262941233348965));
#2698=CARTESIAN_POINT('Ctrl Pts',(-0.300740126740674,16.0009146213501,-0.274091497865427));
#2699=CARTESIAN_POINT('Ctrl Pts',(-0.304387093171729,16.0047724868628,-0.301286444033485));
#2700=CARTESIAN_POINT('Ctrl Pts',(-0.308157332104552,16.0086711487595,-0.317195339405829));
#2701=CARTESIAN_POINT('Ctrl Pts',(-0.32351376400445,16.0244306607187,-0.362417865036723));
#2702=CARTESIAN_POINT('Ctrl Pts',(-0.339357094279023,16.0405691817858,-0.389207395543542));
#2703=CARTESIAN_POINT('Ctrl Pts',(-0.382870954067205,16.0849579151026,-0.442443530408488));
#2704=CARTESIAN_POINT('Ctrl Pts',(-0.415491747752026,16.1182181493994,-0.465355839595465));
#2705=CARTESIAN_POINT('Ctrl Pts',(-0.461838884329333,16.1668377333492,-0.486426934875337));
#2706=CARTESIAN_POINT('Ctrl Pts',(-0.476755959307532,16.1827403896534,-0.491307946305734));
#2707=CARTESIAN_POINT('Ctrl Pts',(-0.496745371303583,16.2060927562562,-0.496242478347554));
#2708=CARTESIAN_POINT('Ctrl Pts',(-0.502930226377002,16.21364171026,-0.497474363233832));
#2709=CARTESIAN_POINT('Ctrl Pts',(-0.511061319864326,16.2256941870685,-0.498848417170231));
#2710=CARTESIAN_POINT('Ctrl Pts',(-0.513531955701516,16.2297993642695,-0.499221409893389));
#2711=CARTESIAN_POINT('Ctrl Pts',(-0.517691372129908,16.2388413473731,-0.49979428196121));
#2712=CARTESIAN_POINT('Ctrl Pts',(-0.519365076099296,16.2437847103577,-0.5));
#2713=CARTESIAN_POINT('Ctrl Pts',(-0.519365076099296,16.25,-0.5));
#2714=CARTESIAN_POINT('',(-0.300000000000002,17.7716132176799,-0.251884096766052));
#2715=CARTESIAN_POINT('Origin',(-0.300000000000001,15.,0.));
#2716=CARTESIAN_POINT('',(-0.300000000000001,16.,-0.25));
#2717=CARTESIAN_POINT('Origin',(-0.300000000000001,16.25,-0.25));
#2718=CARTESIAN_POINT('',(-0.300000000000001,16.,0.25));
#2719=CARTESIAN_POINT('',(-0.300000000000001,16.,0.));
#2720=CARTESIAN_POINT('',(-0.300000000000001,16.0000070997421,0.251884096766052));
#2721=CARTESIAN_POINT('Origin',(-0.300000000000001,16.25,0.25));
#2722=CARTESIAN_POINT('',(-0.300000000000002,17.7716132176799,0.251884096766052));
#2723=CARTESIAN_POINT('Origin',(0.,16.3966132176799,-0.5));
#2724=CARTESIAN_POINT('',(0.519365076099294,16.25,-0.5));
#2725=CARTESIAN_POINT('',(-0.150000000000001,16.25,-0.5));
#2726=CARTESIAN_POINT('',(-0.519365076099296,17.7716132176799,-0.5));
#2727=CARTESIAN_POINT('',(0.519365076099294,16.375,-0.5));
#2728=CARTESIAN_POINT('Origin',(0.549999999999998,16.375,-0.251884096766052));
#2729=CARTESIAN_POINT('',(0.299999999999999,16.0000070997421,-0.251884096766052));
#2730=CARTESIAN_POINT('',(0.299999999999998,16.375,-0.251884096766052));
#2731=CARTESIAN_POINT('Ctrl Pts',(0.519365076099293,16.25,-0.5));
#2732=CARTESIAN_POINT('Ctrl Pts',(0.519365076099293,16.2437847103577,-0.5));
#2733=CARTESIAN_POINT('Ctrl Pts',(0.517691372129907,16.2388413473731,-0.49979428196121));
#2734=CARTESIAN_POINT('Ctrl Pts',(0.513531955701515,16.2297993642695,-0.499221409893389));
#2735=CARTESIAN_POINT('Ctrl Pts',(0.511061319864325,16.2256941870685,-0.498848417170231));
#2736=CARTESIAN_POINT('Ctrl Pts',(0.502930226377001,16.21364171026,-0.497474363233832));
#2737=CARTESIAN_POINT('Ctrl Pts',(0.496745371303581,16.2060927562562,-0.496242478347554));
#2738=CARTESIAN_POINT('Ctrl Pts',(0.47675595930753,16.1827403896534,-0.491307946305734));
#2739=CARTESIAN_POINT('Ctrl Pts',(0.46183888432933,16.1668377333492,-0.486426934875337));
#2740=CARTESIAN_POINT('Ctrl Pts',(0.415491747752024,16.1182181493994,-0.465355839595465));
#2741=CARTESIAN_POINT('Ctrl Pts',(0.382870954067202,16.0849579151026,-0.442443530408488));
#2742=CARTESIAN_POINT('Ctrl Pts',(0.33935709427902,16.0405691817858,-0.389207395543543));
#2743=CARTESIAN_POINT('Ctrl Pts',(0.323513764004448,16.0244306607187,-0.362417865036725));
#2744=CARTESIAN_POINT('Ctrl Pts',(0.308157332104549,16.0086711487595,-0.317195339405831));
#2745=CARTESIAN_POINT('Ctrl Pts',(0.304387093171726,16.0047724868628,-0.301286444033487));
#2746=CARTESIAN_POINT('Ctrl Pts',(0.300740126740671,16.0009146213501,-0.274091497865428));
#2747=CARTESIAN_POINT('Ctrl Pts',(0.299999999999999,16.0000904329697,-0.262941233348965));
#2748=CARTESIAN_POINT('Ctrl Pts',(0.299999999999999,16.0000070997421,-0.251884096766051));
#2749=CARTESIAN_POINT('',(0.519365076099294,16.375,-0.5));
#2750=CARTESIAN_POINT('Origin',(-0.150000000000001,16.25,-0.25));
#2751=CARTESIAN_POINT('',(0.299999999999999,16.,-0.25));
#2752=CARTESIAN_POINT('Origin',(0.299999999999999,16.25,-0.25));
#2753=CARTESIAN_POINT('',(-0.150000000000001,16.,-0.25));
#2754=CARTESIAN_POINT('Origin',(-0.550000000000002,17.7716132176799,0.251884096766052));
#2755=CARTESIAN_POINT('',(-0.519365076099295,16.25,0.5));
#2756=CARTESIAN_POINT('Ctrl Pts',(-0.519365076099295,16.25,0.5));
#2757=CARTESIAN_POINT('Ctrl Pts',(-0.519365076099295,16.2437847103577,0.5));
#2758=CARTESIAN_POINT('Ctrl Pts',(-0.517691372129909,16.2388413473731,0.49979428196121));
#2759=CARTESIAN_POINT('Ctrl Pts',(-0.513531955701518,16.2297993642695,0.499221409893389));
#2760=CARTESIAN_POINT('Ctrl Pts',(-0.511061319864328,16.2256941870686,0.498848417170231));
#2761=CARTESIAN_POINT('Ctrl Pts',(-0.502930226377004,16.21364171026,0.497474363233832));
#2762=CARTESIAN_POINT('Ctrl Pts',(-0.496745371303584,16.2060927562562,0.496242478347554));
#2763=CARTESIAN_POINT('Ctrl Pts',(-0.476755959307533,16.1827403896534,0.491307946305734));
#2764=CARTESIAN_POINT('Ctrl Pts',(-0.461838884329333,16.1668377333493,0.486426934875337));
#2765=CARTESIAN_POINT('Ctrl Pts',(-0.415491747752026,16.1182181493994,0.465355839595465));
#2766=CARTESIAN_POINT('Ctrl Pts',(-0.382870954067205,16.0849579151026,0.442443530408488));
#2767=CARTESIAN_POINT('Ctrl Pts',(-0.339357094279023,16.0405691817858,0.389207395543543));
#2768=CARTESIAN_POINT('Ctrl Pts',(-0.32351376400445,16.0244306607187,0.362417865036724));
#2769=CARTESIAN_POINT('Ctrl Pts',(-0.308157332104552,16.0086711487595,0.317195339405829));
#2770=CARTESIAN_POINT('Ctrl Pts',(-0.304387093171729,16.0047724868628,0.301286444033485));
#2771=CARTESIAN_POINT('Ctrl Pts',(-0.300740126740674,16.0009146213501,0.274091497865427));
#2772=CARTESIAN_POINT('Ctrl Pts',(-0.300000000000001,16.0000904329697,0.262941233348965));
#2773=CARTESIAN_POINT('Ctrl Pts',(-0.300000000000001,16.0000070997421,0.251884096766051));
#2774=CARTESIAN_POINT('',(-0.519365076099296,17.7716132176799,0.5));
#2775=CARTESIAN_POINT('Origin',(0.,15.,0.5));
#2776=CARTESIAN_POINT('',(0.519365076099294,16.25,0.5));
#2777=CARTESIAN_POINT('',(-0.150000000000001,16.25,0.5));
#2778=CARTESIAN_POINT('',(0.519365076099294,16.375,0.5));
#2779=CARTESIAN_POINT('',(-0.519365076099296,17.7716132176799,0.5));
#2780=CARTESIAN_POINT('Origin',(0.549999999999998,16.375,0.251884096766052));
#2781=CARTESIAN_POINT('',(0.519365076099294,16.375,0.5));
#2782=CARTESIAN_POINT('',(0.299999999999999,16.0000070997421,0.251884096766052));
#2783=CARTESIAN_POINT('Ctrl Pts',(0.299999999999999,16.0000070997421,0.251884096766051));
#2784=CARTESIAN_POINT('Ctrl Pts',(0.299999999999999,16.0000904329697,0.262941233348965));
#2785=CARTESIAN_POINT('Ctrl Pts',(0.300740126740671,16.0009146213501,0.274091497865427));
#2786=CARTESIAN_POINT('Ctrl Pts',(0.304387093171726,16.0047724868628,0.301286444033486));
#2787=CARTESIAN_POINT('Ctrl Pts',(0.308157332104549,16.0086711487595,0.317195339405829));
#2788=CARTESIAN_POINT('Ctrl Pts',(0.323513764004448,16.0244306607187,0.362417865036724));
#2789=CARTESIAN_POINT('Ctrl Pts',(0.33935709427902,16.0405691817858,0.389207395543543));
#2790=CARTESIAN_POINT('Ctrl Pts',(0.382870954067202,16.0849579151026,0.442443530408488));
#2791=CARTESIAN_POINT('Ctrl Pts',(0.415491747752024,16.1182181493994,0.465355839595465));
#2792=CARTESIAN_POINT('Ctrl Pts',(0.461838884329331,16.1668377333493,0.486426934875337));
#2793=CARTESIAN_POINT('Ctrl Pts',(0.476755959307532,16.1827403896534,0.491307946305735));
#2794=CARTESIAN_POINT('Ctrl Pts',(0.496745371303583,16.2060927562562,0.496242478347555));
#2795=CARTESIAN_POINT('Ctrl Pts',(0.502930226377002,16.21364171026,0.497474363233832));
#2796=CARTESIAN_POINT('Ctrl Pts',(0.511061319864326,16.2256941870686,0.498848417170231));
#2797=CARTESIAN_POINT('Ctrl Pts',(0.513531955701516,16.2297993642695,0.499221409893389));
#2798=CARTESIAN_POINT('Ctrl Pts',(0.517691372129907,16.2388413473731,0.49979428196121));
#2799=CARTESIAN_POINT('Ctrl Pts',(0.519365076099294,16.2437847103577,0.5));
#2800=CARTESIAN_POINT('Ctrl Pts',(0.519365076099294,16.25,0.5));
#2801=CARTESIAN_POINT('',(0.299999999999998,16.375,0.251884096766052));
#2802=CARTESIAN_POINT('Origin',(0.299999999999999,16.,0.));
#2803=CARTESIAN_POINT('',(0.299999999999999,16.,0.25));
#2804=CARTESIAN_POINT('Origin',(0.299999999999999,16.25,0.25));
#2805=CARTESIAN_POINT('',(0.299999999999999,16.,0.));
#2806=CARTESIAN_POINT('Origin',(-0.150000000000001,16.25,0.25));
#2807=CARTESIAN_POINT('',(-0.150000000000001,16.,0.25));
#2808=CARTESIAN_POINT('Ctrl Pts',(0.162435133502764,17.7409554461565,0.985398752587547));
#2809=CARTESIAN_POINT('Ctrl Pts',(0.317553739202315,17.6122599480428,0.878530761116796));
#2810=CARTESIAN_POINT('Ctrl Pts',(0.504609362218086,17.1953753667433,0.607337193850044));
#2811=CARTESIAN_POINT('Ctrl Pts',(0.519365076099294,16.6863137873639,0.5));
#2812=CARTESIAN_POINT('Ctrl Pts',(0.519365076099294,16.3966132176799,0.500000000000001));
#2813=CARTESIAN_POINT('Ctrl Pts',(0.196003216783207,17.7623597524869,1.0031727637992));
#2814=CARTESIAN_POINT('Ctrl Pts',(0.360419191183444,17.6302268188258,0.890609753954614));
#2815=CARTESIAN_POINT('Ctrl Pts',(0.562318519593657,17.2023911832608,0.608194356878457));
#2816=CARTESIAN_POINT('Ctrl Pts',(0.582317770051413,16.6884640542163,0.5));
#2817=CARTESIAN_POINT('Ctrl Pts',(0.582317770051413,16.3966132176799,0.500000000000001));
#2818=CARTESIAN_POINT('Ctrl Pts',(0.25467696785781,17.8128288271317,1.01851684461815));
#2819=CARTESIAN_POINT('Ctrl Pts',(0.435292096178436,17.675378008821,0.892556826673303));
#2820=CARTESIAN_POINT('Ctrl Pts',(0.662982809680533,17.2302208228228,0.577176678374959));
#2821=CARTESIAN_POINT('Ctrl Pts',(0.691910000021263,16.698375107707,0.456347623446068));
#2822=CARTESIAN_POINT('Ctrl Pts',(0.691910000021263,16.3966132176799,0.456347623446068));
#2823=CARTESIAN_POINT('Ctrl Pts',(0.299716471909542,17.8743220206443,1.00289655031956));
#2824=CARTESIAN_POINT('Ctrl Pts',(0.490887392194274,17.7322989829869,0.860361890285149));
#2825=CARTESIAN_POINT('Ctrl Pts',(0.726350801364984,17.2722719384195,0.499686382171044));
#2826=CARTESIAN_POINT('Ctrl Pts',(0.750042173095396,16.7140323402558,0.357318627759139));
#2827=CARTESIAN_POINT('Ctrl Pts',(0.750042173095396,16.3966132176799,0.35731862775914));
#2828=CARTESIAN_POINT('Ctrl Pts',(0.315057026342653,17.9006676860884,0.991072166074652));
#2829=CARTESIAN_POINT('Ctrl Pts',(0.509150156087314,17.7566827431909,0.841466638099434));
#2830=CARTESIAN_POINT('Ctrl Pts',(0.743204679358307,17.2902709143929,0.461820157838499));
#2831=CARTESIAN_POINT('Ctrl Pts',(0.761667859038815,16.7207311596026,0.311557788944724));
#2832=CARTESIAN_POINT('Ctrl Pts',(0.761667859038815,16.3966132176799,0.311557788944724));
#2833=CARTESIAN_POINT('Origin',(0.519365076099294,16.3966132176799,0.250000000000001));
#2834=CARTESIAN_POINT('Ctrl Pts',(0.284018825170324,17.8417857686896,1.00359454858635));
#2835=CARTESIAN_POINT('Ctrl Pts',(0.284042324000729,17.8431986981081,1.00393792299509));
#2836=CARTESIAN_POINT('Ctrl Pts',(0.284116097736556,17.8445875037015,1.00423948490412));
#2837=CARTESIAN_POINT('Ctrl Pts',(0.284590024000032,17.8495347941973,1.00516542257089));
#2838=CARTESIAN_POINT('Ctrl Pts',(0.285348705620215,17.8531483669601,1.00555229100548));
#2839=CARTESIAN_POINT('Ctrl Pts',(0.287908293417893,17.8591904966027,1.00530139348623));
#2840=CARTESIAN_POINT('Ctrl Pts',(0.289393190115312,17.8615635346868,1.00486939950341));
#2841=CARTESIAN_POINT('Ctrl Pts',(0.293229354605115,17.8658688667694,1.00328400085789));
#2842=CARTESIAN_POINT('Ctrl Pts',(0.295503658514486,17.8676186252778,1.00213703167237));
#2843=CARTESIAN_POINT('Ctrl Pts',(0.301711723845939,17.8712108120835,0.998681288867247));
#2844=CARTESIAN_POINT('Ctrl Pts',(0.305916833772421,17.8725565632872,0.996039576104467));
#2845=CARTESIAN_POINT('Ctrl Pts',(0.318792547942145,17.8752683012097,0.987482656371203));
#2846=CARTESIAN_POINT('Ctrl Pts',(0.32865846794805,17.8750786720413,0.980153530582434));
#2847=CARTESIAN_POINT('Ctrl Pts',(0.341887350924251,17.873841886002,0.969769855489565));
#2848=CARTESIAN_POINT('Ctrl Pts',(0.34661122778186,17.8731711086522,0.965943476261737));
#2849=CARTESIAN_POINT('Ctrl Pts',(0.351204639501086,17.8723611662326,0.962122339117074));
#2850=CARTESIAN_POINT('Origin',(0.519365076099294,16.375,0.25));
#2851=CARTESIAN_POINT('Origin',(-0.519365076099296,17.7716132176799,0.25));
#2852=CARTESIAN_POINT('Origin',(-0.519365076099296,16.3966132176799,0.25));
#2853=CARTESIAN_POINT('Ctrl Pts',(-0.519365076099296,16.3966132176799,0.5));
#2854=CARTESIAN_POINT('Ctrl Pts',(-0.519365076099296,16.6138848678763,0.5));
#2855=CARTESIAN_POINT('Ctrl Pts',(-0.507354203030224,16.9763463185042,0.557137856886376));
#2856=CARTESIAN_POINT('Ctrl Pts',(-0.407917484296451,17.4376918022423,0.759616162149479));
#2857=CARTESIAN_POINT('Ctrl Pts',(-0.265860854414085,17.6551414608454,0.914140721504036));
#2858=CARTESIAN_POINT('Ctrl Pts',(-0.16245400507594,17.7409397886501,0.985385750813495));
#2859=CARTESIAN_POINT('Ctrl Pts',(-0.582317770051415,16.3966132176799,0.5));
#2860=CARTESIAN_POINT('Ctrl Pts',(-0.582317770051415,16.6154975399808,0.5));
#2861=CARTESIAN_POINT('Ctrl Pts',(-0.567449851925917,16.9809492146021,0.557868572042696));
#2862=CARTESIAN_POINT('Ctrl Pts',(-0.457414286187305,17.4511033941572,0.766290369188727));
#2863=CARTESIAN_POINT('Ctrl Pts',(-0.305628050950842,17.6742536998675,0.92811742779086));
#2864=CARTESIAN_POINT('Ctrl Pts',(-0.19602321832051,17.7623436780213,1.00315906603537));
#2865=CARTESIAN_POINT('Ctrl Pts',(-0.691910000040026,16.3966132176799,0.456347623466783));
#2866=CARTESIAN_POINT('Ctrl Pts',(-0.691910000040026,16.6229307008802,0.456347623466782));
#2867=CARTESIAN_POINT('Ctrl Pts',(-0.672022307211703,17.0008776464892,0.520805349135951));
#2868=CARTESIAN_POINT('Ctrl Pts',(-0.543911334041864,17.4890714098376,0.753821733151118));
#2869=CARTESIAN_POINT('Ctrl Pts',(-0.375102749472988,17.7211768159793,0.934528599813353));
#2870=CARTESIAN_POINT('Ctrl Pts',(-0.254698941997916,17.8128121040146,1.01850152120263));
#2871=CARTESIAN_POINT('Ctrl Pts',(-0.750042173095399,16.3966132176799,0.35731862775914));
#2872=CARTESIAN_POINT('Ctrl Pts',(-0.750042173095399,16.6346734211555,0.357318627759139));
#2873=CARTESIAN_POINT('Ctrl Pts',(-0.732535485735664,17.0319303940384,0.433129512760545));
#2874=CARTESIAN_POINT('Ctrl Pts',(-0.603942069404933,17.5396952241777,0.702152004771817));
#2875=CARTESIAN_POINT('Ctrl Pts',(-0.427180259288606,17.7796212527789,0.907856520291929));
#2876=CARTESIAN_POINT('Ctrl Pts',(-0.299739728659972,17.8743047414785,1.00287920937935));
#2877=CARTESIAN_POINT('Ctrl Pts',(-0.761667859038818,16.3966132176799,0.311557788944724));
#2878=CARTESIAN_POINT('Ctrl Pts',(-0.761667859038818,16.6396974483276,0.311557788944724));
#2879=CARTESIAN_POINT('Ctrl Pts',(-0.74663917866596,17.0452205010851,0.39154562374181));
#2880=CARTESIAN_POINT('Ctrl Pts',(-0.622218359747822,17.5613753324949,0.674996948554115));
#2881=CARTESIAN_POINT('Ctrl Pts',(-0.444469109291997,17.8046587195284,0.891317363761921));
#2882=CARTESIAN_POINT('Ctrl Pts',(-0.31508063951713,17.9006501684192,0.991053964766245));
#2883=CARTESIAN_POINT('Ctrl Pts',(-0.351204639501077,17.8723611662326,0.962122339117084));
#2884=CARTESIAN_POINT('Ctrl Pts',(-0.336972502440793,17.8748706759894,0.973961675735082));
#2885=CARTESIAN_POINT('Ctrl Pts',(-0.323881649325725,17.8756305292193,0.983864418502009));
#2886=CARTESIAN_POINT('Ctrl Pts',(-0.307768828435133,17.8731595066151,0.994879985071997));
#2887=CARTESIAN_POINT('Ctrl Pts',(-0.30250126044089,17.8716536647848,0.99823795454018));
#2888=CARTESIAN_POINT('Ctrl Pts',(-0.295322170791906,17.8675216373213,1.00224025692585));
#2889=CARTESIAN_POINT('Ctrl Pts',(-0.292837917066086,17.8655694623934,1.00348178092941));
#2890=CARTESIAN_POINT('Ctrl Pts',(-0.288960311117203,17.8609249419439,1.00500897364265));
#2891=CARTESIAN_POINT('Ctrl Pts',(-0.287567603014061,17.858538502267,1.00537336190715));
#2892=CARTESIAN_POINT('Ctrl Pts',(-0.285324120587434,17.8528716703956,1.0054992964126));
#2893=CARTESIAN_POINT('Ctrl Pts',(-0.284645272313441,17.8496788783078,1.00516328815249));
#2894=CARTESIAN_POINT('Ctrl Pts',(-0.284136952742149,17.8449633223533,1.00432045800264));
#2895=CARTESIAN_POINT('Ctrl Pts',(-0.284045497696938,17.8433895249989,1.00398429832704));
#2896=CARTESIAN_POINT('Ctrl Pts',(-0.284018825170321,17.8417857686896,1.00359454858635));
#2897=CARTESIAN_POINT('Origin',(0.519365076099294,16.375,-0.25));
#2898=CARTESIAN_POINT('Origin',(0.519365076099294,16.3966132176799,-0.25));
#2899=CARTESIAN_POINT('Ctrl Pts',(0.519365076099294,16.3966132176799,-0.5));
#2900=CARTESIAN_POINT('Ctrl Pts',(0.519365076099294,16.6138873580948,-0.5));
#2901=CARTESIAN_POINT('Ctrl Pts',(0.507353992265583,16.9763529633541,-0.55713918067857));
#2902=CARTESIAN_POINT('Ctrl Pts',(0.407914083709373,17.4377026332033,-0.759621963310538));
#2903=CARTESIAN_POINT('Ctrl Pts',(0.265852078279948,17.6551526565717,-0.914149094022512));
#2904=CARTESIAN_POINT('Ctrl Pts',(0.162441564464493,17.7409501105903,-0.98539432197937));
#2905=CARTESIAN_POINT('Ctrl Pts',(0.582317770051413,16.3966132176799,-0.5));
#2906=CARTESIAN_POINT('Ctrl Pts',(0.582317770051413,16.6155000486826,-0.5));
#2907=CARTESIAN_POINT('Ctrl Pts',(0.567449573545308,16.9809559216761,-0.557869903873539));
#2908=CARTESIAN_POINT('Ctrl Pts',(0.457410576370584,17.4511144684758,-0.766296375982806));
#2909=CARTESIAN_POINT('Ctrl Pts',(0.305618703136805,17.6742651879722,-0.928126212887207));
#2910=CARTESIAN_POINT('Ctrl Pts',(0.196010032807112,17.7623542748345,-1.00316809601783));
#2911=CARTESIAN_POINT('Ctrl Pts',(0.691910000027657,16.3966132176799,-0.456347623453126));
#2912=CARTESIAN_POINT('Ctrl Pts',(0.691910000027656,16.6229332947758,-0.456347623453126));
#2913=CARTESIAN_POINT('Ctrl Pts',(0.672021915290434,17.0008845893773,-0.520806839746406));
#2914=CARTESIAN_POINT('Ctrl Pts',(0.543907091046851,17.4890829214644,-0.753828443883153));
#2915=CARTESIAN_POINT('Ctrl Pts',(0.375092405533919,17.7211887668331,-0.934538419695293));
#2916=CARTESIAN_POINT('Ctrl Pts',(0.254684456093123,17.8128231284401,-1.01851162286386));
#2917=CARTESIAN_POINT('Ctrl Pts',(0.750042173095397,16.3966132176799,-0.357318627759139));
#2918=CARTESIAN_POINT('Ctrl Pts',(0.750042173095396,16.6346761496381,-0.357318627759139));
#2919=CARTESIAN_POINT('Ctrl Pts',(0.73253515751351,17.0319376810538,-0.433131270185936));
#2920=CARTESIAN_POINT('Ctrl Pts',(0.603937738470172,17.5397071599687,-0.702159715914344));
#2921=CARTESIAN_POINT('Ctrl Pts',(0.427169380833363,17.7796336059981,-0.907867674039087));
#2922=CARTESIAN_POINT('Ctrl Pts',(0.299724397228414,17.8743161324695,-1.00289064105545));
#2923=CARTESIAN_POINT('Ctrl Pts',(0.761667859038816,16.3966132176799,-0.311557788944723));
#2924=CARTESIAN_POINT('Ctrl Pts',(0.761667859038815,16.6397002343921,-0.311557788944723));
#2925=CARTESIAN_POINT('Ctrl Pts',(0.746638914945379,17.0452279353648,-0.391547476931223));
#2926=CARTESIAN_POINT('Ctrl Pts',(0.62221410474188,17.5613874502093,-0.675005069655215));
#2927=CARTESIAN_POINT('Ctrl Pts',(0.444458128099033,17.8046712453434,-0.891329084530971));
#2928=CARTESIAN_POINT('Ctrl Pts',(0.315065073123912,17.9006617166395,-0.9910659636237));
#2929=CARTESIAN_POINT('Ctrl Pts',(0.351204639501084,17.8723611662326,-0.962122339117076));
#2930=CARTESIAN_POINT('Ctrl Pts',(0.337137941290297,17.8748415046566,-0.973824051552523));
#2931=CARTESIAN_POINT('Ctrl Pts',(0.324061003457578,17.8756274232899,-0.983731305130788));
#2932=CARTESIAN_POINT('Ctrl Pts',(0.308475152648845,17.873281340772,-0.994401739340711));
#2933=CARTESIAN_POINT('Ctrl Pts',(0.303195344237588,17.871922093163,-0.997814970051821));
#2934=CARTESIAN_POINT('Ctrl Pts',(0.295797779328138,17.8678599987682,-1.0019928783996));
#2935=CARTESIAN_POINT('Ctrl Pts',(0.293223920342488,17.8659271066055,-1.00330282234376));
#2936=CARTESIAN_POINT('Ctrl Pts',(0.289216163102769,17.8613055125614,-1.00492727134712));
#2937=CARTESIAN_POINT('Ctrl Pts',(0.287773681642978,17.8589356153335,-1.00533052233631));
#2938=CARTESIAN_POINT('Ctrl Pts',(0.285461669134214,17.8533386571444,-1.00552186624674));
#2939=CARTESIAN_POINT('Ctrl Pts',(0.284748439925817,17.850215132381,-1.00522731792982));
#2940=CARTESIAN_POINT('Ctrl Pts',(0.284161429799573,17.845366539415,-1.00440584451337));
#2941=CARTESIAN_POINT('Ctrl Pts',(0.284048911835588,17.8435948091279,-1.00403418710102));
#2942=CARTESIAN_POINT('Ctrl Pts',(0.284018825170325,17.8417857686896,-1.00359454858635));
#2943=CARTESIAN_POINT('Ctrl Pts',(-0.16243420787033,17.7409562141141,-0.98539939029544));
#2944=CARTESIAN_POINT('Ctrl Pts',(-0.317553209151201,17.6122608246399,-0.878531385893471));
#2945=CARTESIAN_POINT('Ctrl Pts',(-0.504609369146903,17.1953760511,-0.607337380677654));
#2946=CARTESIAN_POINT('Ctrl Pts',(-0.519365076099296,16.6863140332804,-0.5));
#2947=CARTESIAN_POINT('Ctrl Pts',(-0.519365076099296,16.3966132176799,-0.5));
#2948=CARTESIAN_POINT('Ctrl Pts',(-0.196002235727452,17.7623605408953,-1.00317343564408));
#2949=CARTESIAN_POINT('Ctrl Pts',(-0.360418624238702,17.6302277181244,-0.890610408200249));
#2950=CARTESIAN_POINT('Ctrl Pts',(-0.562318518413725,17.2023918767868,-0.608194544093778));
#2951=CARTESIAN_POINT('Ctrl Pts',(-0.582317770051416,16.6884643019581,-0.5));
#2952=CARTESIAN_POINT('Ctrl Pts',(-0.582317770051416,16.3966132176799,-0.5));
#2953=CARTESIAN_POINT('Ctrl Pts',(-0.254675890048356,17.8128296473548,-1.0185175961977));
#2954=CARTESIAN_POINT('Ctrl Pts',(-0.435291465038968,17.6753789443153,-0.892557557694311));
#2955=CARTESIAN_POINT('Ctrl Pts',(-0.662982795041496,17.2302215418432,-0.577176887697345));
#2956=CARTESIAN_POINT('Ctrl Pts',(-0.691910000020346,16.6983753638619,-0.456347623445052));
#2957=CARTESIAN_POINT('Ctrl Pts',(-0.691910000020346,16.3966132176799,-0.456347623445052));
#2958=CARTESIAN_POINT('Ctrl Pts',(-0.299715331188848,17.8743228681399,-1.00289740085393));
#2959=CARTESIAN_POINT('Ctrl Pts',(-0.490886731942579,17.7322999501442,-0.86036272212349));
#2960=CARTESIAN_POINT('Ctrl Pts',(-0.726350799011628,17.2722726900937,-0.499686629705447));
#2961=CARTESIAN_POINT('Ctrl Pts',(-0.750042173095399,16.7140326097016,-0.357318627759139));
#2962=CARTESIAN_POINT('Ctrl Pts',(-0.750042173095399,16.3966132176799,-0.357318627759139));
#2963=CARTESIAN_POINT('Ctrl Pts',(-0.315055868139256,17.9006685452819,-0.991073058808059));
#2964=CARTESIAN_POINT('Ctrl Pts',(-0.509149492857531,17.7566837239306,-0.841467512730302));
#2965=CARTESIAN_POINT('Ctrl Pts',(-0.743204688028033,17.2902716800534,-0.461820419380263));
#2966=CARTESIAN_POINT('Ctrl Pts',(-0.761667859038818,16.7207314347348,-0.311557788944724));
#2967=CARTESIAN_POINT('Ctrl Pts',(-0.761667859038818,16.3966132176799,-0.311557788944724));
#2968=CARTESIAN_POINT('Origin',(-0.519365076099296,16.3966132176799,-0.25));
#2969=CARTESIAN_POINT('Ctrl Pts',(-0.284018825170321,17.8417857686896,-1.00359454858635));
#2970=CARTESIAN_POINT('Ctrl Pts',(-0.284043653740943,17.8432786522607,-1.00395735369667));
#2971=CARTESIAN_POINT('Ctrl Pts',(-0.284124612613742,17.8447450487805,-1.00427359064265));
#2972=CARTESIAN_POINT('Ctrl Pts',(-0.284628230362859,17.8497421193056,-1.00519134038423));
#2973=CARTESIAN_POINT('Ctrl Pts',(-0.285401680726816,17.8533234431019,-1.00555977494579));
#2974=CARTESIAN_POINT('Ctrl Pts',(-0.287983180432232,17.8593255960394,-1.0052834911383));
#2975=CARTESIAN_POINT('Ctrl Pts',(-0.289481325815715,17.8616864158538,-1.0048391558351));
#2976=CARTESIAN_POINT('Ctrl Pts',(-0.293347703358098,17.8659746767425,-1.0032281235777));
#2977=CARTESIAN_POINT('Ctrl Pts',(-0.295642844179822,17.8677172798733,-1.0020645205817));
#2978=CARTESIAN_POINT('Ctrl Pts',(-0.301920907251412,17.8713014159873,-0.998556501677934));
#2979=CARTESIAN_POINT('Ctrl Pts',(-0.306184238380497,17.8726362477081,-0.995869470999761));
#2980=CARTESIAN_POINT('Ctrl Pts',(-0.318307843718466,17.8751166432056,-0.987788643689424));
#2981=CARTESIAN_POINT('Ctrl Pts',(-0.327147676465821,17.8750795130796,-0.981268794986261));
#2982=CARTESIAN_POINT('Ctrl Pts',(-0.340400426826165,17.8740500502607,-0.970971666727103));
#2983=CARTESIAN_POINT('Ctrl Pts',(-0.345898774180383,17.8732967334446,-0.966536147480184));
#2984=CARTESIAN_POINT('Ctrl Pts',(-0.351204639501074,17.8723611662326,-0.962122339117086));
#2985=CARTESIAN_POINT('Origin',(-0.519365076099296,17.7716132176799,-0.25));
#2986=CARTESIAN_POINT('Origin',(-0.300000000000001,16.,0.));
#2987=CARTESIAN_POINT('Origin',(-0.423654778519717,18.0713990403722,-0.00499999999999987));
#2988=CARTESIAN_POINT('',(-3.46944695195361E-16,19.2353809779992,-1.25));
#2989=CARTESIAN_POINT('Origin',(-3.46944695195361E-16,19.2353809779992,
-0.00499999999999987));
#2990=CARTESIAN_POINT('',(0.00469846310392942,19.2482898992834,-1.25));
#2991=CARTESIAN_POINT('',(-0.423654778519717,18.0713990403722,-1.25));
#2992=CARTESIAN_POINT('',(1.17461577598238,18.8224748208429,-0.00499999999999987));
#2993=CARTESIAN_POINT('Origin',(0.00469846310392942,19.2482898992834,-0.00499999999999987));
#2994=CARTESIAN_POINT('',(0.746262534358739,17.6455839619318,-0.00499999999999987));
#2995=CARTESIAN_POINT('Origin',(0.236346890528522,18.5860232331138,-0.00499999999999987));
#2996=CARTESIAN_POINT('',(-1.17461577598239,18.8224748208429,-0.00499999999999987));
#2997=CARTESIAN_POINT('',(-0.933570422349934,18.1602081546733,-0.00499999999999987));
#2998=CARTESIAN_POINT('',(-0.0046984631039295,19.2482898992834,-1.25));
#2999=CARTESIAN_POINT('Origin',(-0.0046984631039295,19.2482898992834,-0.00499999999999987));
#3000=CARTESIAN_POINT('',(0.236346890528522,18.5860232331138,-1.25));
#3001=CARTESIAN_POINT('Ctrl Pts',(-1.17461577587534,18.8224748205488,-0.00499999999999987));
#3002=CARTESIAN_POINT('Ctrl Pts',(-1.49289647939709,19.6969438658417,-0.00499999999999987));
#3003=CARTESIAN_POINT('Ctrl Pts',(-0.746448239794361,20.2526539908203,-0.00499999999999987));
#3004=CARTESIAN_POINT('Ctrl Pts',(-1.91631871484769E-10,20.8083641157989,
-0.00499999999999987));
#3005=CARTESIAN_POINT('Ctrl Pts',(0.746448239547769,20.2526539910039,-0.00499999999999987));
#3006=CARTESIAN_POINT('Ctrl Pts',(1.49289647928717,19.6969438662089,-0.00499999999999987));
#3007=CARTESIAN_POINT('Ctrl Pts',(1.17461577598049,18.8224748208377,-0.00499999999999987));
#3008=CARTESIAN_POINT('Ctrl Pts',(-1.17461577587534,18.8224748205488,-1.25));
#3009=CARTESIAN_POINT('Ctrl Pts',(-1.49289647939709,19.6969438658417,-1.25));
#3010=CARTESIAN_POINT('Ctrl Pts',(-0.746448239794361,20.2526539908203,-1.25));
#3011=CARTESIAN_POINT('Ctrl Pts',(-1.91631871484769E-10,20.8083641157989,
-1.25));
#3012=CARTESIAN_POINT('Ctrl Pts',(0.746448239547769,20.2526539910039,-1.25));
#3013=CARTESIAN_POINT('Ctrl Pts',(1.49289647928717,19.6969438662089,-1.25));
#3014=CARTESIAN_POINT('Ctrl Pts',(1.17461577598049,18.8224748208377,-1.25));
#3015=CARTESIAN_POINT('Ctrl Pts',(-0.00469846310350085,19.2482898992822,
-1.25));
#3016=CARTESIAN_POINT('Ctrl Pts',(-0.00597158591758771,19.2517877754634,
-1.25));
#3017=CARTESIAN_POINT('Ctrl Pts',(-0.00298579295917712,19.2540106159633,
-1.25));
#3018=CARTESIAN_POINT('Ctrl Pts',(-7.66527485938983E-13,19.2562334564632,
-1.25));
#3019=CARTESIAN_POINT('Ctrl Pts',(0.00298579295819075,19.254010615964,-1.25));
#3020=CARTESIAN_POINT('Ctrl Pts',(0.00597158591714802,19.2517877754648,
-1.25));
#3021=CARTESIAN_POINT('Ctrl Pts',(0.00469846310392143,19.2482898992834,
-1.25));
#3022=CARTESIAN_POINT('Origin',(0.,19.25,-1.25));
#3023=CARTESIAN_POINT('Origin',(0.,19.25,-0.00499999999999987));
#3024=CARTESIAN_POINT('Origin',(0.,17.75,-1.25));
#3025=CARTESIAN_POINT('Origin',(0.236346890528522,18.5860232331138,0.00499999999999987));
#3026=CARTESIAN_POINT('',(-2.42861286636753E-16,19.2353809779992,1.25));
#3027=CARTESIAN_POINT('Origin',(-4.16333634234434E-16,19.2353809779992,
0.00499999999999987));
#3028=CARTESIAN_POINT('',(-0.00469846310392942,19.2482898992834,1.25));
#3029=CARTESIAN_POINT('',(0.236346890528522,18.5860232331138,1.25));
#3030=CARTESIAN_POINT('',(-1.17461577598239,18.8224748208429,0.00499999999999987));
#3031=CARTESIAN_POINT('Origin',(-0.00469846310392942,19.2482898992834,0.00499999999999987));
#3032=CARTESIAN_POINT('',(-0.933570422349934,18.1602081546733,0.00499999999999987));
#3033=CARTESIAN_POINT('Origin',(-0.423654778519717,18.0713990403722,0.00499999999999987));
#3034=CARTESIAN_POINT('',(1.17461577598238,18.8224748208429,0.00499999999999987));
#3035=CARTESIAN_POINT('',(0.746262534358739,17.6455839619318,0.00499999999999987));
#3036=CARTESIAN_POINT('',(0.00469846310392888,19.2482898992834,1.25));
#3037=CARTESIAN_POINT('Origin',(0.00469846310392888,19.2482898992834,0.00499999999999987));
#3038=CARTESIAN_POINT('',(-0.423654778519717,18.0713990403722,1.25));
#3039=CARTESIAN_POINT('Ctrl Pts',(1.17461577585861,18.8224748205028,0.00499999999999987));
#3040=CARTESIAN_POINT('Ctrl Pts',(1.49289647941892,19.6969438657952,0.00499999999999987));
#3041=CARTESIAN_POINT('Ctrl Pts',(0.746448239820522,20.2526539908008,0.00499999999999987));
#3042=CARTESIAN_POINT('Ctrl Pts',(2.22050355371289E-10,20.8083641158065,
0.00499999999999987));
#3043=CARTESIAN_POINT('Ctrl Pts',(-0.746448239534686,20.2526539910136,0.00499999999999987));
#3044=CARTESIAN_POINT('Ctrl Pts',(-1.4928964792915,19.6969438662208,0.00499999999999987));
#3045=CARTESIAN_POINT('Ctrl Pts',(-1.17461577598049,18.8224748208377,0.00499999999999987));
#3046=CARTESIAN_POINT('Ctrl Pts',(1.17461577585861,18.8224748205028,1.25));
#3047=CARTESIAN_POINT('Ctrl Pts',(1.49289647941892,19.6969438657952,1.25));
#3048=CARTESIAN_POINT('Ctrl Pts',(0.746448239820522,20.2526539908008,1.25));
#3049=CARTESIAN_POINT('Ctrl Pts',(2.22050355371289E-10,20.8083641158065,
1.25));
#3050=CARTESIAN_POINT('Ctrl Pts',(-0.746448239534686,20.2526539910136,1.25));
#3051=CARTESIAN_POINT('Ctrl Pts',(-1.4928964792915,19.6969438662208,1.25));
#3052=CARTESIAN_POINT('Ctrl Pts',(-1.17461577598049,18.8224748208377,1.25));
#3053=CARTESIAN_POINT('Ctrl Pts',(0.00469846310343393,19.248289899282,1.25));
#3054=CARTESIAN_POINT('Ctrl Pts',(0.00597158591767501,19.2517877754632,
1.25));
#3055=CARTESIAN_POINT('Ctrl Pts',(0.00298579295928176,19.2540106159632,
1.25));
#3056=CARTESIAN_POINT('Ctrl Pts',(8.88201421485048E-13,19.2562334564632,
1.25));
#3057=CARTESIAN_POINT('Ctrl Pts',(-0.00298579295813842,19.2540106159641,
1.25));
#3058=CARTESIAN_POINT('Ctrl Pts',(-0.00597158591716535,19.2517877754649,
1.25));
#3059=CARTESIAN_POINT('Ctrl Pts',(-0.00469846310392144,19.2482898992834,
1.25));
#3060=CARTESIAN_POINT('Origin',(0.,19.25,1.25));
#3061=CARTESIAN_POINT('Origin',(0.,19.25,0.00499999999999987));
#3062=CARTESIAN_POINT('Origin',(0.,17.75,1.25));
#3063=CARTESIAN_POINT('Origin',(-1.17461577598239,18.8224748208429,0.));
#3064=CARTESIAN_POINT('',(-1.17461577598239,18.8224748208429,0.));
#3065=CARTESIAN_POINT('Origin',(0.,19.25,0.));
#3066=CARTESIAN_POINT('',(1.17461577598238,18.8224748208429,0.));
#3067=CARTESIAN_POINT('Origin',(0.799999999999998,17.7932264353598,0.));
#3068=CARTESIAN_POINT('Origin',(0.550000000000002,12.4781837420073,6.73555739531046E-17));
#3069=CARTESIAN_POINT('',(0.350000000000001,12.4781837420073,6.73555739531046E-17));
#3070=CARTESIAN_POINT('Origin',(1.27,-20.5,1.55530143491714E-16));
#3071=CARTESIAN_POINT('',(1.07,-20.5,1.55530143491714E-16));
#3072=CARTESIAN_POINT('',(1.07,-20.5,1.55530143491714E-16));
#3073=CARTESIAN_POINT('Origin',(1.27,-20.5,1.55530143491714E-16));
#3074=CARTESIAN_POINT('Origin',(1.27,-20.5,1.55530143491714E-16));
#3075=CARTESIAN_POINT('Origin',(-0.550000000000002,12.4781837420073,0.));
#3076=CARTESIAN_POINT('',(-0.350000000000001,12.4781837420073,-2.44929359829471E-17));
#3077=CARTESIAN_POINT('Origin',(-1.27,-20.5,0.));
#3078=CARTESIAN_POINT('',(-1.07,-20.5,-2.44929359829471E-17));
#3079=CARTESIAN_POINT('',(-1.07,-20.5,-2.44929359829471E-17));
#3080=CARTESIAN_POINT('Origin',(-1.27,-20.5,0.));
#3081=CARTESIAN_POINT('Origin',(-1.27,-20.5,0.));
#3082=UNCERTAINTY_MEASURE_WITH_UNIT(LENGTH_MEASURE(0.01),#3086,
'DISTANCE_ACCURACY_VALUE',
'Maximum model space distance between geometric entities at asserted c
onnectivities');
#3083=UNCERTAINTY_MEASURE_WITH_UNIT(LENGTH_MEASURE(0.01),#3086,
'DISTANCE_ACCURACY_VALUE',
'Maximum model space distance between geometric entities at asserted c
onnectivities');
#3084=(
GEOMETRIC_REPRESENTATION_CONTEXT(3)
GLOBAL_UNCERTAINTY_ASSIGNED_CONTEXT((#3082))
GLOBAL_UNIT_ASSIGNED_CONTEXT((#3086,#3088,#3089))
REPRESENTATION_CONTEXT('','3D')
);
#3085=(
GEOMETRIC_REPRESENTATION_CONTEXT(3)
GLOBAL_UNCERTAINTY_ASSIGNED_CONTEXT((#3083))
GLOBAL_UNIT_ASSIGNED_CONTEXT((#3086,#3088,#3089))
REPRESENTATION_CONTEXT('','3D')
);
#3086=(
LENGTH_UNIT()
NAMED_UNIT(*)
SI_UNIT(.MILLI.,.METRE.)
);
#3087=(
LENGTH_UNIT()
NAMED_UNIT(*)
SI_UNIT(.CENTI.,.METRE.)
);
#3088=(
NAMED_UNIT(*)
PLANE_ANGLE_UNIT()
SI_UNIT($,.RADIAN.)
);
#3089=(
NAMED_UNIT(*)
SI_UNIT($,.STERADIAN.)
SOLID_ANGLE_UNIT()
);
#3090=SHAPE_DEFINITION_REPRESENTATION(#3091,#3092);
#3091=PRODUCT_DEFINITION_SHAPE('',$,#3094);
#3092=SHAPE_REPRESENTATION('',(#1383),#3084);
#3093=PRODUCT_DEFINITION_CONTEXT('part definition',#3098,'design');
#3094=PRODUCT_DEFINITION('NTCLE213E3103FLB0A','NTCLE213E3103FLB0A',#3095,
#3093);
#3095=PRODUCT_DEFINITION_FORMATION('',$,#3100);
#3096=PRODUCT_RELATED_PRODUCT_CATEGORY('NTCLE213E3103FLB0A',
'NTCLE213E3103FLB0A',(#3100));
#3097=APPLICATION_PROTOCOL_DEFINITION('international standard',
'automotive_design',2009,#3098);
#3098=APPLICATION_CONTEXT(
'Core Data for Automotive Mechanical Design Process');
#3099=PRODUCT_CONTEXT('part definition',#3098,'mechanical');
#3100=PRODUCT('NTCLE213E3103FLB0A','NTCLE213E3103FLB0A',$,(#3099));
#3101=PRESENTATION_STYLE_ASSIGNMENT((#3104));
#3102=PRESENTATION_STYLE_ASSIGNMENT((#3105));
#3103=PRESENTATION_STYLE_ASSIGNMENT((#3106));
#3104=SURFACE_STYLE_USAGE(.BOTH.,#3113);
#3105=SURFACE_STYLE_USAGE(.BOTH.,#3114);
#3106=SURFACE_STYLE_USAGE(.BOTH.,#3115);
#3107=SURFACE_STYLE_RENDERING_WITH_PROPERTIES($,#3125,(#3110));
#3108=SURFACE_STYLE_RENDERING_WITH_PROPERTIES($,#3126,(#3111));
#3109=SURFACE_STYLE_RENDERING_WITH_PROPERTIES($,#3127,(#3112));
#3110=SURFACE_STYLE_TRANSPARENT(0.);
#3111=SURFACE_STYLE_TRANSPARENT(0.);
#3112=SURFACE_STYLE_TRANSPARENT(0.);
#3113=SURFACE_SIDE_STYLE('',(#3116,#3107));
#3114=SURFACE_SIDE_STYLE('',(#3117,#3108));
#3115=SURFACE_SIDE_STYLE('',(#3118,#3109));
#3116=SURFACE_STYLE_FILL_AREA(#3119);
#3117=SURFACE_STYLE_FILL_AREA(#3120);
#3118=SURFACE_STYLE_FILL_AREA(#3121);
#3119=FILL_AREA_STYLE('',(#3122));
#3120=FILL_AREA_STYLE('',(#3123));
#3121=FILL_AREA_STYLE('',(#3124));
#3122=FILL_AREA_STYLE_COLOUR('',#3125);
#3123=FILL_AREA_STYLE_COLOUR('',#3126);
#3124=FILL_AREA_STYLE_COLOUR('',#3127);
#3125=COLOUR_RGB('',0.749019607843137,0.749019607843137,0.749019607843137);
#3126=COLOUR_RGB('',0.698039215686274,0.,0.);
#3127=COLOUR_RGB('',1.,0.996078431372549,0.964705882352941);
ENDSEC;
END-ISO-10303-21;
