ISO-10303-21;
HEADER;
FILE_DESCRIPTION (( 'STEP AP214' ),
    '1' );
FILE_NAME ('DFR0523.STEP',
    '2021-11-17T16:11:38',
    ( 'user' ),
    ( '' ),
    'SwSTEP 2.0',
    'SolidWorks 2016',
    '' );
FILE_SCHEMA (( 'AUTOMOTIVE_DESIGN' ));
ENDSEC;

DATA;
#1 = CARTESIAN_POINT ( 'NONE',  ( -15.00000000000000000, -5.494315243958978600, 39.00000000000000000 ) ) ;
#2 = CARTESIAN_POINT ( 'NONE',  ( 18.50000000000000400, 7.500000000000000000, -5.000000000000000000 ) ) ;
#3 = PLANE ( 'NONE',  #4137 ) ;
#4 = EDGE_CURVE ( 'NONE', #3212, #4641, #949, .T. ) ;
#5 = DIRECTION ( 'NONE',  ( -1.000000000000000000, 0.0000000000000000000, 0.0000000000000000000 ) ) ;
#6 =( NAMED_UNIT ( * ) SI_UNIT ( $, .STERADIAN. ) SOLID_ANGLE_UNIT ( ) );
#7 = CARTESIAN_POINT ( 'NONE',  ( -17.50000000000000000, 2.500000000000000000, -20.00000000000000000 ) ) ;
#8 = ORIENTED_EDGE ( 'NONE', *, *, #2302, .T. ) ;
#9 = EDGE_CURVE ( 'NONE', #3580, #3411, #2823, .T. ) ;
#10 = AXIS2_PLACEMENT_3D ( 'NONE', #4326, #3244, #996 ) ;
#11 = DIRECTION ( 'NONE',  ( -1.000000000000000000, -3.729655473350132100E-014, 0.0000000000000000000 ) ) ;
#12 = ORIENTED_EDGE ( 'NONE', *, *, #4322, .T. ) ;
#13 = ORIENTED_EDGE ( 'NONE', *, *, #955, .F. ) ;
#14 = AXIS2_PLACEMENT_3D ( 'NONE', #1227, #2730, #481 ) ;
#15 = CIRCLE ( 'NONE', #4687, 1.249999999999999300 ) ;
#16 = EDGE_LOOP ( 'NONE', ( #646, #4819, #4835, #382 ) ) ;
#17 = CARTESIAN_POINT ( 'NONE',  ( 17.32050807568877500, 2.500000000000000000, -20.00000000000000000 ) ) ;
#18 = VECTOR ( 'NONE', #3246, 1000.000000000000000 ) ;
#19 = ORIENTED_EDGE ( 'NONE', *, *, #2443, .T. ) ;
#20 = LINE ( 'NONE', #488, #3907 ) ;
#21 = DIRECTION ( 'NONE',  ( -0.2156244908238079400, 0.0000000000000000000, 0.9764763586267583000 ) ) ;
#22 = FACE_OUTER_BOUND ( 'NONE', #3642, .T. ) ;
#23 = EDGE_CURVE ( 'NONE', #4294, #4575, #3805, .T. ) ;
#24 = LINE ( 'NONE', #396, #1037 ) ;
#25 = ORIENTED_EDGE ( 'NONE', *, *, #3243, .T. ) ;
#26 = CARTESIAN_POINT ( 'NONE',  ( -17.19999999999999900, 2.500000000000000000, -23.50000000000000000 ) ) ;
#27 = DIRECTION ( 'NONE',  ( -1.000000000000000000, 0.0000000000000000000, 0.0000000000000000000 ) ) ;
#28 = CIRCLE ( 'NONE', #1220, 0.5000000000000004400 ) ;
#29 = EDGE_CURVE ( 'NONE', #1411, #3913, #1816, .T. ) ;
#30 = EDGE_LOOP ( 'NONE', ( #1868, #3749, #564, #1837 ) ) ;
#31 = VERTEX_POINT ( 'NONE', #917 ) ;
#32 =( LENGTH_UNIT ( ) NAMED_UNIT ( * ) SI_UNIT ( .MILLI., .METRE. ) );
#33 = ORIENTED_EDGE ( 'NONE', *, *, #4089, .F. ) ;
#34 = CARTESIAN_POINT ( 'NONE',  ( 0.0000000000000000000, 0.0000000000000000000, 39.00000000000000000 ) ) ;
#35 = VECTOR ( 'NONE', #3746, 1000.000000000000000 ) ;
#36 = VERTEX_POINT ( 'NONE', #3547 ) ;
#37 = FILL_AREA_STYLE_COLOUR ( '', #2695 ) ;
#38 = DIRECTION ( 'NONE',  ( 0.0000000000000000000, -1.000000000000000000, -0.0000000000000000000 ) ) ;
#39 = CYLINDRICAL_SURFACE ( 'NONE', #1318, 0.5000000000000004400 ) ;
#40 = AXIS2_PLACEMENT_3D ( 'NONE', #1005, #3633, #1374 ) ;
#41 = VECTOR ( 'NONE', #3486, 1000.000000000000000 ) ;
#42 = ORIENTED_EDGE ( 'NONE', *, *, #3579, .T. ) ;
#43 = ORIENTED_EDGE ( 'NONE', *, *, #1010, .F. ) ;
#44 = LINE ( 'NONE', #4099, #944 ) ;
#45 =( GEOMETRIC_REPRESENTATION_CONTEXT ( 3 ) GLOBAL_UNCERTAINTY_ASSIGNED_CONTEXT ( ( #2146 ) ) GLOBAL_UNIT_ASSIGNED_CONTEXT ( ( #4408, #2200, #4798 ) ) REPRESENTATION_CONTEXT ( 'NONE', 'WORKASPACE' ) );
#46 = FILL_AREA_STYLE ('',( #2303 ) ) ;
#47 = VECTOR ( 'NONE', #1048, 999.9999999999998900 ) ;
#48 = ORIENTED_EDGE ( 'NONE', *, *, #4324, .T. ) ;
#49 = AXIS2_PLACEMENT_3D ( 'NONE', #1470, #4081, #1844 ) ;
#50 = SURFACE_STYLE_USAGE ( .BOTH. , #2305 ) ;
#51 =( LENGTH_UNIT ( ) NAMED_UNIT ( * ) SI_UNIT ( .MILLI., .METRE. ) );
#52 = UNCERTAINTY_MEASURE_WITH_UNIT (LENGTH_MEASURE( 1.000000000000000100E-005 ), #3479, 'distance_accuracy_value', 'NONE');
#53 = CARTESIAN_POINT ( 'NONE',  ( 18.99999999999999600, -7.500000000000000000, -5.000000000000000000 ) ) ;
#54 = VERTEX_POINT ( 'NONE', #1295 ) ;
#55 = FILL_AREA_STYLE_COLOUR ( '', #2763 ) ;
#56 = DIRECTION ( 'NONE',  ( -0.0000000000000000000, 1.000000000000000000, 0.0000000000000000000 ) ) ;
#57 = DIRECTION ( 'NONE',  ( -0.0000000000000000000, 1.000000000000000000, -0.0000000000000000000 ) ) ;
#58 = ADVANCED_FACE ( 'NONE', ( #1929 ), #4269, .F. ) ;
#59 = CARTESIAN_POINT ( 'NONE',  ( -15.81138830084190000, -7.500000000000000000, -20.00000000000000000 ) ) ;
#60 = CARTESIAN_POINT ( 'NONE',  ( 11.00000000000000500, 8.149999999999991500, -5.000000000000000900 ) ) ;
#61 = ORIENTED_EDGE ( 'NONE', *, *, #1457, .F. ) ;
#62 = EDGE_CURVE ( 'NONE', #2851, #2414, #2366, .T. ) ;
#63 = DIRECTION ( 'NONE',  ( -0.0000000000000000000, -0.0000000000000000000, 1.000000000000000000 ) ) ;
#64 = CARTESIAN_POINT ( 'NONE',  ( 8.600000000000012100, 20.14999999999999100, -3.000000000000000000 ) ) ;
#65 = CARTESIAN_POINT ( 'NONE',  ( 8.600000000000005000, -20.14999999999999900, -3.000000000000000000 ) ) ;
#66 = EDGE_CURVE ( 'NONE', #3186, #3318, #4680, .T. ) ;
#67 = DIRECTION ( 'NONE',  ( -0.0000000000000000000, -1.000000000000000000, -0.0000000000000000000 ) ) ;
#68 = ORIENTED_EDGE ( 'NONE', *, *, #1534, .T. ) ;
#69 = ORIENTED_EDGE ( 'NONE', *, *, #2840, .T. ) ;
#70 = CARTESIAN_POINT ( 'NONE',  ( 1.500000000000004400, -18.14999999999999900, 0.0000000000000000000 ) ) ;
#71 = ORIENTED_EDGE ( 'NONE', *, *, #703, .F. ) ;
#72 = CARTESIAN_POINT ( 'NONE',  ( 18.19999999999999900, 1.000000000000000000, -15.50000000000000000 ) ) ;
#73 = EDGE_CURVE ( 'NONE', #4330, #3318, #1353, .T. ) ;
#74 = FACE_OUTER_BOUND ( 'NONE', #4843, .T. ) ;
#75 = ORIENTED_EDGE ( 'NONE', *, *, #4767, .F. ) ;
#76 = EDGE_LOOP ( 'NONE', ( #512, #4266, #2349, #4722 ) ) ;
#77 = AXIS2_PLACEMENT_3D ( 'NONE', #1955, #4560, #2350 ) ;
#78 = CARTESIAN_POINT ( 'NONE',  ( -10.71027907581148900, 16.00000000000000000, -20.00000000000000000 ) ) ;
#79 = PLANE ( 'NONE',  #1400 ) ;
#80 = DIRECTION ( 'NONE',  ( 0.0000000000000000000, 0.0000000000000000000, -1.000000000000000000 ) ) ;
#81 = ORIENTED_EDGE ( 'NONE', *, *, #4022, .T. ) ;
#82 = DIRECTION ( 'NONE',  ( -1.000000000000000000, 0.0000000000000000000, 0.0000000000000000000 ) ) ;
#83 = VECTOR ( 'NONE', #1469, 1000.000000000000000 ) ;
#84 = AXIS2_PLACEMENT_3D ( 'NONE', #3136, #4593, #2744 ) ;
#85 = ORIENTED_EDGE ( 'NONE', *, *, #722, .F. ) ;
#86 = ADVANCED_FACE ( 'NONE', ( #3234 ), #1876, .F. ) ;
#87 = ORIENTED_EDGE ( 'NONE', *, *, #440, .T. ) ;
#88 = VECTOR ( 'NONE', #1724, 1000.000000000000000 ) ;
#89 = DIRECTION ( 'NONE',  ( -1.000000000000000000, 0.0000000000000000000, 0.0000000000000000000 ) ) ;
#90 = DIRECTION ( 'NONE',  ( -8.673617379884034200E-017, 0.0000000000000000000, -1.000000000000000000 ) ) ;
#91 = DIRECTION ( 'NONE',  ( -0.9986740976945127600, 0.0000000000000000000, -0.05147860326437251500 ) ) ;
#92 = CARTESIAN_POINT ( 'NONE',  ( -2.999999999999996900, 20.14999999999999500, -5.000000000000000900 ) ) ;
#93 = DIRECTION ( 'NONE',  ( -0.0000000000000000000, -0.0000000000000000000, -1.000000000000000000 ) ) ;
#94 = ADVANCED_FACE ( 'NONE', ( #3341 ), #1511, .F. ) ;
#95 = CARTESIAN_POINT ( 'NONE',  ( -12.99999999999999800, 12.51068519718185500, -13.00000000000000200 ) ) ;
#96 = LINE ( 'NONE', #2080, #3962 ) ;
#97 = CARTESIAN_POINT ( 'NONE',  ( 8.000000000000001800, 16.00000000000000000, -11.75000000000000200 ) ) ;
#98 = ORIENTED_EDGE ( 'NONE', *, *, #4506, .T. ) ;
#99 = DIRECTION ( 'NONE',  ( 0.0000000000000000000, 0.0000000000000000000, -1.000000000000000000 ) ) ;
#100 = DIRECTION ( 'NONE',  ( -0.0000000000000000000, -1.000000000000000000, 0.0000000000000000000 ) ) ;
#101 = DIRECTION ( 'NONE',  ( -0.0000000000000000000, 0.0000000000000000000, -1.000000000000000000 ) ) ;
#102 = CYLINDRICAL_SURFACE ( 'NONE', #1118, 2.250000000000000400 ) ;
#103 = CARTESIAN_POINT ( 'NONE',  ( -15.81138830084190000, 7.500000000000000000, -5.000000000000000900 ) ) ;
#104 = LINE ( 'NONE', #1859, #4831 ) ;
#105 = EDGE_CURVE ( 'NONE', #3913, #1673, #344, .T. ) ;
#106 = VECTOR ( 'NONE', #3821, 1000.000000000000000 ) ;
#107 = ORIENTED_EDGE ( 'NONE', *, *, #2987, .T. ) ;
#108 = CARTESIAN_POINT ( 'NONE',  ( 12.49999999999999800, 1.530808498934191300E-015, -21.50000000000000000 ) ) ;
#109 = LINE ( 'NONE', #1988, #3971 ) ;
#110 = CIRCLE ( 'NONE', #1493, 12.49999999999999800 ) ;
#111 = EDGE_LOOP ( 'NONE', ( #1986, #1873 ) ) ;
#112 = DIRECTION ( 'NONE',  ( 1.000000000000000000, 2.168404344971006900E-016, 0.0000000000000000000 ) ) ;
#113 = EDGE_CURVE ( 'NONE', #3975, #4361, #2237, .T. ) ;
#114 = PLANE ( 'NONE',  #2541 ) ;
#115 = FACE_OUTER_BOUND ( 'NONE', #4354, .T. ) ;
#116 = CARTESIAN_POINT ( 'NONE',  ( 1.999999999999998200, 16.64999999999999500, 8.000000000000000000 ) ) ;
#117 = AXIS2_PLACEMENT_3D ( 'NONE', #448, #3828, #1593 ) ;
#118 = VERTEX_POINT ( 'NONE', #3270 ) ;
#119 = CARTESIAN_POINT ( 'NONE',  ( -14.49999999999999800, 1.775737858763662000E-015, -21.50000000000000000 ) ) ;
#120 = LINE ( 'NONE', #3646, #3978 ) ;
#121 = ADVANCED_FACE ( 'NONE', ( #1106 ), #1391, .T. ) ;
#122 = FACE_OUTER_BOUND ( 'NONE', #4694, .T. ) ;
#123 = CARTESIAN_POINT ( 'NONE',  ( 17.19999999999999900, 2.500000000000000000, -20.00000000000000000 ) ) ;
#124 = ORIENTED_EDGE ( 'NONE', *, *, #4454, .F. ) ;
#125 = MECHANICAL_DESIGN_GEOMETRIC_PRESENTATION_REPRESENTATION (  '', ( #4215 ), #357 ) ;
#126 = PLANE ( 'NONE',  #3373 ) ;
#127 = DIRECTION ( 'NONE',  ( 0.0000000000000000000, -1.000000000000000000, -0.0000000000000000000 ) ) ;
#128 = CARTESIAN_POINT ( 'NONE',  ( -17.19999999999999900, 2.500000000000000000, -23.50000000000000000 ) ) ;
#129 = VERTEX_POINT ( 'NONE', #258 ) ;
#130 = MECHANICAL_DESIGN_GEOMETRIC_PRESENTATION_REPRESENTATION (  '', ( #4219 ), #359 ) ;
#131 = LINE ( 'NONE', #4821, #2018 ) ;
#132 = CARTESIAN_POINT ( 'NONE',  ( -27.10355339059327000, 1.646446609406722300, -3.000000000000000000 ) ) ;
#133 = DIRECTION ( 'NONE',  ( 3.154042683594195100E-016, -1.000000000000000000, -0.0000000000000000000 ) ) ;
#134 = DIRECTION ( 'NONE',  ( 1.000000000000000000, 0.0000000000000000000, 0.0000000000000000000 ) ) ;
#135 = CARTESIAN_POINT ( 'NONE',  ( 20.30000000000000400, 2.500000000000000000, -6.735701647581717700 ) ) ;
#136 = DIRECTION ( 'NONE',  ( -4.625929269271485900E-016, -1.000000000000000000, 0.0000000000000000000 ) ) ;
#137 = COLOUR_RGB ( '',1.000000000000000000, 1.000000000000000000, 1.000000000000000000 ) ;
#138 = DIRECTION ( 'NONE',  ( 1.000000000000000000, 1.084202172485503400E-016, 0.0000000000000000000 ) ) ;
#139 = DIRECTION ( 'NONE',  ( 0.0000000000000000000, -0.0000000000000000000, 1.000000000000000000 ) ) ;
#140 = DIRECTION ( 'NONE',  ( 0.0000000000000000000, -0.0000000000000000000, 1.000000000000000000 ) ) ;
#141 = CARTESIAN_POINT ( 'NONE',  ( 11.00000000000000000, 16.00000000000000000, -5.000000000000000900 ) ) ;
#142 = EDGE_CURVE ( 'NONE', #3438, #1545, #231, .T. ) ;
#143 = CARTESIAN_POINT ( 'NONE',  ( -1.999999999999952300, 4.857225732734953400E-015, 0.0000000000000000000 ) ) ;
#144 = ORIENTED_EDGE ( 'NONE', *, *, #2034, .F. ) ;
#145 = ORIENTED_EDGE ( 'NONE', *, *, #1280, .T. ) ;
#146 = DIRECTION ( 'NONE',  ( -1.000000000000000000, -1.700709290173340700E-016, 0.0000000000000000000 ) ) ;
#147 = ORIENTED_EDGE ( 'NONE', *, *, #3984, .T. ) ;
#148 = EDGE_CURVE ( 'NONE', #54, #3377, #4091, .T. ) ;
#149 = EDGE_LOOP ( 'NONE', ( #1651, #2240, #1327, #605 ) ) ;
#150 = STYLED_ITEM ( 'NONE', ( #2219 ), #2246 ) ;
#151 = SURFACE_STYLE_USAGE ( .BOTH. , #2405 ) ;
#152 = FACE_OUTER_BOUND ( 'NONE', #2809, .T. ) ;
#153 = ORIENTED_EDGE ( 'NONE', *, *, #197, .T. ) ;
#154 = ORIENTED_EDGE ( 'NONE', *, *, #4, .T. ) ;
#155 = SURFACE_SIDE_STYLE ('',( #1487 ) ) ;
#156 = LINE ( 'NONE', #1301, #1896 ) ;
#157 = AXIS2_PLACEMENT_3D ( 'NONE', #3026, #772, #3404 ) ;
#158 = CARTESIAN_POINT ( 'NONE',  ( -2.999999999999996000, 16.00000000000000000, -5.000000000000000900 ) ) ;
#159 = EDGE_LOOP ( 'NONE', ( #1043, #3602, #1294, #2854 ) ) ;
#160 = VECTOR ( 'NONE', #469, 1000.000000000000000 ) ;
#161 = PRESENTATION_LAYER_ASSIGNMENT (  '', '', ( #383 ) ) ;
#162 = DIRECTION ( 'NONE',  ( -1.000000000000000000, 0.0000000000000000000, 0.0000000000000000000 ) ) ;
#163 = LINE ( 'NONE', #3806, #1034 ) ;
#164 = ADVANCED_FACE ( 'NONE', ( #122 ), #1960, .T. ) ;
#165 = VECTOR ( 'NONE', #2415, 1000.000000000000000 ) ;
#166 = VERTEX_POINT ( 'NONE', #2905 ) ;
#167 = PLANE ( 'NONE',  #2397 ) ;
#168 = LINE ( 'NONE', #305, #4024 ) ;
#169 = DIRECTION ( 'NONE',  ( 1.000000000000000000, 0.0000000000000000000, -0.0000000000000000000 ) ) ;
#170 = ORIENTED_EDGE ( 'NONE', *, *, #3466, .T. ) ;
#171 = ORIENTED_EDGE ( 'NONE', *, *, #2589, .F. ) ;
#172 = DIRECTION ( 'NONE',  ( -1.000000000000000000, 0.0000000000000000000, 0.0000000000000000000 ) ) ;
#173 = VECTOR ( 'NONE', #4451, 1000.000000000000000 ) ;
#174 = EDGE_LOOP ( 'NONE', ( #1645, #2519, #4154, #2764 ) ) ;
#175 = DIRECTION ( 'NONE',  ( 0.0000000000000000000, 1.000000000000000000, 0.0000000000000000000 ) ) ;
#176 = CIRCLE ( 'NONE', #1059, 17.50000000000000000 ) ;
#177 = EDGE_CURVE ( 'NONE', #2288, #3924, #2010, .T. ) ;
#178 = CARTESIAN_POINT ( 'NONE',  ( 11.00000000000000000, 16.00000000000000000, -13.00000000000000500 ) ) ;
#179 = LINE ( 'NONE', #3465, #3038 ) ;
#180 = EDGE_LOOP ( 'NONE', ( #2546, #4119, #3453, #3947 ) ) ;
#181 =( NAMED_UNIT ( * ) PLANE_ANGLE_UNIT ( ) SI_UNIT ( $, .RADIAN. ) );
#182 = LINE ( 'NONE', #1097, #2067 ) ;
#183 = ORIENTED_EDGE ( 'NONE', *, *, #1627, .F. ) ;
#184 = EDGE_CURVE ( 'NONE', #553, #4361, #994, .T. ) ;
#185 = VECTOR ( 'NONE', #4020, 1000.000000000000000 ) ;
#186 = ORIENTED_EDGE ( 'NONE', *, *, #4682, .T. ) ;
#187 = CARTESIAN_POINT ( 'NONE',  ( 27.25000000000000000, -1.292893218813455400, -3.000000000000000000 ) ) ;
#188 = CARTESIAN_POINT ( 'NONE',  ( -15.18279718243103600, 8.702451937078668800, -20.00000000000000000 ) ) ;
#189 = CARTESIAN_POINT ( 'NONE',  ( -8.000000000000001800, 29.00000000000000000, -13.00000000000000200 ) ) ;
#190 = FACE_OUTER_BOUND ( 'NONE', #4840, .T. ) ;
#191 = ADVANCED_FACE ( 'NONE', ( #2124, #3870 ), #3, .T. ) ;
#192 = ORIENTED_EDGE ( 'NONE', *, *, #1044, .T. ) ;
#193 = DIRECTION ( 'NONE',  ( 1.000000000000000000, 0.0000000000000000000, -0.0000000000000000000 ) ) ;
#194 = CARTESIAN_POINT ( 'NONE',  ( 11.14407328102380000, 15.74864148391653300, -16.88777612569863300 ) ) ;
#195 = ORIENTED_EDGE ( 'NONE', *, *, #3649, .T. ) ;
#196 = DIRECTION ( 'NONE',  ( 0.0000000000000000000, 0.0000000000000000000, 1.000000000000000000 ) ) ;
#197 = EDGE_CURVE ( 'NONE', #334, #3867, #3536, .T. ) ;
#198 = CARTESIAN_POINT ( 'NONE',  ( -7.999999999999998200, 16.00000000000000000, -13.00000000000000200 ) ) ;
#199 = ORIENTED_EDGE ( 'NONE', *, *, #3986, .T. ) ;
#200 = EDGE_LOOP ( 'NONE', ( #2908, #884, #4182, #3128, #1549 ) ) ;
#201 = LINE ( 'NONE', #1338, #4057 ) ;
#202 = ORIENTED_EDGE ( 'NONE', *, *, #3737, .T. ) ;
#203 = CARTESIAN_POINT ( 'NONE',  ( -10.00000000000000200, 5.105684756041020100, 39.50010000000000300 ) ) ;
#204 = ORIENTED_EDGE ( 'NONE', *, *, #1654, .T. ) ;
#205 = EDGE_CURVE ( 'NONE', #4338, #3489, #1514, .T. ) ;
#206 = LINE ( 'NONE', #1088, #83 ) ;
#207 = ORIENTED_EDGE ( 'NONE', *, *, #1171, .T. ) ;
#208 = ORIENTED_EDGE ( 'NONE', *, *, #2591, .T. ) ;
#209 = ORIENTED_EDGE ( 'NONE', *, *, #4022, .F. ) ;
#210 = LINE ( 'NONE', #3973, #1084 ) ;
#211 = DIRECTION ( 'NONE',  ( 0.0000000000000000000, 1.000000000000000000, 0.0000000000000000000 ) ) ;
#212 = AXIS2_PLACEMENT_3D ( 'NONE', #2499, #620, #3989 ) ;
#213 = DIRECTION ( 'NONE',  ( -0.0000000000000000000, 0.0000000000000000000, -1.000000000000000000 ) ) ;
#214 = CARTESIAN_POINT ( 'NONE',  ( -18.30000000000000400, 2.500000000000000000, -9.000000000000001800 ) ) ;
#215 = AXIS2_PLACEMENT_3D ( 'NONE', #2423, #277, #2907 ) ;
#216 = VECTOR ( 'NONE', #2733, 1000.000000000000000 ) ;
#217 = ORIENTED_EDGE ( 'NONE', *, *, #4053, .F. ) ;
#218 = ORIENTED_EDGE ( 'NONE', *, *, #3137, .T. ) ;
#219 = VECTOR ( 'NONE', #67, 1000.000000000000000 ) ;
#220 = ORIENTED_EDGE ( 'NONE', *, *, #2254, .T. ) ;
#221 = LINE ( 'NONE', #3476, #3109 ) ;
#222 = CIRCLE ( 'NONE', #4596, 0.5000000000000004400 ) ;
#223 = DIRECTION ( 'NONE',  ( 0.0000000000000000000, 0.0000000000000000000, -1.000000000000000000 ) ) ;
#224 = VECTOR ( 'NONE', #2121, 1000.000000000000000 ) ;
#225 = CARTESIAN_POINT ( 'NONE',  ( 8.000000000000005300, 16.00000000000000000, -13.00000000000000200 ) ) ;
#226 = ORIENTED_EDGE ( 'NONE', *, *, #3750, .F. ) ;
#227 = DIRECTION ( 'NONE',  ( 0.0000000000000000000, 1.000000000000000000, 0.0000000000000000000 ) ) ;
#228 = VECTOR ( 'NONE', #3133, 1000.000000000000000 ) ;
#229 = VECTOR ( 'NONE', #2141, 1000.000000000000000 ) ;
#230 = EDGE_CURVE ( 'NONE', #54, #2414, #534, .T. ) ;
#231 = LINE ( 'NONE', #2160, #3979 ) ;
#232 = DIRECTION ( 'NONE',  ( 0.1283355114047462800, 0.0000000000000000000, 0.9917308084921443400 ) ) ;
#233 = ORIENTED_EDGE ( 'NONE', *, *, #3398, .T. ) ;
#234 = EDGE_CURVE ( 'NONE', #1340, #2222, #3390, .T. ) ;
#235 = ORIENTED_EDGE ( 'NONE', *, *, #727, .T. ) ;
#236 = CYLINDRICAL_SURFACE ( 'NONE', #1058, 0.5000000000000000000 ) ;
#237 = EDGE_CURVE ( 'NONE', #2884, #1683, #1399, .T. ) ;
#238 = AXIS2_PLACEMENT_3D ( 'NONE', #3269, #1016, #3650 ) ;
#239 = DIRECTION ( 'NONE',  ( -1.000000000000000000, -1.734723475976806800E-016, 0.0000000000000000000 ) ) ;
#240 = CARTESIAN_POINT ( 'NONE',  ( -4.999999999999995600, 8.149999999999991500, -5.000000000000000900 ) ) ;
#241 = VECTOR ( 'NONE', #3288, 1000.000000000000000 ) ;
#242 = AXIS2_PLACEMENT_3D ( 'NONE', #4186, #1967, #4566 ) ;
#243 = DIRECTION ( 'NONE',  ( 1.000000000000000000, 0.0000000000000000000, 0.0000000000000000000 ) ) ;
#244 = DIRECTION ( 'NONE',  ( 0.0000000000000000000, 0.0000000000000000000, -1.000000000000000000 ) ) ;
#245 = DIRECTION ( 'NONE',  ( -1.000000000000000000, 2.017120320903262500E-016, 0.0000000000000000000 ) ) ;
#246 = VERTEX_POINT ( 'NONE', #2241 ) ;
#247 = ORIENTED_EDGE ( 'NONE', *, *, #1419, .T. ) ;
#248 = ORIENTED_EDGE ( 'NONE', *, *, #1835, .T. ) ;
#249 = DIRECTION ( 'NONE',  ( 0.0000000000000000000, 0.0000000000000000000, 1.000000000000000000 ) ) ;
#250 = SURFACE_STYLE_USAGE ( .BOTH. , #2510 ) ;
#251 = CARTESIAN_POINT ( 'NONE',  ( 0.0000000000000000000, 0.0000000000000000000, -20.00000000000000000 ) ) ;
#252 = EDGE_CURVE ( 'NONE', #914, #1298, #2529, .T. ) ;
#253 = FILL_AREA_STYLE ('',( #3248 ) ) ;
#254 = DIRECTION ( 'NONE',  ( -1.000000000000000000, 0.0000000000000000000, 0.0000000000000000000 ) ) ;
#255 = DIRECTION ( 'NONE',  ( 0.7071067811865473500, -0.7071067811865477900, -0.0000000000000000000 ) ) ;
#256 = DIRECTION ( 'NONE',  ( 0.0000000000000000000, -1.000000000000000000, 0.0000000000000000000 ) ) ;
#257 = DIRECTION ( 'NONE',  ( -1.000000000000000000, 0.0000000000000000000, 0.0000000000000000000 ) ) ;
#258 = CARTESIAN_POINT ( 'NONE',  ( 18.49999999999999600, -7.500000000000000000, -5.000000000000000000 ) ) ;
#259 = EDGE_CURVE ( 'NONE', #3975, #362, #4557, .T. ) ;
#260 = DIRECTION ( 'NONE',  ( 0.0000000000000000000, 0.0000000000000000000, 1.000000000000000000 ) ) ;
#261 = ORIENTED_EDGE ( 'NONE', *, *, #4589, .F. ) ;
#262 = VECTOR ( 'NONE', #2336, 1000.000000000000000 ) ;
#263 = PRESENTATION_LAYER_ASSIGNMENT (  '', '', ( #4627 ) ) ;
#264 = EDGE_LOOP ( 'NONE', ( #2623, #3526, #304, #3744 ) ) ;
#265 = CARTESIAN_POINT ( 'NONE',  ( 17.50000000000000000, 0.0000000000000000000, -20.00000000000000000 ) ) ;
#266 = CARTESIAN_POINT ( 'NONE',  ( -9.250000000000003600, -5.494315243958978600, 39.50000000000000000 ) ) ;
#267 = LINE ( 'NONE', #3151, #4248 ) ;
#268 = STYLED_ITEM ( 'NONE', ( #1146 ), #4488 ) ;
#269 = DIRECTION ( 'NONE',  ( 1.000000000000000000, -0.0000000000000000000, -0.0000000000000000000 ) ) ;
#270 = ORIENTED_EDGE ( 'NONE', *, *, #4079, .T. ) ;
#271 = VECTOR ( 'NONE', #674, 1000.000000000000000 ) ;
#272 = ORIENTED_EDGE ( 'NONE', *, *, #4383, .F. ) ;
#273 = ORIENTED_EDGE ( 'NONE', *, *, #1510, .F. ) ;
#274 = SURFACE_SIDE_STYLE ('',( #741 ) ) ;
#275 = DIRECTION ( 'NONE',  ( 0.1283355114047462800, 2.782832805441280000E-017, -0.9917308084921443400 ) ) ;
#276 = ORIENTED_EDGE ( 'NONE', *, *, #1712, .F. ) ;
#277 = DIRECTION ( 'NONE',  ( 0.0000000000000000000, 0.0000000000000000000, -1.000000000000000000 ) ) ;
#278 = LINE ( 'NONE', #4218, #2287 ) ;
#279 = ORIENTED_EDGE ( 'NONE', *, *, #1109, .F. ) ;
#280 = EDGE_CURVE ( 'NONE', #1785, #3489, #593, .T. ) ;
#281 = ORIENTED_EDGE ( 'NONE', *, *, #1167, .F. ) ;
#282 = DIRECTION ( 'NONE',  ( 1.000000000000000000, 0.0000000000000000000, -0.0000000000000000000 ) ) ;
#283 = VECTOR ( 'NONE', #1403, 999.9999999999998900 ) ;
#284 = CARTESIAN_POINT ( 'NONE',  ( 27.25000000000000000, 1.499999999999998700, 0.0000000000000000000 ) ) ;
#285 = ORIENTED_EDGE ( 'NONE', *, *, #1072, .T. ) ;
#286 = VECTOR ( 'NONE', #275, 1000.000000000000100 ) ;
#287 = CARTESIAN_POINT ( 'NONE',  ( 13.00000000000000400, 8.149999999999991500, -3.000000000000000000 ) ) ;
#288 = EDGE_CURVE ( 'NONE', #2198, #2304, #2587, .T. ) ;
#289 = CARTESIAN_POINT ( 'NONE',  ( 27.10355339059327300, -1.646446609406729200, 0.0000000000000000000 ) ) ;
#290 = VECTOR ( 'NONE', #3543, 1000.000000000000000 ) ;
#291 = AXIS2_PLACEMENT_3D ( 'NONE', #1939, #2711, #461 ) ;
#292 = DIRECTION ( 'NONE',  ( -0.05147860326437252200, 0.0000000000000000000, -0.9986740976945128700 ) ) ;
#293 = DIRECTION ( 'NONE',  ( 1.000000000000000000, 0.0000000000000000000, 0.0000000000000000000 ) ) ;
#294 = VERTEX_POINT ( 'NONE', #363 ) ;
#295 = ADVANCED_FACE ( 'NONE', ( #467 ), #2613, .F. ) ;
#296 = AXIS2_PLACEMENT_3D ( 'NONE', #2988, #729, #3357 ) ;
#297 = DIRECTION ( 'NONE',  ( 0.0000000000000000000, -1.000000000000000000, -0.0000000000000000000 ) ) ;
#298 = UNCERTAINTY_MEASURE_WITH_UNIT (LENGTH_MEASURE( 1.000000000000000100E-005 ), #1204, 'distance_accuracy_value', 'NONE');
#299 = EDGE_LOOP ( 'NONE', ( #1041, #1313, #3682, #4432 ) ) ;
#300 = AXIS2_PLACEMENT_3D ( 'NONE', #1436, #2947, #4430 ) ;
#301 = CARTESIAN_POINT ( 'NONE',  ( -26.74999999999999600, 1.292893218813449900, -3.000000000000000000 ) ) ;
#302 = SURFACE_STYLE_USAGE ( .BOTH. , #2562 ) ;
#303 = ORIENTED_EDGE ( 'NONE', *, *, #756, .T. ) ;
#304 = ORIENTED_EDGE ( 'NONE', *, *, #1917, .F. ) ;
#305 = CARTESIAN_POINT ( 'NONE',  ( -18.49999999999999600, -7.500000000000000000, -5.000000000000000000 ) ) ;
#306 = DIRECTION ( 'NONE',  ( 1.000000000000000000, 0.0000000000000000000, 0.0000000000000000000 ) ) ;
#307 = FACE_OUTER_BOUND ( 'NONE', #3765, .T. ) ;
#308 = ORIENTED_EDGE ( 'NONE', *, *, #3017, .F. ) ;
#309 = VERTEX_POINT ( 'NONE', #2999 ) ;
#310 = VECTOR ( 'NONE', #4429, 1000.000000000000000 ) ;
#311 = VERTEX_POINT ( 'NONE', #3996 ) ;
#312 = CARTESIAN_POINT ( 'NONE',  ( -8.000000000000001800, 29.00000000000000000, -13.00000000000000200 ) ) ;
#313 = ORIENTED_EDGE ( 'NONE', *, *, #1687, .F. ) ;
#314 = EDGE_CURVE ( 'NONE', #4387, #1747, #4317, .T. ) ;
#315 = DIRECTION ( 'NONE',  ( 1.000000000000000000, -2.312964634635743100E-015, 0.0000000000000000000 ) ) ;
#316 = ORIENTED_EDGE ( 'NONE', *, *, #1486, .T. ) ;
#317 = LINE ( 'NONE', #1347, #2213 ) ;
#318 = DIRECTION ( 'NONE',  ( -1.000000000000000000, -0.0000000000000000000, -0.0000000000000000000 ) ) ;
#319 = ORIENTED_EDGE ( 'NONE', *, *, #3197, .F. ) ;
#320 = CARTESIAN_POINT ( 'NONE',  ( -15.81138830084190000, -7.500000000000000000, -5.000000000000000900 ) ) ;
#321 = ADVANCED_FACE ( 'NONE', ( #1466 ), #1356, .T. ) ;
#322 = EDGE_CURVE ( 'NONE', #1340, #1579, #1591, .T. ) ;
#323 = LINE ( 'NONE', #2382, #216 ) ;
#324 = CARTESIAN_POINT ( 'NONE',  ( 1.999999999999998700, 20.14999999999999500, -5.000000000000000000 ) ) ;
#325 = CARTESIAN_POINT ( 'NONE',  ( 24.25000000000000000, 0.0000000000000000000, -3.000000000000000000 ) ) ;
#326 = EDGE_CURVE ( 'NONE', #129, #836, #3469, .T. ) ;
#327 = CIRCLE ( 'NONE', #4477, 2.000000000000000000 ) ;
#328 = CARTESIAN_POINT ( 'NONE',  ( 20.30000000000000400, -2.500000000000000000, -6.735701647581717700 ) ) ;
#329 = AXIS2_PLACEMENT_3D ( 'NONE', #860, #3492, #1251 ) ;
#330 = ORIENTED_EDGE ( 'NONE', *, *, #2605, .F. ) ;
#331 = ORIENTED_EDGE ( 'NONE', *, *, #3017, .T. ) ;
#332 = LINE ( 'NONE', #3429, #2225 ) ;
#333 = PRESENTATION_LAYER_ASSIGNMENT (  '', '', ( #4177 ) ) ;
#334 = VERTEX_POINT ( 'NONE', #4423 ) ;
#335 = ADVANCED_FACE ( 'NONE', ( #348 ), #236, .T. ) ;
#336 = LINE ( 'NONE', #2357, #1226 ) ;
#337 = DIRECTION ( 'NONE',  ( 0.0000000000000000000, 1.000000000000000000, 0.0000000000000000000 ) ) ;
#338 = LINE ( 'NONE', #132, #3114 ) ;
#339 = ORIENTED_EDGE ( 'NONE', *, *, #2224, .T. ) ;
#340 = CYLINDRICAL_SURFACE ( 'NONE', #1144, 0.5000000000000004400 ) ;
#341 = EDGE_LOOP ( 'NONE', ( #4230, #816, #4814, #4346 ) ) ;
#342 = DIRECTION ( 'NONE',  ( 0.0000000000000000000, 0.0000000000000000000, 1.000000000000000000 ) ) ;
#343 = LINE ( 'NONE', #3988, #229 ) ;
#344 = LINE ( 'NONE', #4492, #1241 ) ;
#345 = CARTESIAN_POINT ( 'NONE',  ( -18.30000000000000400, 2.500000000000000000, -9.000000000000001800 ) ) ;
#346 = EDGE_CURVE ( 'NONE', #2035, #4300, #1248, .T. ) ;
#347 = ORIENTED_EDGE ( 'NONE', *, *, #4265, .T. ) ;
#348 = FACE_OUTER_BOUND ( 'NONE', #264, .T. ) ;
#349 = CIRCLE ( 'NONE', #3640, 12.49999999999999800 ) ;
#350 = CARTESIAN_POINT ( 'NONE',  ( -9.250000000000003600, 5.505684756041019600, 39.50010000000000300 ) ) ;
#351 = DIRECTION ( 'NONE',  ( 0.0000000000000000000, 0.0000000000000000000, -1.000000000000000000 ) ) ;
#352 = EDGE_CURVE ( 'NONE', #3489, #2527, #2243, .T. ) ;
#353 = AXIS2_PLACEMENT_3D ( 'NONE', #2760, #509, #3145 ) ;
#354 = DIRECTION ( 'NONE',  ( 1.000000000000000000, 0.0000000000000000000, 0.0000000000000000000 ) ) ;
#355 = ADVANCED_FACE ( 'NONE', ( #1112 ), #3983, .T. ) ;
#356 = CARTESIAN_POINT ( 'NONE',  ( -22.64999999999999900, 0.0000000000000000000, -3.000000000000000000 ) ) ;
#357 =( GEOMETRIC_REPRESENTATION_CONTEXT ( 3 ) GLOBAL_UNCERTAINTY_ASSIGNED_CONTEXT ( ( #402 ) ) GLOBAL_UNIT_ASSIGNED_CONTEXT ( ( #4276, #2069, #4659 ) ) REPRESENTATION_CONTEXT ( 'NONE', 'WORKASPACE' ) );
#358 = VERTEX_POINT ( 'NONE', #2595 ) ;
#359 =( GEOMETRIC_REPRESENTATION_CONTEXT ( 3 ) GLOBAL_UNCERTAINTY_ASSIGNED_CONTEXT ( ( #1891 ) ) GLOBAL_UNIT_ASSIGNED_CONTEXT ( ( #1906, #4511, #2300 ) ) REPRESENTATION_CONTEXT ( 'NONE', 'WORKASPACE' ) );
#360 = DIRECTION ( 'NONE',  ( 0.8675884104246305300, -0.4972829678330667500, 0.0000000000000000000 ) ) ;
#361 = CARTESIAN_POINT ( 'NONE',  ( -15.18279718243103600, 8.702451937078668800, -3.000000000000000000 ) ) ;
#362 = VERTEX_POINT ( 'NONE', #345 ) ;
#363 = CARTESIAN_POINT ( 'NONE',  ( 18.50000000000000400, 7.500000000000000000, -3.000000000000000000 ) ) ;
#364 = DIRECTION ( 'NONE',  ( 0.0000000000000000000, 1.000000000000000000, 0.0000000000000000000 ) ) ;
#365 = EDGE_CURVE ( 'NONE', #1770, #1186, #131, .T. ) ;
#366 = ORIENTED_EDGE ( 'NONE', *, *, #1582, .F. ) ;
#367 = LINE ( 'NONE', #53, #4240 ) ;
#368 = EDGE_CURVE ( 'NONE', #4683, #960, #4094, .T. ) ;
#369 = CARTESIAN_POINT ( 'NONE',  ( -10.71027907581149000, 16.00000000000000000, -17.20171242842943800 ) ) ;
#370 = CARTESIAN_POINT ( 'NONE',  ( -15.00000000000000200, -5.094315243958978300, 42.50000000000000000 ) ) ;
#371 = ORIENTED_EDGE ( 'NONE', *, *, #4160, .T. ) ;
#372 = DIRECTION ( 'NONE',  ( -0.0000000000000000000, 0.0000000000000000000, -1.000000000000000000 ) ) ;
#373 = PRESENTATION_LAYER_ASSIGNMENT (  '', '', ( #150 ) ) ;
#374 = LINE ( 'NONE', #3505, #4349 ) ;
#375 = VECTOR ( 'NONE', #318, 1000.000000000000000 ) ;
#376 = B_SPLINE_CURVE_WITH_KNOTS ( 'NONE', 3,
 ( #194, #3188, #950, #3577, #1324, #3940 ),
 .UNSPECIFIED., .F., .F.,
 ( 4, 2, 4 ),
 ( 0.0000000000000000000, 0.0003046870554481375600, 0.0006093741108962751100 ),
 .UNSPECIFIED. ) ;
#377 = ORIENTED_EDGE ( 'NONE', *, *, #1853, .T. ) ;
#378 = VECTOR ( 'NONE', #4257, 1000.000000000000000 ) ;
#379 = ORIENTED_EDGE ( 'NONE', *, *, #4649, .F. ) ;
#380 = ORIENTED_EDGE ( 'NONE', *, *, #3022, .F. ) ;
#381 = AXIS2_PLACEMENT_3D ( 'NONE', #1180, #3796, #1553 ) ;
#382 = ORIENTED_EDGE ( 'NONE', *, *, #1212, .F. ) ;
#383 = STYLED_ITEM ( 'NONE', ( #1913 ), #1689 ) ;
#384 = CARTESIAN_POINT ( 'NONE',  ( -19.00000000000000000, 1.000000000000000000, -23.50000000000000000 ) ) ;
#385 = ORIENTED_EDGE ( 'NONE', *, *, #1542, .F. ) ;
#386 = VECTOR ( 'NONE', #2704, 999.9999999999998900 ) ;
#387 = ORIENTED_EDGE ( 'NONE', *, *, #1690, .T. ) ;
#388 = VECTOR ( 'NONE', #4109, 1000.000000000000000 ) ;
#389 = DIRECTION ( 'NONE',  ( -1.000000000000000000, 1.508455196501571400E-016, -0.0000000000000000000 ) ) ;
#390 = DIRECTION ( 'NONE',  ( -0.0000000000000000000, -1.000000000000000000, -0.0000000000000000000 ) ) ;
#391 = LINE ( 'NONE', #135, #2424 ) ;
#392 = ORIENTED_EDGE ( 'NONE', *, *, #3653, .T. ) ;
#393 = CIRCLE ( 'NONE', #454, 2.250000000000000400 ) ;
#394 = CARTESIAN_POINT ( 'NONE',  ( 17.50000000000000000, 2.500000000000000000, -20.00000000000000000 ) ) ;
#395 = CARTESIAN_POINT ( 'NONE',  ( 19.43997900946483900, -2.500000000000000000, -20.10000000000000100 ) ) ;
#396 = CARTESIAN_POINT ( 'NONE',  ( -0.0000000000000000000, -17.64999999999999900, -0.0000000000000000000 ) ) ;
#397 = ORIENTED_EDGE ( 'NONE', *, *, #3939, .F. ) ;
#398 = EDGE_CURVE ( 'NONE', #960, #4683, #1000, .T. ) ;
#399 = PLANE ( 'NONE',  #2906 ) ;
#400 = FILL_AREA_STYLE_COLOUR ( '', #1809 ) ;
#401 =( NAMED_UNIT ( * ) SI_UNIT ( $, .STERADIAN. ) SOLID_ANGLE_UNIT ( ) );
#402 = UNCERTAINTY_MEASURE_WITH_UNIT (LENGTH_MEASURE( 1.000000000000000100E-005 ), #4276, 'distance_accuracy_value', 'NONE');
#403 = DIRECTION ( 'NONE',  ( 1.000000000000000000, 0.0000000000000000000, 0.0000000000000000000 ) ) ;
#404 = ORIENTED_EDGE ( 'NONE', *, *, #2555, .F. ) ;
#405 = EDGE_CURVE ( 'NONE', #4184, #2286, #2991, .T. ) ;
#406 = ORIENTED_EDGE ( 'NONE', *, *, #113, .F. ) ;
#407 = ORIENTED_EDGE ( 'NONE', *, *, #2096, .F. ) ;
#408 = AXIS2_PLACEMENT_3D ( 'NONE', #1360, #979, #591 ) ;
#409 = DIRECTION ( 'NONE',  ( 0.0000000000000000000, 0.0000000000000000000, -1.000000000000000000 ) ) ;
#410 = EDGE_LOOP ( 'NONE', ( #397, #4286, #1850, #751 ) ) ;
#411 = AXIS2_PLACEMENT_3D ( 'NONE', #4772, #3402, #1157 ) ;
#412 = SURFACE_STYLE_USAGE ( .BOTH. , #2671 ) ;
#413 = LINE ( 'NONE', #2799, #4283 ) ;
#414 = ORIENTED_EDGE ( 'NONE', *, *, #2148, .F. ) ;
#415 =( NAMED_UNIT ( * ) PLANE_ANGLE_UNIT ( ) SI_UNIT ( $, .RADIAN. ) );
#416 =( NAMED_UNIT ( * ) SI_UNIT ( $, .STERADIAN. ) SOLID_ANGLE_UNIT ( ) );
#417 = EDGE_LOOP ( 'NONE', ( #1677, #2660, #3074, #551 ) ) ;
#418 = CARTESIAN_POINT ( 'NONE',  ( 19.00000000000000400, 7.500000000000000000, -3.000000000000000000 ) ) ;
#419 = SURFACE_SIDE_STYLE ('',( #1701 ) ) ;
#420 = LINE ( 'NONE', #4327, #2322 ) ;
#421 = ADVANCED_FACE ( 'NONE', ( #3878 ), #3349, .T. ) ;
#422 = ORIENTED_EDGE ( 'NONE', *, *, #4729, .F. ) ;
#423 = CARTESIAN_POINT ( 'NONE',  ( -18.19999999999999900, 1.000000000000000000, -23.50000000000000000 ) ) ;
#424 = ORIENTED_EDGE ( 'NONE', *, *, #2756, .T. ) ;
#425 = PLANE ( 'NONE',  #3210 ) ;
#426 = ORIENTED_EDGE ( 'NONE', *, *, #4341, .F. ) ;
#427 = LINE ( 'NONE', #2454, #4170 ) ;
#428 = CARTESIAN_POINT ( 'NONE',  ( 8.000000000000001800, 16.00000000000000000, -14.25000000000000000 ) ) ;
#429 = DIRECTION ( 'NONE',  ( 0.0000000000000000000, 0.0000000000000000000, 1.000000000000000000 ) ) ;
#430 = DIRECTION ( 'NONE',  ( -1.000000000000000000, 0.0000000000000000000, 0.0000000000000000000 ) ) ;
#431 = EDGE_CURVE ( 'NONE', #2013, #1778, #2129, .T. ) ;
#432 = CYLINDRICAL_SURFACE ( 'NONE', #2565, 3.000000000000000900 ) ;
#433 = DIRECTION ( 'NONE',  ( -0.0000000000000000000, -0.0000000000000000000, 1.000000000000000000 ) ) ;
#434 = CARTESIAN_POINT ( 'NONE',  ( -12.54999999999999900, -5.494315243958978600, 39.50000000000000000 ) ) ;
#435 = FACE_OUTER_BOUND ( 'NONE', #2182, .T. ) ;
#436 = CARTESIAN_POINT ( 'NONE',  ( 1.999999999999998700, 20.14999999999999500, 8.000000000000000000 ) ) ;
#437 = ORIENTED_EDGE ( 'NONE', *, *, #2441, .F. ) ;
#438 = CARTESIAN_POINT ( 'NONE',  ( 15.81138830084190000, 7.500000000000000000, -20.00000000000000000 ) ) ;
#439 = PRESENTATION_STYLE_ASSIGNMENT (( #4135 ) ) ;
#440 = EDGE_CURVE ( 'NONE', #1673, #813, #1875, .T. ) ;
#441 = ORIENTED_EDGE ( 'NONE', *, *, #2553, .T. ) ;
#442 = CARTESIAN_POINT ( 'NONE',  ( 15.18279718243103100, 8.702451937078665300, -20.00000000000000000 ) ) ;
#443 = DIRECTION ( 'NONE',  ( -1.000000000000000000, 0.0000000000000000000, 0.0000000000000000000 ) ) ;
#444 = CYLINDRICAL_SURFACE ( 'NONE', #1899, 14.49999999999999800 ) ;
#445 = ORIENTED_EDGE ( 'NONE', *, *, #856, .F. ) ;
#446 = AXIS2_PLACEMENT_3D ( 'NONE', #225, #2844, #598 ) ;
#447 = EDGE_LOOP ( 'NONE', ( #4061, #492, #2828, #2956, #1497, #392 ) ) ;
#448 = CARTESIAN_POINT ( 'NONE',  ( 8.000000000000005300, 8.149999999999991500, -13.00000000000000200 ) ) ;
#449 = ADVANCED_FACE ( 'NONE', ( #2874 ), #752, .T. ) ;
#450 = CARTESIAN_POINT ( 'NONE',  ( -19.43997900946483900, -1.000000000000000400, -20.10000000000000100 ) ) ;
#451 = LINE ( 'NONE', #438, #3226 ) ;
#452 = CARTESIAN_POINT ( 'NONE',  ( 5.000000000000002700, 20.14999999999999500, -13.00000000000000400 ) ) ;
#453 = DIRECTION ( 'NONE',  ( 1.000000000000000000, -2.017120320903262500E-016, 0.0000000000000000000 ) ) ;
#454 = AXIS2_PLACEMENT_3D ( 'NONE', #4369, #2158, #4757 ) ;
#455 = VERTEX_POINT ( 'NONE', #158 ) ;
#456 = VECTOR ( 'NONE', #2319, 1000.000000000000000 ) ;
#457 = EDGE_LOOP ( 'NONE', ( #1501, #935, #2954, #2436 ) ) ;
#458 = ADVANCED_FACE ( 'NONE', ( #4626 ), #541, .T. ) ;
#459 = AXIS2_PLACEMENT_3D ( 'NONE', #3881, #1646, #3538 ) ;
#460 = CARTESIAN_POINT ( 'NONE',  ( -19.00000000000000400, 2.500000000000000000, -5.000000000000000000 ) ) ;
#461 = DIRECTION ( 'NONE',  ( -0.7071067811865474600, -0.7071067811865476800, 0.0000000000000000000 ) ) ;
#462 = CARTESIAN_POINT ( 'NONE',  ( 17.19999999999999900, 2.500000000000000000, -20.00000000000000000 ) ) ;
#463 = CARTESIAN_POINT ( 'NONE',  ( -18.19999999999999900, -1.000000000000000000, -20.03608286463847300 ) ) ;
#464 = FILL_AREA_STYLE ('',( #2361 ) ) ;
#465 = ORIENTED_EDGE ( 'NONE', *, *, #2495, .F. ) ;
#466 = CARTESIAN_POINT ( 'NONE',  ( -12.99999999999999800, 12.51068519718185400, -14.53590557897278600 ) ) ;
#467 = FACE_OUTER_BOUND ( 'NONE', #4000, .T. ) ;
#468 = VECTOR ( 'NONE', #4592, 1000.000000000000000 ) ;
#469 = DIRECTION ( 'NONE',  ( 0.0000000000000000000, 1.000000000000000000, 0.0000000000000000000 ) ) ;
#470 = CARTESIAN_POINT ( 'NONE',  ( -12.49999999999999800, 0.0000000000000000000, -21.50000000000000000 ) ) ;
#471 = CARTESIAN_POINT ( 'NONE',  ( 11.00000000000000000, 16.00000000000000000, -20.00000000000000000 ) ) ;
#472 = CARTESIAN_POINT ( 'NONE',  ( -19.00000000000000400, 6.999999999999999100, -5.000000000000000000 ) ) ;
#473 = CARTESIAN_POINT ( 'NONE',  ( 19.00000000000000400, 7.500000000000000000, -5.000000000000000000 ) ) ;
#474 = DIRECTION ( 'NONE',  ( -0.9917308084921443400, 0.0000000000000000000, -0.1283355114047462800 ) ) ;
#475 = CARTESIAN_POINT ( 'NONE',  ( 8.000000000000001800, 16.00000000000000000, -10.75000000000000000 ) ) ;
#476 = DIRECTION ( 'NONE',  ( -1.000000000000000000, -1.224646799147353500E-016, 0.0000000000000000000 ) ) ;
#477 = DIRECTION ( 'NONE',  ( -0.0000000000000000000, -0.0000000000000000000, -1.000000000000000000 ) ) ;
#478 = ORIENTED_EDGE ( 'NONE', *, *, #1922, .T. ) ;
#479 = ADVANCED_FACE ( 'NONE', ( #890 ), #2051, .T. ) ;
#480 = EDGE_CURVE ( 'NONE', #4764, #4700, #3752, .T. ) ;
#481 = DIRECTION ( 'NONE',  ( -8.673617379884034200E-017, 0.0000000000000000000, 1.000000000000000000 ) ) ;
#482 = DIRECTION ( 'NONE',  ( -1.000000000000000000, 0.0000000000000000000, -0.0000000000000000000 ) ) ;
#483 = DIRECTION ( 'NONE',  ( 0.0000000000000000000, 0.0000000000000000000, 1.000000000000000000 ) ) ;
#484 = EDGE_CURVE ( 'NONE', #3560, #4167, #2770, .T. ) ;
#485 = DIRECTION ( 'NONE',  ( 0.4972829678330659700, -0.8675884104246309700, 0.0000000000000000000 ) ) ;
#486 = VERTEX_POINT ( 'NONE', #3926 ) ;
#487 = ORIENTED_EDGE ( 'NONE', *, *, #2998, .T. ) ;
#488 = CARTESIAN_POINT ( 'NONE',  ( 8.600000000000012100, 20.14999999999999100, 0.0000000000000000000 ) ) ;
#489 = EDGE_CURVE ( 'NONE', #294, #3918, #647, .T. ) ;
#490 = CARTESIAN_POINT ( 'NONE',  ( 0.0000000000000000000, 0.0000000000000000000, 42.50000000000000000 ) ) ;
#491 = ORIENTED_EDGE ( 'NONE', *, *, #9, .T. ) ;
#492 = ORIENTED_EDGE ( 'NONE', *, *, #484, .T. ) ;
#493 = AXIS2_PLACEMENT_3D ( 'NONE', #4386, #2183, #4774 ) ;
#494 = DIRECTION ( 'NONE',  ( -0.9917308084921443400, 0.0000000000000000000, -0.1283355114047462800 ) ) ;
#495 = CARTESIAN_POINT ( 'NONE',  ( -27.10355339059327300, -1.646446609406732700, -3.000000000000000000 ) ) ;
#496 = DIRECTION ( 'NONE',  ( 0.0000000000000000000, 0.0000000000000000000, -1.000000000000000000 ) ) ;
#497 = DIRECTION ( 'NONE',  ( -0.0000000000000000000, -0.0000000000000000000, 1.000000000000000000 ) ) ;
#498 = SURFACE_STYLE_FILL_AREA ( #3072 ) ;
#499 = STYLED_ITEM ( 'NONE', ( #3972 ), #1526 ) ;
#500 = PLANE ( 'NONE',  #1602 ) ;
#501 = CARTESIAN_POINT ( 'NONE',  ( 3.000000000000004900, 16.00000000000000000, -5.000000000000000900 ) ) ;
#502 = DIRECTION ( 'NONE',  ( 1.000000000000000000, 0.0000000000000000000, 0.0000000000000000000 ) ) ;
#503 = VECTOR ( 'NONE', #1260, 1000.000000000000000 ) ;
#504 = EDGE_LOOP ( 'NONE', ( #2006, #248, #3401, #3719 ) ) ;
#505 = CARTESIAN_POINT ( 'NONE',  ( -25.85000000000000100, 1.959434878635768700E-016, -3.000000000000000000 ) ) ;
#506 = FILL_AREA_STYLE ('',( #3517 ) ) ;
#507 = VERTEX_POINT ( 'NONE', #2439 ) ;
#508 = LINE ( 'NONE', #4567, #160 ) ;
#509 = DIRECTION ( 'NONE',  ( -0.0000000000000000000, 0.0000000000000000000, -1.000000000000000000 ) ) ;
#510 = CYLINDRICAL_SURFACE ( 'NONE', #2643, 0.5000000000000004400 ) ;
#511 = DIRECTION ( 'NONE',  ( 0.0000000000000000000, -0.0000000000000000000, 1.000000000000000000 ) ) ;
#512 = ORIENTED_EDGE ( 'NONE', *, *, #4639, .T. ) ;
#513 = CARTESIAN_POINT ( 'NONE',  ( 18.19999999999999900, -1.000000000000000000, -23.50000000000000000 ) ) ;
#514 = VECTOR ( 'NONE', #854, 1000.000000000000000 ) ;
#515 = EDGE_CURVE ( 'NONE', #3913, #4194, #1659, .T. ) ;
#516 = EDGE_LOOP ( 'NONE', ( #3237, #2662, #1944 ) ) ;
#517 = DIRECTION ( 'NONE',  ( 0.0000000000000000000, 1.000000000000000000, 0.0000000000000000000 ) ) ;
#518 = CARTESIAN_POINT ( 'NONE',  ( 0.0000000000000000000, 0.0000000000000000000, -5.000000000000000000 ) ) ;
#519 = CYLINDRICAL_SURFACE ( 'NONE', #459, 1.249999999999999300 ) ;
#520 = ORIENTED_EDGE ( 'NONE', *, *, #197, .F. ) ;
#521 = VERTEX_POINT ( 'NONE', #2814 ) ;
#522 = COLOUR_RGB ( '',1.000000000000000000, 1.000000000000000000, 0.5019607843137254800 ) ;
#523 = UNCERTAINTY_MEASURE_WITH_UNIT (LENGTH_MEASURE( 1.000000000000000100E-005 ), #3264, 'distance_accuracy_value', 'NONE');
#524 = ORIENTED_EDGE ( 'NONE', *, *, #589, .T. ) ;
#525 =( NAMED_UNIT ( * ) PLANE_ANGLE_UNIT ( ) SI_UNIT ( $, .RADIAN. ) );
#526 = EDGE_CURVE ( 'NONE', #4072, #3982, #1758, .T. ) ;
#527 = COLOUR_RGB ( '',1.000000000000000000, 1.000000000000000000, 0.5019607843137254800 ) ;
#528 = MECHANICAL_DESIGN_GEOMETRIC_PRESENTATION_REPRESENTATION (  '', ( #4627 ), #757 ) ;
#529 = ORIENTED_EDGE ( 'NONE', *, *, #4498, .F. ) ;
#530 = CARTESIAN_POINT ( 'NONE',  ( 27.25000000000000000, -1.500000000000001300, -0.0000000000000000000 ) ) ;
#531 = LINE ( 'NONE', #450, #386 ) ;
#532 = ORIENTED_EDGE ( 'NONE', *, *, #1887, .F. ) ;
#533 =( LENGTH_UNIT ( ) NAMED_UNIT ( * ) SI_UNIT ( .MILLI., .METRE. ) );
#534 = LINE ( 'NONE', #1985, #2422 ) ;
#535 = SURFACE_STYLE_FILL_AREA ( #2941 ) ;
#536 = ORIENTED_EDGE ( 'NONE', *, *, #2259, .F. ) ;
#537 = AXIS2_PLACEMENT_3D ( 'NONE', #3474, #1624, #4222 ) ;
#538 = DIRECTION ( 'NONE',  ( -4.625929269271485900E-016, 1.000000000000000000, -0.0000000000000000000 ) ) ;
#539 = ADVANCED_FACE ( 'NONE', ( #2536 ), #3196, .T. ) ;
#540 = VECTOR ( 'NONE', #4579, 1000.000000000000000 ) ;
#541 = PLANE ( 'NONE',  #2824 ) ;
#542 = VERTEX_POINT ( 'NONE', #4279 ) ;
#543 = PRESENTATION_LAYER_ASSIGNMENT (  '', '', ( #268 ) ) ;
#544 = CIRCLE ( 'NONE', #4809, 2.250000000000000400 ) ;
#545 = ORIENTED_EDGE ( 'NONE', *, *, #1424, .F. ) ;
#546 = CARTESIAN_POINT ( 'NONE',  ( 18.19999999999999900, -1.000000000000000000, -15.50000000000000000 ) ) ;
#547 = EDGE_CURVE ( 'NONE', #4574, #1162, #3644, .T. ) ;
#548 = FILL_AREA_STYLE_COLOUR ( '', #2189 ) ;
#549 = ORIENTED_EDGE ( 'NONE', *, *, #1446, .T. ) ;
#550 = CARTESIAN_POINT ( 'NONE',  ( 18.50000000000000400, 7.500000000000000000, -5.000000000000000000 ) ) ;
#551 = ORIENTED_EDGE ( 'NONE', *, *, #727, .F. ) ;
#552 = CARTESIAN_POINT ( 'NONE',  ( 8.392893218813462400, -20.14999999999999900, -3.000000000000000000 ) ) ;
#553 = VERTEX_POINT ( 'NONE', #4720 ) ;
#554 = EDGE_CURVE ( 'NONE', #2922, #2286, #3396, .T. ) ;
#555 = VERTEX_POINT ( 'NONE', #4333 ) ;
#556 = ADVANCED_FACE ( 'NONE', ( #1521 ), #3541, .T. ) ;
#557 = VECTOR ( 'NONE', #2783, 1000.000000000000000 ) ;
#558 = ORIENTED_EDGE ( 'NONE', *, *, #1998, .F. ) ;
#559 = DIRECTION ( 'NONE',  ( 0.0000000000000000000, -1.000000000000000000, -0.0000000000000000000 ) ) ;
#560 = AXIS2_PLACEMENT_3D ( 'NONE', #4447, #2248, #4838 ) ;
#561 = ORIENTED_EDGE ( 'NONE', *, *, #1486, .F. ) ;
#562 = ORIENTED_EDGE ( 'NONE', *, *, #234, .T. ) ;
#563 = LINE ( 'NONE', #2109, #4400 ) ;
#564 = ORIENTED_EDGE ( 'NONE', *, *, #1660, .F. ) ;
#565 = PRESENTATION_LAYER_ASSIGNMENT (  '', '', ( #1555 ) ) ;
#566 = VERTEX_POINT ( 'NONE', #1754 ) ;
#567 = ORIENTED_EDGE ( 'NONE', *, *, #3223, .T. ) ;
#568 = SURFACE_STYLE_FILL_AREA ( #4731 ) ;
#569 = AXIS2_PLACEMENT_3D ( 'NONE', #1108, #3729, #1478 ) ;
#570 = ORIENTED_EDGE ( 'NONE', *, *, #3720, .T. ) ;
#571 = VECTOR ( 'NONE', #1546, 1000.000000000000000 ) ;
#572 = LINE ( 'NONE', #4155, #4299 ) ;
#573 = EDGE_LOOP ( 'NONE', ( #3102, #4725, #1015, #604 ) ) ;
#574 = CARTESIAN_POINT ( 'NONE',  ( -19.00000000000000000, 2.500000000000000000, -23.50000000000000000 ) ) ;
#575 = PLANE ( 'NONE',  #706 ) ;
#576 = VECTOR ( 'NONE', #1523, 1000.000000000000000 ) ;
#577 = CARTESIAN_POINT ( 'NONE',  ( 18.30000000000000400, 2.500000000000000000, -8.500000000000000000 ) ) ;
#578 = ORIENTED_EDGE ( 'NONE', *, *, #3843, .T. ) ;
#579 = DIRECTION ( 'NONE',  ( 0.0000000000000000000, 0.0000000000000000000, -1.000000000000000000 ) ) ;
#580 = UNCERTAINTY_MEASURE_WITH_UNIT (LENGTH_MEASURE( 1.000000000000000100E-005 ), #32, 'distance_accuracy_value', 'NONE');
#581 = ORIENTED_EDGE ( 'NONE', *, *, #3847, .T. ) ;
#582 = ORIENTED_EDGE ( 'NONE', *, *, #589, .F. ) ;
#583 = EDGE_CURVE ( 'NONE', #2142, #3994, #544, .T. ) ;
#584 = COLOUR_RGB ( '',1.000000000000000000, 1.000000000000000000, 1.000000000000000000 ) ;
#585 = DIRECTION ( 'NONE',  ( 0.0000000000000000000, -1.000000000000000000, -0.0000000000000000000 ) ) ;
#586 = ORIENTED_EDGE ( 'NONE', *, *, #2707, .T. ) ;
#587 = EDGE_CURVE ( 'NONE', #2453, #2256, #1405, .T. ) ;
#588 = VECTOR ( 'NONE', #4512, 1000.000000000000000 ) ;
#589 = EDGE_CURVE ( 'NONE', #3994, #2142, #393, .T. ) ;
#590 = AXIS2_PLACEMENT_3D ( 'NONE', #2710, #3837, #3473 ) ;
#591 = DIRECTION ( 'NONE',  ( 1.000000000000000000, 0.0000000000000000000, 0.0000000000000000000 ) ) ;
#592 = VERTEX_POINT ( 'NONE', #3648 ) ;
#593 = LINE ( 'NONE', #723, #4433 ) ;
#594 = MECHANICAL_DESIGN_GEOMETRIC_PRESENTATION_REPRESENTATION (  '', ( #4177 ), #838 ) ;
#595 = LINE ( 'NONE', #1616, #3596 ) ;
#596 = DIRECTION ( 'NONE',  ( 0.0000000000000000000, 0.0000000000000000000, 1.000000000000000000 ) ) ;
#597 = CARTESIAN_POINT ( 'NONE',  ( -2.000000000000001300, -20.14999999999999500, 8.000000000000000000 ) ) ;
#598 = DIRECTION ( 'NONE',  ( 0.0000000000000000000, 0.0000000000000000000, -1.000000000000000000 ) ) ;
#599 = EDGE_CURVE ( 'NONE', #334, #1676, #1299, .T. ) ;
#600 = ORIENTED_EDGE ( 'NONE', *, *, #856, .T. ) ;
#601 = EDGE_LOOP ( 'NONE', ( #659, #1697, #2461 ) ) ;
#602 = UNCERTAINTY_MEASURE_WITH_UNIT (LENGTH_MEASURE( 1.000000000000000100E-005 ), #4100, 'distance_accuracy_value', 'NONE');
#603 = CARTESIAN_POINT ( 'NONE',  ( -17.19999999999999900, 2.500000000000000000, -20.00000000000000000 ) ) ;
#604 = ORIENTED_EDGE ( 'NONE', *, *, #3254, .T. ) ;
#605 = ORIENTED_EDGE ( 'NONE', *, *, #3477, .T. ) ;
#606 = DIRECTION ( 'NONE',  ( 1.000000000000000000, 0.0000000000000000000, 0.0000000000000000000 ) ) ;
#607 = PLANE ( 'NONE',  #4590 ) ;
#608 = EDGE_CURVE ( 'NONE', #2222, #4791, #2292, .T. ) ;
#609 = LINE ( 'NONE', #1633, #2604 ) ;
#610 = AXIS2_PLACEMENT_3D ( 'NONE', #198, #2826, #579 ) ;
#611 = CARTESIAN_POINT ( 'NONE',  ( -12.54999999999999900, -5.494315243958978600, 39.00000000000000000 ) ) ;
#612 = CARTESIAN_POINT ( 'NONE',  ( 27.10355339059327300, 1.646446609406726500, -3.000000000000000000 ) ) ;
#613 = AXIS2_PLACEMENT_3D ( 'NONE', #3437, #1194, #3811 ) ;
#614 = VERTEX_POINT ( 'NONE', #2904 ) ;
#615 = VECTOR ( 'NONE', #4148, 999.9999999999998900 ) ;
#616 = LINE ( 'NONE', #1277, #2506 ) ;
#617 = DIRECTION ( 'NONE',  ( 0.0000000000000000000, 0.0000000000000000000, -1.000000000000000000 ) ) ;
#618 = DIRECTION ( 'NONE',  ( 0.0000000000000000000, 0.0000000000000000000, -1.000000000000000000 ) ) ;
#619 = DIRECTION ( 'NONE',  ( -0.9764763586267584100, 0.0000000000000000000, 0.2156244908238079700 ) ) ;
#620 = DIRECTION ( 'NONE',  ( 0.0000000000000000000, 0.0000000000000000000, -1.000000000000000000 ) ) ;
#621 = ORIENTED_EDGE ( 'NONE', *, *, #3311, .T. ) ;
#622 = CIRCLE ( 'NONE', #3891, 14.49999999999999800 ) ;
#623 = VECTOR ( 'NONE', #3832, 1000.000000000000000 ) ;
#624 = PRODUCT ( 'DFR0523', 'DFR0523', '', ( #4365 ) ) ;
#625 = CARTESIAN_POINT ( 'NONE',  ( 8.000000000000001800, 29.00000000000000000, -13.00000000000000200 ) ) ;
#626 = ORIENTED_EDGE ( 'NONE', *, *, #4498, .T. ) ;
#627 = ORIENTED_EDGE ( 'NONE', *, *, #583, .T. ) ;
#628 = ORIENTED_EDGE ( 'NONE', *, *, #2840, .F. ) ;
#629 = EDGE_CURVE ( 'NONE', #4574, #905, #3292, .T. ) ;
#630 = VECTOR ( 'NONE', #4345, 1000.000000000000000 ) ;
#631 =( NAMED_UNIT ( * ) PLANE_ANGLE_UNIT ( ) SI_UNIT ( $, .RADIAN. ) );
#632 = ORIENTED_EDGE ( 'NONE', *, *, #3223, .F. ) ;
#633 = DIRECTION ( 'NONE',  ( -1.000000000000000000, 0.0000000000000000000, 0.0000000000000000000 ) ) ;
#634 = FACE_OUTER_BOUND ( 'NONE', #3025, .T. ) ;
#635 = EDGE_LOOP ( 'NONE', ( #192, #204, #4602, #2535, #247, #1855, #2282 ) ) ;
#636 = ORIENTED_EDGE ( 'NONE', *, *, #23, .F. ) ;
#637 = EDGE_CURVE ( 'NONE', #1149, #1101, #2186, .T. ) ;
#638 = SURFACE_STYLE_USAGE ( .BOTH. , #2879 ) ;
#639 = CYLINDRICAL_SURFACE ( 'NONE', #2021, 0.5000000000000004400 ) ;
#640 = DIRECTION ( 'NONE',  ( 0.0000000000000000000, 0.0000000000000000000, -1.000000000000000000 ) ) ;
#641 = DIRECTION ( 'NONE',  ( 0.0000000000000000000, 1.000000000000000000, 0.0000000000000000000 ) ) ;
#642 = MECHANICAL_DESIGN_GEOMETRIC_PRESENTATION_REPRESENTATION (  '', ( #150 ), #900 ) ;
#643 = CYLINDRICAL_SURFACE ( 'NONE', #4629, 2.999999999999999100 ) ;
#644 = DIRECTION ( 'NONE',  ( 0.0000000000000000000, 1.000000000000000000, 0.0000000000000000000 ) ) ;
#645 = DIRECTION ( 'NONE',  ( -4.625929269271486900E-016, 1.000000000000000000, 0.0000000000000000000 ) ) ;
#646 = ORIENTED_EDGE ( 'NONE', *, *, #1473, .F. ) ;
#647 = LINE ( 'NONE', #550, #4491 ) ;
#648 = AXIS2_PLACEMENT_3D ( 'NONE', #3006, #753, #3376 ) ;
#649 = AXIS2_PLACEMENT_3D ( 'NONE', #1598, #4191, #1975 ) ;
#650 = CARTESIAN_POINT ( 'NONE',  ( 2.000000000000000000, -19.64999999999999900, 8.000000000000000000 ) ) ;
#651 = DIRECTION ( 'NONE',  ( 0.0000000000000000000, 1.000000000000000000, 0.0000000000000000000 ) ) ;
#652 = DIRECTION ( 'NONE',  ( 0.0000000000000000000, 0.0000000000000000000, -1.000000000000000000 ) ) ;
#653 = AXIS2_PLACEMENT_3D ( 'NONE', #3361, #1515, #1134 ) ;
#654 = CARTESIAN_POINT ( 'NONE',  ( 27.25000000000000000, 1.499999999999998700, 0.0000000000000000000 ) ) ;
#655 =( LENGTH_UNIT ( ) NAMED_UNIT ( * ) SI_UNIT ( .MILLI., .METRE. ) );
#656 = CARTESIAN_POINT ( 'NONE',  ( -19.00000000000000400, 2.500000000000000000, -6.015548772996655000 ) ) ;
#657 = CARTESIAN_POINT ( 'NONE',  ( 8.600000000000012100, 20.14999999999999100, -3.000000000000000000 ) ) ;
#658 = ORIENTED_EDGE ( 'NONE', *, *, #205, .T. ) ;
#659 = ORIENTED_EDGE ( 'NONE', *, *, #1793, .F. ) ;
#660 = VERTEX_POINT ( 'NONE', #668 ) ;
#661 = EDGE_LOOP ( 'NONE', ( #2568, #3343, #1801, #1066 ) ) ;
#662 = CARTESIAN_POINT ( 'NONE',  ( 0.0000000000000000000, -2.500000000000000000, 0.0000000000000000000 ) ) ;
#663 = LINE ( 'NONE', #915, #557 ) ;
#664 = EDGE_CURVE ( 'NONE', #4059, #4194, #3134, .T. ) ;
#665 = EDGE_CURVE ( 'NONE', #1386, #4316, #3187, .T. ) ;
#666 = DIRECTION ( 'NONE',  ( 1.000000000000000000, 0.0000000000000000000, 8.673617379884042400E-016 ) ) ;
#667 = ORIENTED_EDGE ( 'NONE', *, *, #4804, .T. ) ;
#668 = CARTESIAN_POINT ( 'NONE',  ( -11.00000000000000000, 20.14999999999999500, -13.00000000000000200 ) ) ;
#669 = ADVANCED_FACE ( 'NONE', ( #1117 ), #4397, .F. ) ;
#670 = ORIENTED_EDGE ( 'NONE', *, *, #2899, .F. ) ;
#671 = VECTOR ( 'NONE', #227, 1000.000000000000000 ) ;
#672 = DIRECTION ( 'NONE',  ( 0.0000000000000000000, 1.000000000000000000, 0.0000000000000000000 ) ) ;
#673 = ORIENTED_EDGE ( 'NONE', *, *, #972, .F. ) ;
#674 = DIRECTION ( 'NONE',  ( 1.000000000000000000, 1.734723475976806800E-016, 0.0000000000000000000 ) ) ;
#675 = CARTESIAN_POINT ( 'NONE',  ( 27.25000000000000000, 1.499999999999998700, -3.000000000000000000 ) ) ;
#676 = EDGE_CURVE ( 'NONE', #4330, #4017, #755, .T. ) ;
#677 = ORIENTED_EDGE ( 'NONE', *, *, #722, .T. ) ;
#678 = VERTEX_POINT ( 'NONE', #320 ) ;
#679 = LINE ( 'NONE', #1314, #3569 ) ;
#680 = AXIS2_PLACEMENT_3D ( 'NONE', #4713, #1726, #2126 ) ;
#681 = CIRCLE ( 'NONE', #1055, 0.5000000000000004400 ) ;
#682 = VECTOR ( 'NONE', #4147, 1000.000000000000000 ) ;
#683 = AXIS2_PLACEMENT_3D ( 'NONE', #1550, #4150, #1928 ) ;
#684 = DIRECTION ( 'NONE',  ( -1.000000000000000000, 0.0000000000000000000, 0.0000000000000000000 ) ) ;
#685 = ORIENTED_EDGE ( 'NONE', *, *, #676, .T. ) ;
#686 =( NAMED_UNIT ( * ) PLANE_ANGLE_UNIT ( ) SI_UNIT ( $, .RADIAN. ) );
#687 = LINE ( 'NONE', #394, #4417 ) ;
#688 = ORIENTED_EDGE ( 'NONE', *, *, #3601, .T. ) ;
#689 = ORIENTED_EDGE ( 'NONE', *, *, #2394, .T. ) ;
#690 = CARTESIAN_POINT ( 'NONE',  ( -17.50000000000000000, -2.500000000000000000, -20.00000000000000000 ) ) ;
#691 = LINE ( 'NONE', #1774, #1575 ) ;
#692 = ADVANCED_FACE ( 'NONE', ( #2638 ), #4803, .T. ) ;
#693 = PRESENTATION_STYLE_ASSIGNMENT (( #3879 ) ) ;
#694 = VERTEX_POINT ( 'NONE', #1797 ) ;
#695 = LINE ( 'NONE', #2647, #588 ) ;
#696 = EDGE_CURVE ( 'NONE', #4158, #2094, #2297, .T. ) ;
#697 = DIRECTION ( 'NONE',  ( 0.0000000000000000000, -0.0000000000000000000, 1.000000000000000000 ) ) ;
#698 = VECTOR ( 'NONE', #3142, 1000.000000000000000 ) ;
#699 = PRESENTATION_STYLE_ASSIGNMENT (( #4650 ) ) ;
#700 = CARTESIAN_POINT ( 'NONE',  ( -9.250000000000003600, -5.494315243958978600, 39.50010000000000300 ) ) ;
#701 = FILL_AREA_STYLE ('',( #2561 ) ) ;
#702 = FILL_AREA_STYLE ('',( #2577 ) ) ;
#703 = EDGE_CURVE ( 'NONE', #4575, #3438, #3295, .T. ) ;
#704 = ORIENTED_EDGE ( 'NONE', *, *, #4123, .T. ) ;
#705 = CIRCLE ( 'NONE', #1369, 1.249999999999999300 ) ;
#706 = AXIS2_PLACEMENT_3D ( 'NONE', #4689, #3219, #963 ) ;
#707 = DIRECTION ( 'NONE',  ( -1.000000000000000000, 0.0000000000000000000, 0.0000000000000000000 ) ) ;
#708 = ADVANCED_FACE ( 'NONE', ( #4139 ), #907, .T. ) ;
#709 = CARTESIAN_POINT ( 'NONE',  ( 17.50000000000000000, -2.500000000000000000, -20.00000000000000000 ) ) ;
#710 = STYLED_ITEM ( 'NONE', ( #3985 ), #669 ) ;
#711 = CARTESIAN_POINT ( 'NONE',  ( -9.250000000000003600, -5.494315243958978600, 39.50000000000000000 ) ) ;
#712 = CARTESIAN_POINT ( 'NONE',  ( 27.25000000000000000, -1.500000000000001300, -3.000000000000000000 ) ) ;
#713 = EDGE_LOOP ( 'NONE', ( #4850, #4401, #841, #4273 ) ) ;
#714 = VERTEX_POINT ( 'NONE', #2776 ) ;
#715 = VERTEX_POINT ( 'NONE', #3181 ) ;
#716 = DIRECTION ( 'NONE',  ( 0.0000000000000000000, 0.0000000000000000000, 1.000000000000000000 ) ) ;
#717 = EDGE_LOOP ( 'NONE', ( #1823, #3954, #2508, #1404 ) ) ;
#718 = EDGE_LOOP ( 'NONE', ( #3191, #81, #4464, #2425 ) ) ;
#719 = ADVANCED_FACE ( 'NONE', ( #190 ), #814, .T. ) ;
#720 = EDGE_CURVE ( 'NONE', #836, #2399, #1821, .T. ) ;
#721 = CARTESIAN_POINT ( 'NONE',  ( 1.999999999999998700, -20.14999999999999500, 8.000000000000000000 ) ) ;
#722 = EDGE_CURVE ( 'NONE', #1366, #3999, #2827, .T. ) ;
#723 = CARTESIAN_POINT ( 'NONE',  ( 17.19999999999999900, -2.500000000000000000, -20.00000000000000000 ) ) ;
#724 = EDGE_LOOP ( 'NONE', ( #2551, #2596, #4780, #685 ) ) ;
#725 = VECTOR ( 'NONE', #2492, 1000.000000000000000 ) ;
#726 = CARTESIAN_POINT ( 'NONE',  ( 11.00000000000000000, 16.00000000000000000, -20.00000000000000000 ) ) ;
#727 = EDGE_CURVE ( 'NONE', #3468, #1366, #1175, .T. ) ;
#728 = VECTOR ( 'NONE', #517, 1000.000000000000000 ) ;
#729 = DIRECTION ( 'NONE',  ( 0.0000000000000000000, 1.000000000000000000, 0.0000000000000000000 ) ) ;
#730 = PRESENTATION_LAYER_ASSIGNMENT (  '', '', ( #2263 ) ) ;
#731 = ORIENTED_EDGE ( 'NONE', *, *, #4107, .F. ) ;
#732 = FACE_OUTER_BOUND ( 'NONE', #3901, .T. ) ;
#733 = FACE_OUTER_BOUND ( 'NONE', #2890, .T. ) ;
#734 = VECTOR ( 'NONE', #1819, 1000.000000000000000 ) ;
#735 = PRESENTATION_LAYER_ASSIGNMENT (  '', '', ( #499 ) ) ;
#736 = ORIENTED_EDGE ( 'NONE', *, *, #822, .F. ) ;
#737 = CARTESIAN_POINT ( 'NONE',  ( -15.00000000000000400, 5.505684756041020500, 39.00000000000000000 ) ) ;
#738 = CARTESIAN_POINT ( 'NONE',  ( -8.600000000000010300, -20.14999999999999500, -3.000000000000000000 ) ) ;
#739 = DIRECTION ( 'NONE',  ( 2.775557561562896500E-015, 1.000000000000000000, 0.0000000000000000000 ) ) ;
#740 = CARTESIAN_POINT ( 'NONE',  ( -8.746446609406739000, -20.00355339059326800, -3.000000000000000000 ) ) ;
#741 = SURFACE_STYLE_FILL_AREA ( #2537 ) ;
#742 = VERTEX_POINT ( 'NONE', #3065 ) ;
#743 = FACE_OUTER_BOUND ( 'NONE', #4379, .T. ) ;
#744 = DIRECTION ( 'NONE',  ( 0.0000000000000000000, 0.0000000000000000000, -1.000000000000000000 ) ) ;
#745 = ORIENTED_EDGE ( 'NONE', *, *, #629, .T. ) ;
#746 = DIRECTION ( 'NONE',  ( 1.000000000000000000, 0.0000000000000000000, 0.0000000000000000000 ) ) ;
#747 = ORIENTED_EDGE ( 'NONE', *, *, #3688, .T. ) ;
#748 = DIRECTION ( 'NONE',  ( -0.0000000000000000000, -1.000000000000000000, -0.0000000000000000000 ) ) ;
#749 = CYLINDRICAL_SURFACE ( 'NONE', #1261, 1.600000000000000800 ) ;
#750 = EDGE_CURVE ( 'NONE', #1077, #4300, #4270, .T. ) ;
#751 = ORIENTED_EDGE ( 'NONE', *, *, #894, .F. ) ;
#752 = CYLINDRICAL_SURFACE ( 'NONE', #2570, 0.5000000000000004400 ) ;
#753 = DIRECTION ( 'NONE',  ( 0.0000000000000000000, -1.000000000000000000, 0.0000000000000000000 ) ) ;
#754 = CARTESIAN_POINT ( 'NONE',  ( -11.09639171032234600, 15.83182948915165200, -16.92633656426111700 ) ) ;
#755 = LINE ( 'NONE', #4415, #1761 ) ;
#756 = EDGE_CURVE ( 'NONE', #4017, #486, #2702, .T. ) ;
#757 =( GEOMETRIC_REPRESENTATION_CONTEXT ( 3 ) GLOBAL_UNCERTAINTY_ASSIGNED_CONTEXT ( ( #1333 ) ) GLOBAL_UNIT_ASSIGNED_CONTEXT ( ( #2876, #631, #3258 ) ) REPRESENTATION_CONTEXT ( 'NONE', 'WORKASPACE' ) );
#758 = CARTESIAN_POINT ( 'NONE',  ( 0.0000000000000000000, 0.0000000000000000000, -5.000000000000000900 ) ) ;
#759 = CARTESIAN_POINT ( 'NONE',  ( 10.71027907581148700, 15.50000000000000000, -20.00000000000000000 ) ) ;
#760 = AXIS2_PLACEMENT_3D ( 'NONE', #4358, #2151, #4749 ) ;
#761 = ORIENTED_EDGE ( 'NONE', *, *, #3713, .T. ) ;
#762 = ORIENTED_EDGE ( 'NONE', *, *, #2563, .T. ) ;
#763 = ORIENTED_EDGE ( 'NONE', *, *, #113, .T. ) ;
#764 = MECHANICAL_DESIGN_GEOMETRIC_PRESENTATION_REPRESENTATION (  '', ( #268 ), #1030 ) ;
#765 = ORIENTED_EDGE ( 'NONE', *, *, #2275, .F. ) ;
#766 = CARTESIAN_POINT ( 'NONE',  ( -27.24999999999999600, 1.499999999999997800, -3.000000000000000000 ) ) ;
#767 = ORIENTED_EDGE ( 'NONE', *, *, #676, .F. ) ;
#768 = DIRECTION ( 'NONE',  ( -1.000000000000000000, 0.0000000000000000000, 0.0000000000000000000 ) ) ;
#769 = FACE_OUTER_BOUND ( 'NONE', #1456, .T. ) ;
#770 = ORIENTED_EDGE ( 'NONE', *, *, #3598, .F. ) ;
#771 = FILL_AREA_STYLE ('',( #1159 ) ) ;
#772 = DIRECTION ( 'NONE',  ( 0.0000000000000000000, 1.000000000000000000, -0.0000000000000000000 ) ) ;
#773 = ORIENTED_EDGE ( 'NONE', *, *, #2637, .T. ) ;
#774 = LINE ( 'NONE', #942, #4651 ) ;
#775 = EDGE_CURVE ( 'NONE', #4580, #2013, #4392, .T. ) ;
#776 = ORIENTED_EDGE ( 'NONE', *, *, #1998, .T. ) ;
#777 = DIRECTION ( 'NONE',  ( 1.000000000000000000, -0.0000000000000000000, 0.0000000000000000000 ) ) ;
#778 = ORIENTED_EDGE ( 'NONE', *, *, #3904, .F. ) ;
#779 = VECTOR ( 'NONE', #3177, 1000.000000000000000 ) ;
#780 = CARTESIAN_POINT ( 'NONE',  ( 5.000000000000002700, 8.149999999999991500, -13.00000000000000400 ) ) ;
#781 = CARTESIAN_POINT ( 'NONE',  ( 19.43997900946483900, 1.000000000000000000, -20.10000000000000100 ) ) ;
#782 = FACE_OUTER_BOUND ( 'NONE', #1061, .T. ) ;
#783 = EDGE_CURVE ( 'NONE', #4752, #928, #705, .T. ) ;
#784 = DIRECTION ( 'NONE',  ( -1.000000000000000000, 0.0000000000000000000, 0.0000000000000000000 ) ) ;
#785 = CIRCLE ( 'NONE', #1806, 14.49999999999999800 ) ;
#786 = AXIS2_PLACEMENT_3D ( 'NONE', #2378, #482, #3125 ) ;
#787 = DIRECTION ( 'NONE',  ( -1.000000000000000000, 0.0000000000000000000, 0.0000000000000000000 ) ) ;
#788 = ORIENTED_EDGE ( 'NONE', *, *, #2810, .T. ) ;
#789 = CARTESIAN_POINT ( 'NONE',  ( -8.000000000000001800, 16.00000000000000000, -15.25000000000000200 ) ) ;
#790 = AXIS2_PLACEMENT_3D ( 'NONE', #2144, #260, #4348 ) ;
#791 = LINE ( 'NONE', #4098, #1909 ) ;
#792 = ORIENTED_EDGE ( 'NONE', *, *, #1018, .T. ) ;
#793 = ADVANCED_FACE ( 'NONE', ( #4684 ), #3831, .T. ) ;
#794 = AXIS2_PLACEMENT_3D ( 'NONE', #312, #2944, #697 ) ;
#795 = ORIENTED_EDGE ( 'NONE', *, *, #2275, .T. ) ;
#796 =( NAMED_UNIT ( * ) PLANE_ANGLE_UNIT ( ) SI_UNIT ( $, .RADIAN. ) );
#797 = PRESENTATION_STYLE_ASSIGNMENT (( #2306 ) ) ;
#798 = VECTOR ( 'NONE', #4743, 1000.000000000000000 ) ;
#799 = VECTOR ( 'NONE', #1982, 1000.000000000000000 ) ;
#800 = ORIENTED_EDGE ( 'NONE', *, *, #1128, .F. ) ;
#801 = DIRECTION ( 'NONE',  ( 0.0000000000000000000, 0.0000000000000000000, -1.000000000000000000 ) ) ;
#802 = EDGE_LOOP ( 'NONE', ( #2060, #33, #2597, #279 ) ) ;
#803 = DIRECTION ( 'NONE',  ( 1.000000000000000000, -0.0000000000000000000, -0.0000000000000000000 ) ) ;
#804 =( LENGTH_UNIT ( ) NAMED_UNIT ( * ) SI_UNIT ( .MILLI., .METRE. ) );
#805 = LINE ( 'NONE', #3015, #1704 ) ;
#806 = CARTESIAN_POINT ( 'NONE',  ( 1.999999999999996200, -2.478176394252577700E-016, -0.0000000000000000000 ) ) ;
#807 = FACE_OUTER_BOUND ( 'NONE', #3636, .T. ) ;
#808 = SURFACE_SIDE_STYLE ('',( #3743 ) ) ;
#809 = VECTOR ( 'NONE', #2761, 1000.000000000000000 ) ;
#810 = CARTESIAN_POINT ( 'NONE',  ( 8.600000000000012100, 20.14999999999999100, -3.000000000000000000 ) ) ;
#811 = CARTESIAN_POINT ( 'NONE',  ( 20.30000000000000400, 2.500000000000000000, -6.735701647581717700 ) ) ;
#812 = DIRECTION ( 'NONE',  ( 1.000000000000000000, 0.0000000000000000000, 0.0000000000000000000 ) ) ;
#813 = VERTEX_POINT ( 'NONE', #472 ) ;
#814 = CYLINDRICAL_SURFACE ( 'NONE', #1116, 2.250000000000000400 ) ;
#815 = SURFACE_SIDE_STYLE ('',( #498 ) ) ;
#816 = ORIENTED_EDGE ( 'NONE', *, *, #750, .F. ) ;
#817 = ADVANCED_FACE ( 'NONE', ( #4434 ), #2480, .T. ) ;
#818 = EDGE_CURVE ( 'NONE', #836, #1149, #595, .T. ) ;
#819 = DIRECTION ( 'NONE',  ( 1.000000000000000000, -1.239088197126291100E-016, 0.0000000000000000000 ) ) ;
#820 = PLANE ( 'NONE',  #4653 ) ;
#821 = DIRECTION ( 'NONE',  ( -1.000000000000000000, 2.017120320903262500E-016, 0.0000000000000000000 ) ) ;
#822 = EDGE_CURVE ( 'NONE', #4036, #1923, #3471, .T. ) ;
#823 = CARTESIAN_POINT ( 'NONE',  ( 18.19999999999999900, 1.000000000000000000, -23.50000000000000000 ) ) ;
#824 = DIRECTION ( 'NONE',  ( -0.0000000000000000000, 0.0000000000000000000, -1.000000000000000000 ) ) ;
#825 = ADVANCED_FACE ( 'NONE', ( #1592 ), #126, .F. ) ;
#826 = DIRECTION ( 'NONE',  ( 0.7071067811865474600, 0.7071067811865476800, 0.0000000000000000000 ) ) ;
#827 = DIRECTION ( 'NONE',  ( 1.700709290173340400E-016, -1.000000000000000000, 0.0000000000000000000 ) ) ;
#828 = EDGE_CURVE ( 'NONE', #2627, #309, #2374, .T. ) ;
#829 = DIRECTION ( 'NONE',  ( -0.0000000000000000000, -0.0000000000000000000, -1.000000000000000000 ) ) ;
#830 = AXIS2_PLACEMENT_3D ( 'NONE', #4632, #2418, #162 ) ;
#831 = DIRECTION ( 'NONE',  ( 0.0000000000000000000, 0.0000000000000000000, -1.000000000000000000 ) ) ;
#832 = CARTESIAN_POINT ( 'NONE',  ( -15.81138830084190000, -7.500000000000000000, -2.999999999999999100 ) ) ;
#833 = DIRECTION ( 'NONE',  ( 0.0000000000000000000, 0.0000000000000000000, -1.000000000000000000 ) ) ;
#834 = CARTESIAN_POINT ( 'NONE',  ( -19.00000000000000400, 7.500000000000000000, -5.000000000000000000 ) ) ;
#835 = ORIENTED_EDGE ( 'NONE', *, *, #3661, .F. ) ;
#836 = VERTEX_POINT ( 'NONE', #2696 ) ;
#837 = ORIENTED_EDGE ( 'NONE', *, *, #2101, .F. ) ;
#838 =( GEOMETRIC_REPRESENTATION_CONTEXT ( 3 ) GLOBAL_UNCERTAINTY_ASSIGNED_CONTEXT ( ( #1803 ) ) GLOBAL_UNIT_ASSIGNED_CONTEXT ( ( #1639, #4233, #2023 ) ) REPRESENTATION_CONTEXT ( 'NONE', 'WORKASPACE' ) );
#839 = DIRECTION ( 'NONE',  ( -0.0000000000000000000, -0.0000000000000000000, -1.000000000000000000 ) ) ;
#840 = CARTESIAN_POINT ( 'NONE',  ( 11.14407328102380200, 15.74864148391653300, -20.00000000000000000 ) ) ;
#841 = ORIENTED_EDGE ( 'NONE', *, *, #2707, .F. ) ;
#842 = DIRECTION ( 'NONE',  ( 0.2156244908238079400, -0.0000000000000000000, -0.9764763586267583000 ) ) ;
#843 = DIRECTION ( 'NONE',  ( -0.0000000000000000000, -0.0000000000000000000, 1.000000000000000000 ) ) ;
#844 = VERTEX_POINT ( 'NONE', #876 ) ;
#845 = CARTESIAN_POINT ( 'NONE',  ( 19.43997900946483900, -2.500000000000000000, -20.10000000000000100 ) ) ;
#846 = SURFACE_STYLE_USAGE ( .BOTH. , #3101 ) ;
#847 = COLOUR_RGB ( '',1.000000000000000000, 1.000000000000000000, 1.000000000000000000 ) ;
#848 = DIRECTION ( 'NONE',  ( -0.0000000000000000000, 0.0000000000000000000, -1.000000000000000000 ) ) ;
#849 = CARTESIAN_POINT ( 'NONE',  ( 19.00000000000000000, -1.000000000000000200, -23.50000000000000000 ) ) ;
#850 = ADVANCED_FACE ( 'NONE', ( #4318 ), #4535, .F. ) ;
#851 = DIRECTION ( 'NONE',  ( 0.0000000000000000000, 0.0000000000000000000, -1.000000000000000000 ) ) ;
#852 = CARTESIAN_POINT ( 'NONE',  ( 0.0000000000000000000, 0.0000000000000000000, -23.50000000000000000 ) ) ;
#853 = CARTESIAN_POINT ( 'NONE',  ( 0.0000000000000000000, 2.500000000000000000, 0.0000000000000000000 ) ) ;
#854 = DIRECTION ( 'NONE',  ( -1.000000000000000000, 0.0000000000000000000, 1.239088197126292200E-015 ) ) ;
#855 = DIRECTION ( 'NONE',  ( 1.000000000000000000, 0.0000000000000000000, 0.0000000000000000000 ) ) ;
#856 = EDGE_CURVE ( 'NONE', #358, #566, #349, .T. ) ;
#857 = FACE_OUTER_BOUND ( 'NONE', #3168, .T. ) ;
#858 = CARTESIAN_POINT ( 'NONE',  ( 2.000000000000004400, -18.14999999999999900, 0.0000000000000000000 ) ) ;
#859 = SURFACE_SIDE_STYLE ('',( #2338 ) ) ;
#860 = CARTESIAN_POINT ( 'NONE',  ( 19.39836431151325500, -2.500000000000000000, -8.500000000000000000 ) ) ;
#861 = VECTOR ( 'NONE', #133, 1000.000000000000000 ) ;
#862 = ORIENTED_EDGE ( 'NONE', *, *, #4160, .F. ) ;
#863 = DIRECTION ( 'NONE',  ( -0.0000000000000000000, -0.0000000000000000000, -1.000000000000000000 ) ) ;
#864 = CARTESIAN_POINT ( 'NONE',  ( -19.80000000000000400, -2.500000000000000000, -9.000000000000001800 ) ) ;
#865 = VECTOR ( 'NONE', #1974, 1000.000000000000000 ) ;
#866 = EDGE_CURVE ( 'NONE', #1611, #3935, #3345, .T. ) ;
#867 = FACE_BOUND ( 'NONE', #1950, .T. ) ;
#868 = DIRECTION ( 'NONE',  ( 0.0000000000000000000, -1.000000000000000000, 0.0000000000000000000 ) ) ;
#869 = CIRCLE ( 'NONE', #2915, 0.5000000000000004400 ) ;
#870 = ADVANCED_FACE ( 'NONE', ( #1357 ), #643, .F. ) ;
#871 = AXIS2_PLACEMENT_3D ( 'NONE', #3160, #904, #3542 ) ;
#872 = ORIENTED_EDGE ( 'NONE', *, *, #1052, .T. ) ;
#873 = DIRECTION ( 'NONE',  ( 0.0000000000000000000, 1.000000000000000000, 0.0000000000000000000 ) ) ;
#874 = DIRECTION ( 'NONE',  ( 1.000000000000000000, 0.0000000000000000000, 0.0000000000000000000 ) ) ;
#875 = AXIS2_PLACEMENT_3D ( 'NONE', #1698, #4290, #2082 ) ;
#876 = CARTESIAN_POINT ( 'NONE',  ( -18.50000000000000400, 7.500000000000000000, -5.000000000000000000 ) ) ;
#877 = ORIENTED_EDGE ( 'NONE', *, *, #4616, .T. ) ;
#878 = VECTOR ( 'NONE', #249, 1000.000000000000000 ) ;
#879 = AXIS2_PLACEMENT_3D ( 'NONE', #2318, #56, #2684 ) ;
#880 = CARTESIAN_POINT ( 'NONE',  ( 19.00000000000000400, -2.500000000000000000, -5.000000000000000000 ) ) ;
#881 = ORIENTED_EDGE ( 'NONE', *, *, #4187, .T. ) ;
#882 = CARTESIAN_POINT ( 'NONE',  ( -15.00000000000000000, -5.494315243958978600, 39.50010000000000300 ) ) ;
#883 = CIRCLE ( 'NONE', #683, 1.249999999999999300 ) ;
#884 = ORIENTED_EDGE ( 'NONE', *, *, #1424, .T. ) ;
#885 = FACE_OUTER_BOUND ( 'NONE', #1096, .T. ) ;
#886 = ORIENTED_EDGE ( 'NONE', *, *, #4533, .T. ) ;
#887 = CARTESIAN_POINT ( 'NONE',  ( -14.49999999999999800, 0.0000000000000000000, 39.00000000000000000 ) ) ;
#888 = CARTESIAN_POINT ( 'NONE',  ( -8.000000000000001800, 29.00000000000000000, -13.00000000000000200 ) ) ;
#889 = ORIENTED_EDGE ( 'NONE', *, *, #4322, .F. ) ;
#890 = FACE_OUTER_BOUND ( 'NONE', #661, .T. ) ;
#891 = PLANE ( 'NONE',  #1113 ) ;
#892 = CARTESIAN_POINT ( 'NONE',  ( -18.99999999999999600, -6.999999999999999100, -5.000000000000000000 ) ) ;
#893 = CARTESIAN_POINT ( 'NONE',  ( 18.19999999999999900, -1.000000000000000000, -15.50000000000000000 ) ) ;
#894 = EDGE_CURVE ( 'NONE', #3561, #4580, #4489, .T. ) ;
#895 = DIRECTION ( 'NONE',  ( 0.0000000000000000000, 1.000000000000000000, 0.0000000000000000000 ) ) ;
#896 = CARTESIAN_POINT ( 'NONE',  ( -9.250000000000003600, 5.505684756041019600, 39.50010000000000300 ) ) ;
#897 = DIRECTION ( 'NONE',  ( 1.000000000000000000, -0.0000000000000000000, 1.239088197126292200E-015 ) ) ;
#898 = DIRECTION ( 'NONE',  ( -1.000000000000000000, 0.0000000000000000000, -0.0000000000000000000 ) ) ;
#899 = EDGE_CURVE ( 'NONE', #933, #2399, #1519, .T. ) ;
#900 =( GEOMETRIC_REPRESENTATION_CONTEXT ( 3 ) GLOBAL_UNCERTAINTY_ASSIGNED_CONTEXT ( ( #2830 ) ) GLOBAL_UNIT_ASSIGNED_CONTEXT ( ( #1250, #3859, #1620 ) ) REPRESENTATION_CONTEXT ( 'NONE', 'WORKASPACE' ) );
#901 = ORIENTED_EDGE ( 'NONE', *, *, #1242, .T. ) ;
#902 = ADVANCED_FACE ( 'NONE', ( #2532 ), #2376, .T. ) ;
#903 = ORIENTED_EDGE ( 'NONE', *, *, #696, .F. ) ;
#904 = DIRECTION ( 'NONE',  ( 0.0000000000000000000, 0.0000000000000000000, 1.000000000000000000 ) ) ;
#905 = VERTEX_POINT ( 'NONE', #1984 ) ;
#906 =( NAMED_UNIT ( * ) SI_UNIT ( $, .STERADIAN. ) SOLID_ANGLE_UNIT ( ) );
#907 = PLANE ( 'NONE',  #4449 ) ;
#908 = ORIENTED_EDGE ( 'NONE', *, *, #1167, .T. ) ;
#909 = ORIENTED_EDGE ( 'NONE', *, *, #2193, .T. ) ;
#910 = DIRECTION ( 'NONE',  ( -0.0000000000000000000, -1.000000000000000000, -0.0000000000000000000 ) ) ;
#911 = CARTESIAN_POINT ( 'NONE',  ( 11.00000000000000400, 8.149999999999991500, -13.00000000000000500 ) ) ;
#912 = VECTOR ( 'NONE', #4235, 1000.000000000000000 ) ;
#913 = MECHANICAL_DESIGN_GEOMETRIC_PRESENTATION_REPRESENTATION (  '', ( #383 ), #1148 ) ;
#914 = VERTEX_POINT ( 'NONE', #3124 ) ;
#915 = CARTESIAN_POINT ( 'NONE',  ( 18.99999999999999600, -6.999999999999999100, -5.000000000000000000 ) ) ;
#916 = ORIENTED_EDGE ( 'NONE', *, *, #148, .T. ) ;
#917 = CARTESIAN_POINT ( 'NONE',  ( 14.49999999999999800, 1.775737858763662000E-015, 39.00000000000000000 ) ) ;
#918 = LINE ( 'NONE', #1696, #2659 ) ;
#919 = ORIENTED_EDGE ( 'NONE', *, *, #3311, .F. ) ;
#920 = FACE_OUTER_BOUND ( 'NONE', #4023, .T. ) ;
#921 = DIRECTION ( 'NONE',  ( -2.168404344971006900E-016, -1.000000000000000000, 0.0000000000000000000 ) ) ;
#922 = LINE ( 'NONE', #2752, #4083 ) ;
#923 = CIRCLE ( 'NONE', #1547, 14.49999999999999800 ) ;
#924 = ADVANCED_FACE ( 'NONE', ( #4373 ), #3495, .F. ) ;
#925 = SURFACE_STYLE_FILL_AREA ( #46 ) ;
#926 = CARTESIAN_POINT ( 'NONE',  ( 8.000000000000001800, 16.00000000000000000, -13.00000000000000200 ) ) ;
#927 = EDGE_CURVE ( 'NONE', #542, #1077, #391, .T. ) ;
#928 = VERTEX_POINT ( 'NONE', #2391 ) ;
#929 = LINE ( 'NONE', #2245, #3683 ) ;
#930 = ORIENTED_EDGE ( 'NONE', *, *, #3687, .F. ) ;
#931 = EDGE_LOOP ( 'NONE', ( #3082, #3106, #3528, #3381, #4055, #4620, #4732, #422 ) ) ;
#932 = CARTESIAN_POINT ( 'NONE',  ( -15.00000000000000000, -5.494315243958978600, 39.50000000000000000 ) ) ;
#933 = VERTEX_POINT ( 'NONE', #1253 ) ;
#934 = FACE_OUTER_BOUND ( 'NONE', #2392, .T. ) ;
#935 = ORIENTED_EDGE ( 'NONE', *, *, #4441, .F. ) ;
#936 = EDGE_CURVE ( 'NONE', #555, #2807, #3290, .T. ) ;
#937 = SURFACE_STYLE_FILL_AREA ( #1921 ) ;
#938 = AXIS2_PLACEMENT_3D ( 'NONE', #1107, #3728, #1477 ) ;
#939 = CARTESIAN_POINT ( 'NONE',  ( -18.49999999999999600, -6.999999999999999100, -5.000000000000000000 ) ) ;
#940 = CYLINDRICAL_SURFACE ( 'NONE', #84, 0.5000000000000004400 ) ;
#941 = EDGE_LOOP ( 'NONE', ( #3171, #3407, #2580, #4313, #4258 ) ) ;
#942 = CARTESIAN_POINT ( 'NONE',  ( 27.25000000000000000, 1.499999999999998700, -3.000000000000000000 ) ) ;
#943 = ORIENTED_EDGE ( 'NONE', *, *, #1378, .F. ) ;
#944 = VECTOR ( 'NONE', #3355, 1000.000000000000000 ) ;
#945 = UNCERTAINTY_MEASURE_WITH_UNIT (LENGTH_MEASURE( 1.000000000000000100E-005 ), #804, 'distance_accuracy_value', 'NONE');
#946 = AXIS2_PLACEMENT_3D ( 'NONE', #1529, #38, #2663 ) ;
#947 = LINE ( 'NONE', #2714, #2822 ) ;
#948 = CARTESIAN_POINT ( 'NONE',  ( -18.49999999999999600, -6.999999999999999100, -3.000000000000000000 ) ) ;
#949 = LINE ( 'NONE', #2736, #4796 ) ;
#950 = CARTESIAN_POINT ( 'NONE',  ( 11.03010792136638200, 15.89380914619321100, -16.97832394512832700 ) ) ;
#951 = ADVANCED_FACE ( 'NONE', ( #3394 ), #2878, .F. ) ;
#952 = EDGE_LOOP ( 'NONE', ( #147, #736, #1287, #2542, #2688 ) ) ;
#953 = CARTESIAN_POINT ( 'NONE',  ( -15.00000000000000400, 5.505684756041020500, 39.50010000000000300 ) ) ;
#954 = CARTESIAN_POINT ( 'NONE',  ( -8.600000000000001400, 20.14999999999999500, -3.000000000000000000 ) ) ;
#955 = EDGE_CURVE ( 'NONE', #2719, #1205, #4264, .T. ) ;
#956 = EDGE_CURVE ( 'NONE', #1298, #914, #1297, .T. ) ;
#957 = VERTEX_POINT ( 'NONE', #3641 ) ;
#958 = ORIENTED_EDGE ( 'NONE', *, *, #1212, .T. ) ;
#959 = CIRCLE ( 'NONE', #4325, 0.5000000000000004400 ) ;
#960 = VERTEX_POINT ( 'NONE', #1381 ) ;
#961 = DIRECTION ( 'NONE',  ( 2.428612866367534700E-015, 1.000000000000000000, 0.0000000000000000000 ) ) ;
#962 = PRESENTATION_LAYER_ASSIGNMENT (  '', '', ( #710 ) ) ;
#963 = DIRECTION ( 'NONE',  ( -1.000000000000000000, -2.168404344971006900E-016, 0.0000000000000000000 ) ) ;
#964 = EDGE_LOOP ( 'NONE', ( #4280, #2444 ) ) ;
#965 = DIRECTION ( 'NONE',  ( 0.0000000000000000000, -0.0000000000000000000, 1.000000000000000000 ) ) ;
#966 = VECTOR ( 'NONE', #3362, 1000.000000000000100 ) ;
#967 = AXIS2_PLACEMENT_3D ( 'NONE', #1410, #292, #2926 ) ;
#968 = VERTEX_POINT ( 'NONE', #1029 ) ;
#969 = DIRECTION ( 'NONE',  ( 0.0000000000000000000, 0.0000000000000000000, -1.000000000000000000 ) ) ;
#970 = VERTEX_POINT ( 'NONE', #4003 ) ;
#971 = PRESENTATION_STYLE_ASSIGNMENT (( #250 ) ) ;
#972 = EDGE_CURVE ( 'NONE', #2610, #2467, #1166, .T. ) ;
#973 = DIRECTION ( 'NONE',  ( -0.1283355114047462800, -0.0000000000000000000, -0.9917308084921444600 ) ) ;
#974 = CIRCLE ( 'NONE', #446, 5.000000000000000900 ) ;
#975 = ORIENTED_EDGE ( 'NONE', *, *, #2009, .F. ) ;
#976 = PLANE ( 'NONE',  #4351 ) ;
#977 = PLANE ( 'NONE',  #1460 ) ;
#978 = LINE ( 'NONE', #2367, #4712 ) ;
#979 = DIRECTION ( 'NONE',  ( -0.0000000000000000000, -0.0000000000000000000, 1.000000000000000000 ) ) ;
#980 = FACE_OUTER_BOUND ( 'NONE', #3742, .T. ) ;
#981 = LINE ( 'NONE', #4755, #4833 ) ;
#982 = VERTEX_POINT ( 'NONE', #2173 ) ;
#983 = PRESENTATION_STYLE_ASSIGNMENT (( #151 ) ) ;
#984 = EDGE_CURVE ( 'NONE', #1831, #2572, #4131, .T. ) ;
#985 =( LENGTH_UNIT ( ) NAMED_UNIT ( * ) SI_UNIT ( .MILLI., .METRE. ) );
#986 = DIRECTION ( 'NONE',  ( 0.0000000000000000000, 0.0000000000000000000, -1.000000000000000000 ) ) ;
#987 = CARTESIAN_POINT ( 'NONE',  ( -25.85000000000000100, 1.959434878635767400E-016, -3.000000000000000000 ) ) ;
#988 = ORIENTED_EDGE ( 'NONE', *, *, #583, .F. ) ;
#989 = EDGE_CURVE ( 'NONE', #1533, #1692, #4041, .T. ) ;
#990 = VECTOR ( 'NONE', #2509, 1000.000000000000000 ) ;
#991 = ORIENTED_EDGE ( 'NONE', *, *, #1518, .F. ) ;
#992 = EDGE_CURVE ( 'NONE', #592, #2627, #2184, .T. ) ;
#993 = LINE ( 'NONE', #4384, #2864 ) ;
#994 = LINE ( 'NONE', #4181, #4846 ) ;
#995 = VECTOR ( 'NONE', #4045, 1000.000000000000000 ) ;
#996 = DIRECTION ( 'NONE',  ( 0.0000000000000000000, 0.0000000000000000000, -1.000000000000000000 ) ) ;
#997 = CARTESIAN_POINT ( 'NONE',  ( 1.500000000000004400, -18.14999999999999900, -2.999999999999999100 ) ) ;
#998 = CARTESIAN_POINT ( 'NONE',  ( -17.50000000000000000, -2.500000000000000000, -20.00000000000000000 ) ) ;
#999 = ORIENTED_EDGE ( 'NONE', *, *, #3051, .F. ) ;
#1000 = CIRCLE ( 'NONE', #296, 2.250000000000000400 ) ;
#1001 = MECHANICAL_DESIGN_GEOMETRIC_PRESENTATION_REPRESENTATION (  '', ( #499 ), #1266 ) ;
#1002 = CARTESIAN_POINT ( 'NONE',  ( 0.0000000000000000000, 0.0000000000000000000, 0.0000000000000000000 ) ) ;
#1003 = CARTESIAN_POINT ( 'NONE',  ( 15.81138830084190000, -7.500000000000000000, -5.000000000000000900 ) ) ;
#1004 = DIRECTION ( 'NONE',  ( 0.0000000000000000000, 0.0000000000000000000, -1.000000000000000000 ) ) ;
#1005 = CARTESIAN_POINT ( 'NONE',  ( 2.000000000000005800, -17.64999999999999900, 8.000000000000000000 ) ) ;
#1006 = DIRECTION ( 'NONE',  ( 0.0000000000000000000, 0.0000000000000000000, 1.000000000000000000 ) ) ;
#1007 = CARTESIAN_POINT ( 'NONE',  ( 22.64999999999999900, 1.959434878635768700E-016, -3.000000000000000000 ) ) ;
#1008 = DIRECTION ( 'NONE',  ( -1.000000000000000000, 0.0000000000000000000, -0.0000000000000000000 ) ) ;
#1009 = ORIENTED_EDGE ( 'NONE', *, *, #3423, .F. ) ;
#1010 = EDGE_CURVE ( 'NONE', #3867, #2445, #3046, .T. ) ;
#1011 = ORIENTED_EDGE ( 'NONE', *, *, #4533, .F. ) ;
#1012 =( NAMED_UNIT ( * ) PLANE_ANGLE_UNIT ( ) SI_UNIT ( $, .RADIAN. ) );
#1013 = CARTESIAN_POINT ( 'NONE',  ( 19.80000000000000400, 2.500000000000000000, -9.000000000000001800 ) ) ;
#1014 = PLANE ( 'NONE',  #3007 ) ;
#1015 = ORIENTED_EDGE ( 'NONE', *, *, #3342, .T. ) ;
#1016 = DIRECTION ( 'NONE',  ( 0.0000000000000000000, 1.000000000000000000, 0.0000000000000000000 ) ) ;
#1017 = DIRECTION ( 'NONE',  ( 0.4972829678330667500, 0.8675884104246305300, 0.0000000000000000000 ) ) ;
#1018 = EDGE_CURVE ( 'NONE', #4791, #2807, #1056, .T. ) ;
#1019 = CARTESIAN_POINT ( 'NONE',  ( 18.49999999999999600, -7.500000000000000000, -5.000000000000000000 ) ) ;
#1020 = VECTOR ( 'NONE', #839, 1000.000000000000000 ) ;
#1021 = CARTESIAN_POINT ( 'NONE',  ( -2.999999999999997800, 8.149999999999991500, -13.00000000000000200 ) ) ;
#1022 = ORIENTED_EDGE ( 'NONE', *, *, #2193, .F. ) ;
#1023 = ORIENTED_EDGE ( 'NONE', *, *, #105, .T. ) ;
#1024 = LINE ( 'NONE', #3554, #3903 ) ;
#1025 = CARTESIAN_POINT ( 'NONE',  ( 3.000000000000005800, 20.14999999999999500, -13.00000000000000200 ) ) ;
#1026 = AXIS2_PLACEMENT_3D ( 'NONE', #2138, #633, #3260 ) ;
#1027 = UNCERTAINTY_MEASURE_WITH_UNIT (LENGTH_MEASURE( 1.000000000000000100E-005 ), #2774, 'distance_accuracy_value', 'NONE');
#1028 = PLANE ( 'NONE',  #3969 ) ;
#1029 = CARTESIAN_POINT ( 'NONE',  ( 19.43997900946483900, 2.500000000000000000, -20.10000000000000100 ) ) ;
#1030 =( GEOMETRIC_REPRESENTATION_CONTEXT ( 3 ) GLOBAL_UNCERTAINTY_ASSIGNED_CONTEXT ( ( #523 ) ) GLOBAL_UNIT_ASSIGNED_CONTEXT ( ( #3264, #1012, #3645 ) ) REPRESENTATION_CONTEXT ( 'NONE', 'WORKASPACE' ) );
#1031 = ORIENTED_EDGE ( 'NONE', *, *, #4454, .T. ) ;
#1032 = CIRCLE ( 'NONE', #353, 0.5000000000000000000 ) ;
#1033 = CARTESIAN_POINT ( 'NONE',  ( -12.99999999999999600, 8.149999999999991500, -3.000000000000000000 ) ) ;
#1034 = VECTOR ( 'NONE', #4536, 1000.000000000000000 ) ;
#1035 =( NAMED_UNIT ( * ) SI_UNIT ( $, .STERADIAN. ) SOLID_ANGLE_UNIT ( ) );
#1036 = CARTESIAN_POINT ( 'NONE',  ( -27.10355339059327300, 1.646446609406718900, 0.0000000000000000000 ) ) ;
#1037 = VECTOR ( 'NONE', #777, 1000.000000000000000 ) ;
#1038 = ORIENTED_EDGE ( 'NONE', *, *, #2365, .T. ) ;
#1039 = ADVANCED_FACE ( 'NONE', ( #1927 ), #3804, .F. ) ;
#1040 = VECTOR ( 'NONE', #1822, 1000.000000000000000 ) ;
#1041 = ORIENTED_EDGE ( 'NONE', *, *, #3393, .F. ) ;
#1042 = VERTEX_POINT ( 'NONE', #463 ) ;
#1043 = ORIENTED_EDGE ( 'NONE', *, *, #1310, .T. ) ;
#1044 = EDGE_CURVE ( 'NONE', #1205, #4072, #947, .T. ) ;
#1045 = PLANE ( 'NONE',  #3922 ) ;
#1046 = CYLINDRICAL_SURFACE ( 'NONE', #653, 0.5000000000000004400 ) ;
#1047 = ORIENTED_EDGE ( 'NONE', *, *, #629, .F. ) ;
#1048 = DIRECTION ( 'NONE',  ( 0.1283355114047462800, -0.0000000000000000000, -0.9917308084921444600 ) ) ;
#1049 = LINE ( 'NONE', #2216, #2061 ) ;
#1050 = VECTOR ( 'NONE', #1264, 1000.000000000000000 ) ;
#1051 = ORIENTED_EDGE ( 'NONE', *, *, #3198, .F. ) ;
#1052 = EDGE_CURVE ( 'NONE', #933, #294, #1402, .T. ) ;
#1053 = EDGE_LOOP ( 'NONE', ( #366, #2086, #2657, #1897, #308 ) ) ;
#1054 = FACE_OUTER_BOUND ( 'NONE', #410, .T. ) ;
#1055 = AXIS2_PLACEMENT_3D ( 'NONE', #2631, #372, #3012 ) ;
#1056 = LINE ( 'NONE', #1415, #2934 ) ;
#1057 = VERTEX_POINT ( 'NONE', #845 ) ;
#1058 = AXIS2_PLACEMENT_3D ( 'NONE', #2214, #1824, #2585 ) ;
#1059 = AXIS2_PLACEMENT_3D ( 'NONE', #4501, #2294, #27 ) ;
#1060 = FILL_AREA_STYLE_COLOUR ( '', #527 ) ;
#1061 = EDGE_LOOP ( 'NONE', ( #1513, #233, #207, #1479 ) ) ;
#1062 = DIRECTION ( 'NONE',  ( -1.000000000000000000, 0.0000000000000000000, 2.602085213965210600E-016 ) ) ;
#1063 = ADVANCED_FACE ( 'NONE', ( #807 ), #114, .F. ) ;
#1064 = DIRECTION ( 'NONE',  ( -1.000000000000000000, 0.0000000000000000000, 0.0000000000000000000 ) ) ;
#1065 = CARTESIAN_POINT ( 'NONE',  ( -18.30000000000000400, -2.500000000000000000, -5.000000000000000900 ) ) ;
#1066 = ORIENTED_EDGE ( 'NONE', *, *, #322, .T. ) ;
#1067 = VERTEX_POINT ( 'NONE', #4207 ) ;
#1068 = ORIENTED_EDGE ( 'NONE', *, *, #2751, .T. ) ;
#1069 = ORIENTED_EDGE ( 'NONE', *, *, #2352, .T. ) ;
#1070 = CARTESIAN_POINT ( 'NONE',  ( 18.19999999999999900, 1.000000000000000000, -20.03608286463847300 ) ) ;
#1071 = FACE_OUTER_BOUND ( 'NONE', #2925, .T. ) ;
#1072 = EDGE_CURVE ( 'NONE', #4300, #1831, #4795, .T. ) ;
#1073 = SURFACE_STYLE_USAGE ( .BOTH. , #3325 ) ;
#1074 = ORIENTED_EDGE ( 'NONE', *, *, #4031, .T. ) ;
#1075 = SURFACE_STYLE_USAGE ( .BOTH. , #3327 ) ;
#1076 = EDGE_CURVE ( 'NONE', #4618, #1692, #4678, .T. ) ;
#1077 = VERTEX_POINT ( 'NONE', #1628 ) ;
#1078 = LINE ( 'NONE', #2976, #4815 ) ;
#1079 = DIRECTION ( 'NONE',  ( 1.000000000000000000, -0.0000000000000000000, -0.0000000000000000000 ) ) ;
#1080 = DIRECTION ( 'NONE',  ( -1.239088197126291100E-016, -1.000000000000000000, 0.0000000000000000000 ) ) ;
#1081 = EDGE_CURVE ( 'NONE', #3310, #1474, #1705, .T. ) ;
#1082 = ORIENTED_EDGE ( 'NONE', *, *, #368, .F. ) ;
#1083 = ORIENTED_EDGE ( 'NONE', *, *, #3360, .F. ) ;
#1084 = VECTOR ( 'NONE', #3606, 1000.000000000000200 ) ;
#1085 = CARTESIAN_POINT ( 'NONE',  ( 0.0000000000000000000, 0.0000000000000000000, -20.00000000000000000 ) ) ;
#1086 = DIRECTION ( 'NONE',  ( 0.0000000000000000000, 1.000000000000000000, 0.0000000000000000000 ) ) ;
#1087 = VECTOR ( 'NONE', #1331, 1000.000000000000000 ) ;
#1088 = CARTESIAN_POINT ( 'NONE',  ( 19.00000000000000400, 7.500000000000000000, -5.000000000000000000 ) ) ;
#1089 = CARTESIAN_POINT ( 'NONE',  ( -12.99999999999999800, 12.51068519718185500, -13.00000000000000200 ) ) ;
#1090 = VERTEX_POINT ( 'NONE', #4606 ) ;
#1091 = LINE ( 'NONE', #3049, #2463 ) ;
#1092 = CIRCLE ( 'NONE', #569, 0.5000000000000000000 ) ;
#1093 = EDGE_LOOP ( 'NONE', ( #2664, #3154, #68, #4638, #377, #795, #2517, #2780, #1355, #4654, #3942 ) ) ;
#1094 = LINE ( 'NONE', #2332, #106 ) ;
#1095 = CARTESIAN_POINT ( 'NONE',  ( 18.19999999999999900, 1.000000000000000000, -15.50000000000000000 ) ) ;
#1096 = EDGE_LOOP ( 'NONE', ( #2260, #3858, #4256, #1288, #4812 ) ) ;
#1097 = CARTESIAN_POINT ( 'NONE',  ( 1.999999999999998700, 20.14999999999999500, -5.000000000000000000 ) ) ;
#1098 = ADVANCED_FACE ( 'NONE', ( #2693 ), #3233, .F. ) ;
#1099 = LINE ( 'NONE', #4583, #4078 ) ;
#1100 = VECTOR ( 'NONE', #93, 1000.000000000000000 ) ;
#1101 = VERTEX_POINT ( 'NONE', #1003 ) ;
#1102 = LINE ( 'NONE', #495, #228 ) ;
#1103 = EDGE_CURVE ( 'NONE', #1149, #4059, #4549, .T. ) ;
#1104 = EDGE_LOOP ( 'NONE', ( #4698, #3809 ) ) ;
#1105 = VECTOR ( 'NONE', #2901, 1000.000000000000000 ) ;
#1106 = FACE_OUTER_BOUND ( 'NONE', #4636, .T. ) ;
#1107 = CARTESIAN_POINT ( 'NONE',  ( 24.25000000000000000, 0.0000000000000000000, -3.000000000000000000 ) ) ;
#1108 = CARTESIAN_POINT ( 'NONE',  ( -2.499999999999998700, -19.64999999999999500, 0.0000000000000000000 ) ) ;
#1109 = EDGE_CURVE ( 'NONE', #4050, #2851, #1352, .T. ) ;
#1110 = CARTESIAN_POINT ( 'NONE',  ( 24.25000000000000000, 0.0000000000000000000, 0.0000000000000000000 ) ) ;
#1111 = EDGE_LOOP ( 'NONE', ( #1920, #3336, #1700, #4037 ) ) ;
#1112 = FACE_OUTER_BOUND ( 'NONE', #1541, .T. ) ;
#1113 = AXIS2_PLACEMENT_3D ( 'NONE', #1631, #1650, #4241 ) ;
#1114 = DIRECTION ( 'NONE',  ( 0.2156244908238079400, -0.0000000000000000000, -0.9764763586267583000 ) ) ;
#1115 = CARTESIAN_POINT ( 'NONE',  ( 0.0000000000000000000, 0.0000000000000000000, 39.00000000000000000 ) ) ;
#1116 = AXIS2_PLACEMENT_3D ( 'NONE', #189, #3555, #2811 ) ;
#1117 = FACE_OUTER_BOUND ( 'NONE', #635, .T. ) ;
#1118 = AXIS2_PLACEMENT_3D ( 'NONE', #2666, #3763, #409 ) ;
#1119 = CARTESIAN_POINT ( 'NONE',  ( -26.75000000000000400, -1.292893218813460500, 0.0000000000000000000 ) ) ;
#1120 = CARTESIAN_POINT ( 'NONE',  ( 17.50000000000000000, 2.500000000000000000, -20.00000000000000000 ) ) ;
#1121 = DIRECTION ( 'NONE',  ( 0.0000000000000000000, -0.0000000000000000000, 1.000000000000000000 ) ) ;
#1122 = EDGE_LOOP ( 'NONE', ( #4189, #4613, #628, #3906 ) ) ;
#1123 = ORIENTED_EDGE ( 'NONE', *, *, #2871, .F. ) ;
#1124 = CARTESIAN_POINT ( 'NONE',  ( 27.25000000000000000, 1.292893218813453200, 0.0000000000000000000 ) ) ;
#1125 = PLANE ( 'NONE',  #4745 ) ;
#1126 = EDGE_LOOP ( 'NONE', ( #3564, #4813 ) ) ;
#1127 = DIRECTION ( 'NONE',  ( -0.0000000000000000000, -1.000000000000000000, -0.0000000000000000000 ) ) ;
#1128 = EDGE_CURVE ( 'NONE', #3018, #914, #343, .T. ) ;
#1129 = ORIENTED_EDGE ( 'NONE', *, *, #4705, .T. ) ;
#1130 = CARTESIAN_POINT ( 'NONE',  ( 11.00000000000000000, 16.00000000000000000, -20.00000000000000000 ) ) ;
#1131 = EDGE_LOOP ( 'NONE', ( #1343, #3739, #1643, #19 ) ) ;
#1132 = ORIENTED_EDGE ( 'NONE', *, *, #3360, .T. ) ;
#1133 = EDGE_CURVE ( 'NONE', #1077, #2572, #1240, .T. ) ;
#1134 = DIRECTION ( 'NONE',  ( 1.000000000000000000, 0.0000000000000000000, 0.0000000000000000000 ) ) ;
#1135 = ORIENTED_EDGE ( 'NONE', *, *, #2103, .T. ) ;
#1136 = VECTOR ( 'NONE', #3902, 1000.000000000000000 ) ;
#1137 = CARTESIAN_POINT ( 'NONE',  ( -2.999999999999997800, 20.14999999999999500, -13.00000000000000200 ) ) ;
#1138 = ORIENTED_EDGE ( 'NONE', *, *, #237, .T. ) ;
#1139 = CYLINDRICAL_SURFACE ( 'NONE', #117, 4.999999999999999100 ) ;
#1140 = DIRECTION ( 'NONE',  ( -1.000000000000000000, 0.0000000000000000000, 0.0000000000000000000 ) ) ;
#1141 = DIRECTION ( 'NONE',  ( -1.000000000000000000, 0.0000000000000000000, 0.0000000000000000000 ) ) ;
#1142 = AXIS2_PLACEMENT_3D ( 'NONE', #1130, #2626, #1884 ) ;
#1143 = VECTOR ( 'NONE', #4143, 1000.000000000000000 ) ;
#1144 = AXIS2_PLACEMENT_3D ( 'NONE', #2685, #429, #3063 ) ;
#1145 = ORIENTED_EDGE ( 'NONE', *, *, #346, .F. ) ;
#1146 = PRESENTATION_STYLE_ASSIGNMENT (( #638 ) ) ;
#1147 = LINE ( 'NONE', #3888, #4117 ) ;
#1148 =( GEOMETRIC_REPRESENTATION_CONTEXT ( 3 ) GLOBAL_UNCERTAINTY_ASSIGNED_CONTEXT ( ( #580 ) ) GLOBAL_UNIT_ASSIGNED_CONTEXT ( ( #32, #2658, #401 ) ) REPRESENTATION_CONTEXT ( 'NONE', 'WORKASPACE' ) );
#1149 = VERTEX_POINT ( 'NONE', #1765 ) ;
#1150 = FILL_AREA_STYLE_COLOUR ( '', #4461 ) ;
#1151 = VECTOR ( 'NONE', #1439, 1000.000000000000100 ) ;
#1152 = VERTEX_POINT ( 'NONE', #1388 ) ;
#1153 = DIRECTION ( 'NONE',  ( -0.0000000000000000000, -0.0000000000000000000, -1.000000000000000000 ) ) ;
#1154 = ORIENTED_EDGE ( 'NONE', *, *, #280, .F. ) ;
#1155 = LINE ( 'NONE', #737, #35 ) ;
#1156 = ORIENTED_EDGE ( 'NONE', *, *, #1772, .F. ) ;
#1157 = DIRECTION ( 'NONE',  ( -1.000000000000000000, 0.0000000000000000000, 0.0000000000000000000 ) ) ;
#1158 = VECTOR ( 'NONE', #4063, 1000.000000000000000 ) ;
#1159 = FILL_AREA_STYLE_COLOUR ( '', #3442 ) ;
#1160 = CARTESIAN_POINT ( 'NONE',  ( -19.80000000000000400, 2.500000000000000000, -9.000000000000001800 ) ) ;
#1161 = FACE_OUTER_BOUND ( 'NONE', #2673, .T. ) ;
#1162 = VERTEX_POINT ( 'NONE', #4011 ) ;
#1163 = VECTOR ( 'NONE', #4446, 1000.000000000000100 ) ;
#1164 = VERTEX_POINT ( 'NONE', #4367 ) ;
#1165 = CARTESIAN_POINT ( 'NONE',  ( 18.30000000000000400, -2.500000000000000000, -5.000000000000000000 ) ) ;
#1166 = LINE ( 'NONE', #2533, #185 ) ;
#1167 = EDGE_CURVE ( 'NONE', #905, #2769, #120, .T. ) ;
#1168 = ORIENTED_EDGE ( 'NONE', *, *, #4341, .T. ) ;
#1169 = DIRECTION ( 'NONE',  ( 1.000000000000000000, 0.0000000000000000000, -8.673617379884034200E-017 ) ) ;
#1170 = DIRECTION ( 'NONE',  ( -0.0000000000000000000, -0.0000000000000000000, 1.000000000000000000 ) ) ;
#1171 = EDGE_CURVE ( 'NONE', #4618, #1667, #2123, .T. ) ;
#1172 = CARTESIAN_POINT ( 'NONE',  ( 27.10355339059327300, 1.646446609406726700, 0.0000000000000000000 ) ) ;
#1173 = ADVANCED_FACE ( 'NONE', ( #4201 ), #1408, .F. ) ;
#1174 = CARTESIAN_POINT ( 'NONE',  ( -15.00000000000000000, -5.494315243958978600, 39.50000000000000000 ) ) ;
#1175 = LINE ( 'NONE', #2457, #3707 ) ;
#1176 = CARTESIAN_POINT ( 'NONE',  ( -17.50000000000000000, 2.500000000000000000, -20.00000000000000000 ) ) ;
#1177 = EDGE_CURVE ( 'NONE', #1379, #3408, #2008, .T. ) ;
#1178 = ORIENTED_EDGE ( 'NONE', *, *, #664, .F. ) ;
#1179 = AXIS2_PLACEMENT_3D ( 'NONE', #4412, #315, #2946 ) ;
#1180 = CARTESIAN_POINT ( 'NONE',  ( -7.999999999999998200, 20.14999999999999500, -13.00000000000000200 ) ) ;
#1181 = ORIENTED_EDGE ( 'NONE', *, *, #1344, .F. ) ;
#1182 = CARTESIAN_POINT ( 'NONE',  ( -15.00000000000000000, -5.494315243958978600, 39.50000000000000000 ) ) ;
#1183 = CARTESIAN_POINT ( 'NONE',  ( -18.50000000000000400, 7.500000000000000000, -3.000000000000000000 ) ) ;
#1184 = CARTESIAN_POINT ( 'NONE',  ( 19.00000000000000400, 7.500000000000000000, -5.000000000000000000 ) ) ;
#1185 =( NAMED_UNIT ( * ) SI_UNIT ( $, .STERADIAN. ) SOLID_ANGLE_UNIT ( ) );
#1186 = VERTEX_POINT ( 'NONE', #2180 ) ;
#1187 = CARTESIAN_POINT ( 'NONE',  ( 2.000000000000054600, -5.551115123125944400E-015, -3.000000000000000000 ) ) ;
#1188 = VERTEX_POINT ( 'NONE', #289 ) ;
#1189 = CARTESIAN_POINT ( 'NONE',  ( 18.99999999999999600, -7.500000000000000000, -5.000000000000000000 ) ) ;
#1190 = ADVANCED_FACE ( 'NONE', ( #4090 ), #4845, .T. ) ;
#1191 =( LENGTH_UNIT ( ) NAMED_UNIT ( * ) SI_UNIT ( .MILLI., .METRE. ) );
#1192 = VECTOR ( 'NONE', #2100, 1000.000000000000000 ) ;
#1193 = ORIENTED_EDGE ( 'NONE', *, *, #989, .F. ) ;
#1194 = DIRECTION ( 'NONE',  ( -0.0000000000000000000, 0.0000000000000000000, -1.000000000000000000 ) ) ;
#1195 = CARTESIAN_POINT ( 'NONE',  ( 13.00000000000000400, 20.14999999999999500, -3.000000000000000000 ) ) ;
#1196 = PLANE ( 'NONE',  #2576 ) ;
#1197 = ORIENTED_EDGE ( 'NONE', *, *, #2259, .T. ) ;
#1198 = DIRECTION ( 'NONE',  ( -0.0000000000000000000, -0.0000000000000000000, -1.000000000000000000 ) ) ;
#1199 = LINE ( 'NONE', #712, #2093 ) ;
#1200 = EDGE_CURVE ( 'NONE', #4130, #4609, #993, .T. ) ;
#1201 = ADVANCED_FACE ( 'NONE', ( #3869 ), #2299, .F. ) ;
#1202 = ORIENTED_EDGE ( 'NONE', *, *, #1363, .F. ) ;
#1203 = PLANE ( 'NONE',  #4741 ) ;
#1204 =( LENGTH_UNIT ( ) NAMED_UNIT ( * ) SI_UNIT ( .MILLI., .METRE. ) );
#1205 = VERTEX_POINT ( 'NONE', #4132 ) ;
#1206 = ORIENTED_EDGE ( 'NONE', *, *, #2191, .T. ) ;
#1207 = FACE_OUTER_BOUND ( 'NONE', #2921, .T. ) ;
#1208 = CARTESIAN_POINT ( 'NONE',  ( 8.000000000000005300, 8.149999999999991500, -13.00000000000000200 ) ) ;
#1209 = CARTESIAN_POINT ( 'NONE',  ( -8.392893218813464200, -19.64999999999999500, 0.0000000000000000000 ) ) ;
#1210 = DIRECTION ( 'NONE',  ( -2.017120320903262500E-016, -1.000000000000000000, 0.0000000000000000000 ) ) ;
#1211 = CARTESIAN_POINT ( 'NONE',  ( 20.30000000000000400, -2.500000000000000000, -6.735701647581717700 ) ) ;
#1212 = EDGE_CURVE ( 'NONE', #3519, #1341, #883, .T. ) ;
#1213 = CARTESIAN_POINT ( 'NONE',  ( -2.000000000000001800, 16.64999999999999500, 8.000000000000000000 ) ) ;
#1214 = DIRECTION ( 'NONE',  ( 1.000000000000000000, 0.0000000000000000000, 0.0000000000000000000 ) ) ;
#1215 = FACE_OUTER_BOUND ( 'NONE', #1329, .T. ) ;
#1216 = ORIENTED_EDGE ( 'NONE', *, *, #4463, .T. ) ;
#1217 = MECHANICAL_DESIGN_GEOMETRIC_PRESENTATION_REPRESENTATION (  '', ( #710 ), #1463 ) ;
#1218 = DIRECTION ( 'NONE',  ( -0.0000000000000000000, -1.000000000000000000, -0.0000000000000000000 ) ) ;
#1219 = CARTESIAN_POINT ( 'NONE',  ( -17.50000000000000000, 2.143131898507868200E-015, -20.00000000000000000 ) ) ;
#1220 = AXIS2_PLACEMENT_3D ( 'NONE', #4071, #1832, #4435 ) ;
#1221 = LINE ( 'NONE', #1213, #2973 ) ;
#1222 = DIRECTION ( 'NONE',  ( 1.000000000000000000, 0.0000000000000000000, 0.0000000000000000000 ) ) ;
#1223 = ORIENTED_EDGE ( 'NONE', *, *, #1826, .T. ) ;
#1224 = DIRECTION ( 'NONE',  ( -4.625929269271486900E-016, -1.000000000000000000, 0.0000000000000000000 ) ) ;
#1225 = ADVANCED_FACE ( 'NONE', ( #2984 ), #3794, .F. ) ;
#1226 = VECTOR ( 'NONE', #2712, 1000.000000000000000 ) ;
#1227 = CARTESIAN_POINT ( 'NONE',  ( 3.000000000000005800, 8.149999999999991500, -13.00000000000000200 ) ) ;
#1228 = DIRECTION ( 'NONE',  ( 0.0000000000000000000, 1.000000000000000000, 0.0000000000000000000 ) ) ;
#1229 = CARTESIAN_POINT ( 'NONE',  ( 10.71027907581148700, 16.00000000000000000, -20.00000000000000000 ) ) ;
#1230 = FACE_OUTER_BOUND ( 'NONE', #1751, .T. ) ;
#1231 = FACE_OUTER_BOUND ( 'NONE', #573, .T. ) ;
#1232 = ORIENTED_EDGE ( 'NONE', *, *, #4540, .F. ) ;
#1233 = CARTESIAN_POINT ( 'NONE',  ( -17.19999999999999900, 2.500000000000000000, -20.00000000000000000 ) ) ;
#1234 = CARTESIAN_POINT ( 'NONE',  ( 11.00000000000000000, 16.00000000000000000, -20.00000000000000000 ) ) ;
#1235 =( NAMED_UNIT ( * ) PLANE_ANGLE_UNIT ( ) SI_UNIT ( $, .RADIAN. ) );
#1236 = FACE_OUTER_BOUND ( 'NONE', #504, .T. ) ;
#1237 = ADVANCED_FACE ( 'NONE', ( #1867 ), #425, .F. ) ;
#1238 = PLANE ( 'NONE',  #4547 ) ;
#1239 = CARTESIAN_POINT ( 'NONE',  ( -27.25000000000000400, -1.292893218813459400, 0.0000000000000000000 ) ) ;
#1240 = LINE ( 'NONE', #1013, #3122 ) ;
#1241 = VECTOR ( 'NONE', #4111, 1000.000000000000000 ) ;
#1242 = EDGE_CURVE ( 'NONE', #1042, #2098, #2419, .T. ) ;
#1243 = CARTESIAN_POINT ( 'NONE',  ( -2.499999999999998700, -20.14999999999999500, 0.0000000000000000000 ) ) ;
#1244 = DIRECTION ( 'NONE',  ( -1.734723475976806800E-016, -0.0000000000000000000, -1.000000000000000000 ) ) ;
#1245 = ORIENTED_EDGE ( 'NONE', *, *, #3876, .T. ) ;
#1246 = DIRECTION ( 'NONE',  ( 3.154042683594195100E-016, -1.000000000000000000, -0.0000000000000000000 ) ) ;
#1247 = ORIENTED_EDGE ( 'NONE', *, *, #3098, .T. ) ;
#1248 = LINE ( 'NONE', #328, #3239 ) ;
#1249 = CARTESIAN_POINT ( 'NONE',  ( 5.000000000000003600, 20.14999999999999500, -4.999999999999999100 ) ) ;
#1250 =( LENGTH_UNIT ( ) NAMED_UNIT ( * ) SI_UNIT ( .MILLI., .METRE. ) );
#1251 = DIRECTION ( 'NONE',  ( 0.0000000000000000000, 0.0000000000000000000, -1.000000000000000000 ) ) ;
#1252 = EDGE_CURVE ( 'NONE', #1042, #334, #531, .T. ) ;
#1253 = CARTESIAN_POINT ( 'NONE',  ( 19.00000000000000400, 6.999999999999999100, -3.000000000000000000 ) ) ;
#1254 = CARTESIAN_POINT ( 'NONE',  ( -10.00000000000000000, -5.094315243958977400, 42.50000000000000000 ) ) ;
#1255 = SURFACE_STYLE_FILL_AREA ( #4788 ) ;
#1256 = EDGE_CURVE ( 'NONE', #2435, #3770, #3388, .T. ) ;
#1257 = CARTESIAN_POINT ( 'NONE',  ( 27.10355339059327300, -1.646446609406729200, -3.000000000000000000 ) ) ;
#1258 = EDGE_CURVE ( 'NONE', #1367, #3894, #1397, .T. ) ;
#1259 = ADVANCED_FACE ( 'NONE', ( #4259 ), #4554, .F. ) ;
#1260 = DIRECTION ( 'NONE',  ( 1.000000000000000000, 0.0000000000000000000, 0.0000000000000000000 ) ) ;
#1261 = AXIS2_PLACEMENT_3D ( 'NONE', #4370, #2549, #293 ) ;
#1262 = DIRECTION ( 'NONE',  ( -8.673617379884034200E-017, -0.0000000000000000000, -1.000000000000000000 ) ) ;
#1263 = DIRECTION ( 'NONE',  ( 0.4972829678330660300, -0.8675884104246308600, 0.0000000000000000000 ) ) ;
#1264 = DIRECTION ( 'NONE',  ( 0.0000000000000000000, -1.000000000000000000, 0.0000000000000000000 ) ) ;
#1265 = VERTEX_POINT ( 'NONE', #3444 ) ;
#1266 =( GEOMETRIC_REPRESENTATION_CONTEXT ( 3 ) GLOBAL_UNCERTAINTY_ASSIGNED_CONTEXT ( ( #52 ) ) GLOBAL_UNIT_ASSIGNED_CONTEXT ( ( #3479, #1235, #3844 ) ) REPRESENTATION_CONTEXT ( 'NONE', 'WORKASPACE' ) );
#1267 = SURFACE_SIDE_STYLE ('',( #1702 ) ) ;
#1268 = DIRECTION ( 'NONE',  ( -0.0000000000000000000, 0.0000000000000000000, -1.000000000000000000 ) ) ;
#1269 = ORIENTED_EDGE ( 'NONE', *, *, #2358, .F. ) ;
#1270 = ORIENTED_EDGE ( 'NONE', *, *, #1344, .T. ) ;
#1271 = FILL_AREA_STYLE_COLOUR ( '', #1857 ) ;
#1272 = DIRECTION ( 'NONE',  ( -0.0000000000000000000, -1.000000000000000000, -0.0000000000000000000 ) ) ;
#1273 = ORIENTED_EDGE ( 'NONE', *, *, #4623, .T. ) ;
#1274 = EDGE_CURVE ( 'NONE', #2863, #1459, #4126, .T. ) ;
#1275 = ORIENTED_EDGE ( 'NONE', *, *, #2019, .F. ) ;
#1276 = LINE ( 'NONE', #72, #262 ) ;
#1277 = CARTESIAN_POINT ( 'NONE',  ( -12.99999999999999800, 20.14999999999999500, -5.000000000000000000 ) ) ;
#1278 = DIRECTION ( 'NONE',  ( -0.0000000000000000000, -1.000000000000000000, -0.0000000000000000000 ) ) ;
#1279 = EDGE_LOOP ( 'NONE', ( #2190, #2091, #621, #3395, #3147, #4717 ) ) ;
#1280 = EDGE_CURVE ( 'NONE', #3186, #2574, #3179, .T. ) ;
#1281 = LINE ( 'NONE', #4246, #165 ) ;
#1282 = AXIS2_PLACEMENT_3D ( 'NONE', #2765, #511, #3148 ) ;
#1283 = EDGE_LOOP ( 'NONE', ( #2620, #1031, #2716, #154 ) ) ;
#1284 = DIRECTION ( 'NONE',  ( 0.0000000000000000000, 0.0000000000000000000, -1.000000000000000000 ) ) ;
#1285 = LINE ( 'NONE', #2210, #1151 ) ;
#1286 = DIRECTION ( 'NONE',  ( -1.000000000000000000, 0.0000000000000000000, 0.0000000000000000000 ) ) ;
#1287 = ORIENTED_EDGE ( 'NONE', *, *, #3304, .F. ) ;
#1288 = ORIENTED_EDGE ( 'NONE', *, *, #3247, .F. ) ;
#1289 = AXIS2_PLACEMENT_3D ( 'NONE', #2894, #652, #3281 ) ;
#1290 = VERTEX_POINT ( 'NONE', #103 ) ;
#1291 = DIRECTION ( 'NONE',  ( 1.734723475976806800E-016, 0.0000000000000000000, 1.000000000000000000 ) ) ;
#1292 = CARTESIAN_POINT ( 'NONE',  ( 18.19999999999999900, 1.000000000000000000, -23.50000000000000000 ) ) ;
#1293 = VECTOR ( 'NONE', #3815, 1000.000000000000000 ) ;
#1294 = ORIENTED_EDGE ( 'NONE', *, *, #1861, .F. ) ;
#1295 = CARTESIAN_POINT ( 'NONE',  ( -8.746446609406739000, -20.00355339059326800, 0.0000000000000000000 ) ) ;
#1296 = ADVANCED_FACE ( 'NONE', ( #1161 ), #3088, .T. ) ;
#1297 = CIRCLE ( 'NONE', #1289, 1.600000000000000800 ) ;
#1298 = VERTEX_POINT ( 'NONE', #2725 ) ;
#1299 = LINE ( 'NONE', #1767, #286 ) ;
#1300 = CARTESIAN_POINT ( 'NONE',  ( -17.50000000000000000, 2.500000000000000000, -20.00000000000000000 ) ) ;
#1301 = CARTESIAN_POINT ( 'NONE',  ( -12.54501635579234500, 5.505684756041019600, 39.50000000000000000 ) ) ;
#1302 = EDGE_CURVE ( 'NONE', #1545, #592, #179, .T. ) ;
#1303 = EDGE_CURVE ( 'NONE', #4609, #2606, #278, .T. ) ;
#1304 = UNCERTAINTY_MEASURE_WITH_UNIT (LENGTH_MEASURE( 1.000000000000000100E-005 ), #3709, 'distance_accuracy_value', 'NONE');
#1305 = PRESENTATION_STYLE_ASSIGNMENT (( #1679 ) ) ;
#1306 = ORIENTED_EDGE ( 'NONE', *, *, #4639, .F. ) ;
#1307 = SHAPE_DEFINITION_REPRESENTATION ( #1763, #4488 ) ;
#1308 = DIRECTION ( 'NONE',  ( 0.0000000000000000000, 0.0000000000000000000, 1.000000000000000000 ) ) ;
#1309 = CARTESIAN_POINT ( 'NONE',  ( -10.71027907581148900, 15.50000000000000000, -20.00000000000000000 ) ) ;
#1310 = EDGE_CURVE ( 'NONE', #4239, #2169, #4035, .T. ) ;
#1311 = DIRECTION ( 'NONE',  ( 0.0000000000000000000, -0.0000000000000000000, 1.000000000000000000 ) ) ;
#1312 = AXIS2_PLACEMENT_3D ( 'NONE', #4205, #2012, #4603 ) ;
#1313 = ORIENTED_EDGE ( 'NONE', *, *, #4319, .T. ) ;
#1314 = CARTESIAN_POINT ( 'NONE',  ( -8.000000000000001800, 29.00000000000000000, -15.25000000000000200 ) ) ;
#1315 = AXIS2_PLACEMENT_3D ( 'NONE', #1085, #1836, #4437 ) ;
#1316 = CARTESIAN_POINT ( 'NONE',  ( -13.41873690031964000, -5.494315243958978600, 39.00000000000000000 ) ) ;
#1317 = ORIENTED_EDGE ( 'NONE', *, *, #29, .T. ) ;
#1318 = AXIS2_PLACEMENT_3D ( 'NONE', #3322, #3705, #2188 ) ;
#1319 = ADVANCED_FACE ( 'NONE', ( #3930 ), #940, .T. ) ;
#1320 = DIRECTION ( 'NONE',  ( -1.000000000000000000, 0.0000000000000000000, 0.0000000000000000000 ) ) ;
#1321 = VECTOR ( 'NONE', #4681, 1000.000000000000000 ) ;
#1322 = AXIS2_PLACEMENT_3D ( 'NONE', #721, #2996, #739 ) ;
#1323 = ORIENTED_EDGE ( 'NONE', *, *, #1687, .T. ) ;
#1324 = CARTESIAN_POINT ( 'NONE',  ( 10.79677640905372500, 16.00000000000000000, -17.14591805497025600 ) ) ;
#1325 = ORIENTED_EDGE ( 'NONE', *, *, #2862, .F. ) ;
#1326 = LINE ( 'NONE', #2590, #4060 ) ;
#1327 = ORIENTED_EDGE ( 'NONE', *, *, #2935, .F. ) ;
#1328 = ORIENTED_EDGE ( 'NONE', *, *, #3398, .F. ) ;
#1329 = EDGE_LOOP ( 'NONE', ( #2650, #901, #426, #1894 ) ) ;
#1330 = VECTOR ( 'NONE', #4301, 1000.000000000000000 ) ;
#1331 = DIRECTION ( 'NONE',  ( -0.0000000000000000000, -0.0000000000000000000, -1.000000000000000000 ) ) ;
#1332 = CARTESIAN_POINT ( 'NONE',  ( 19.00000000000000000, 2.500000000000000400, -5.000000000000000000 ) ) ;
#1333 = UNCERTAINTY_MEASURE_WITH_UNIT (LENGTH_MEASURE( 1.000000000000000100E-005 ), #2876, 'distance_accuracy_value', 'NONE');
#1334 = FACE_OUTER_BOUND ( 'NONE', #3761, .T. ) ;
#1335 = EDGE_CURVE ( 'NONE', #2769, #1042, #2929, .T. ) ;
#1336 = DIRECTION ( 'NONE',  ( -0.1283355114047462800, 0.0000000000000000000, 0.9917308084921443400 ) ) ;
#1337 = ORIENTED_EDGE ( 'NONE', *, *, #1302, .F. ) ;
#1338 = CARTESIAN_POINT ( 'NONE',  ( 19.00000000000000000, 2.500000000000000000, -23.50000000000000000 ) ) ;
#1339 = EDGE_CURVE ( 'NONE', #1789, #3770, #2063, .T. ) ;
#1340 = VERTEX_POINT ( 'NONE', #3470 ) ;
#1341 = VERTEX_POINT ( 'NONE', #3836 ) ;
#1342 = LINE ( 'NONE', #2308, #3105 ) ;
#1343 = ORIENTED_EDGE ( 'NONE', *, *, #230, .T. ) ;
#1344 = EDGE_CURVE ( 'NONE', #1162, #2326, #1919, .T. ) ;
#1345 = VECTOR ( 'NONE', #4224, 1000.000000000000000 ) ;
#1346 = AXIS2_PLACEMENT_3D ( 'NONE', #3139, #2389, #134 ) ;
#1347 = CARTESIAN_POINT ( 'NONE',  ( -1.999999999999952300, 4.857225732734953400E-015, -3.000000000000000000 ) ) ;
#1348 = DIRECTION ( 'NONE',  ( 0.0000000000000000000, 1.000000000000000000, 0.0000000000000000000 ) ) ;
#1349 = ORIENTED_EDGE ( 'NONE', *, *, #547, .F. ) ;
#1350 = LINE ( 'NONE', #4173, #4312 ) ;
#1351 = ORIENTED_EDGE ( 'NONE', *, *, #3801, .T. ) ;
#1352 = LINE ( 'NONE', #3626, #2236 ) ;
#1353 = LINE ( 'NONE', #2076, #4203 ) ;
#1354 = DIRECTION ( 'NONE',  ( -0.9917308084921443400, 0.0000000000000000000, 0.1283355114047462800 ) ) ;
#1355 = ORIENTED_EDGE ( 'NONE', *, *, #2495, .T. ) ;
#1356 = CYLINDRICAL_SURFACE ( 'NONE', #790, 0.5000000000000004400 ) ;
#1357 = FACE_OUTER_BOUND ( 'NONE', #4476, .T. ) ;
#1358 = DIRECTION ( 'NONE',  ( -2.428612866367534700E-015, -1.000000000000000000, 0.0000000000000000000 ) ) ;
#1359 = DIRECTION ( 'NONE',  ( 0.0000000000000000000, 0.0000000000000000000, -1.000000000000000000 ) ) ;
#1360 = CARTESIAN_POINT ( 'NONE',  ( 24.25000000000000000, 0.0000000000000000000, -3.000000000000000000 ) ) ;
#1361 = EDGE_CURVE ( 'NONE', #2606, #2719, #2817, .T. ) ;
#1362 = CARTESIAN_POINT ( 'NONE',  ( 19.39836431151325500, 2.500000000000000000, -8.500000000000000000 ) ) ;
#1363 = EDGE_CURVE ( 'NONE', #2311, #3275, #4790, .T. ) ;
#1364 = DIRECTION ( 'NONE',  ( 0.1283355114047462800, 0.0000000000000000000, 0.9917308084921443400 ) ) ;
#1365 = ORIENTED_EDGE ( 'NONE', *, *, #2591, .F. ) ;
#1366 = VERTEX_POINT ( 'NONE', #3490 ) ;
#1367 = VERTEX_POINT ( 'NONE', #858 ) ;
#1368 = PLANE ( 'NONE',  #1522 ) ;
#1369 = AXIS2_PLACEMENT_3D ( 'NONE', #1599, #4192, #1977 ) ;
#1370 = DIRECTION ( 'NONE',  ( -1.000000000000000000, 0.0000000000000000000, 0.0000000000000000000 ) ) ;
#1371 = AXIS2_PLACEMENT_3D ( 'NONE', #1946, #4551, #2340 ) ;
#1372 = CARTESIAN_POINT ( 'NONE',  ( -18.30000000000000400, -2.500000000000000000, -5.000000000000000000 ) ) ;
#1373 = CARTESIAN_POINT ( 'NONE',  ( -18.50000000000000400, 6.999999999999999100, -5.000000000000000000 ) ) ;
#1374 = DIRECTION ( 'NONE',  ( 0.0000000000000000000, 0.0000000000000000000, 1.000000000000000000 ) ) ;
#1375 = DIRECTION ( 'NONE',  ( 0.0000000000000000000, 0.0000000000000000000, -1.000000000000000000 ) ) ;
#1376 = ORIENTED_EDGE ( 'NONE', *, *, #3632, .T. ) ;
#1377 = VECTOR ( 'NONE', #827, 1000.000000000000000 ) ;
#1378 = EDGE_CURVE ( 'NONE', #1152, #2832, #3692, .T. ) ;
#1379 = VERTEX_POINT ( 'NONE', #475 ) ;
#1380 = CARTESIAN_POINT ( 'NONE',  ( 2.500000000000000400, -19.64999999999999900, -3.000000000000000000 ) ) ;
#1381 = CARTESIAN_POINT ( 'NONE',  ( -8.000000000000001800, 29.00000000000000000, -10.75000000000000000 ) ) ;
#1382 = FACE_OUTER_BOUND ( 'NONE', #341, .T. ) ;
#1383 = ORIENTED_EDGE ( 'NONE', *, *, #3162, .T. ) ;
#1384 = LINE ( 'NONE', #2039, #378 ) ;
#1385 = EDGE_CURVE ( 'NONE', #4468, #3867, #4538, .T. ) ;
#1386 = VERTEX_POINT ( 'NONE', #1249 ) ;
#1387 = EDGE_LOOP ( 'NONE', ( #2344, #98, #3877, #3317 ) ) ;
#1388 = CARTESIAN_POINT ( 'NONE',  ( 14.49999999999999800, 1.775737858763662000E-015, 0.0000000000000000000 ) ) ;
#1389 = FILL_AREA_STYLE_COLOUR ( '', #522 ) ;
#1390 = CARTESIAN_POINT ( 'NONE',  ( 8.000000000000001800, 29.00000000000000000, -10.75000000000000000 ) ) ;
#1391 = PLANE ( 'NONE',  #1664 ) ;
#1392 = EDGE_LOOP ( 'NONE', ( #582, #988 ) ) ;
#1393 = AXIS2_PLACEMENT_3D ( 'NONE', #3509, #1268, #3880 ) ;
#1394 = CARTESIAN_POINT ( 'NONE',  ( 1.500000000000004400, -17.64999999999999900, 0.0000000000000000000 ) ) ;
#1395 = ORIENTED_EDGE ( 'NONE', *, *, #3282, .T. ) ;
#1396 = AXIS2_PLACEMENT_3D ( 'NONE', #1209, #3819, #1584 ) ;
#1397 = LINE ( 'NONE', #3461, #1293 ) ;
#1398 = EDGE_LOOP ( 'NONE', ( #1325, #4709 ) ) ;
#1399 = LINE ( 'NONE', #2636, #3286 ) ;
#1400 = AXIS2_PLACEMENT_3D ( 'NONE', #810, #2705, #453 ) ;
#1401 = CARTESIAN_POINT ( 'NONE',  ( 11.00000000000000000, 16.00000000000000000, -5.000000000000000900 ) ) ;
#1402 = CIRCLE ( 'NONE', #1780, 0.5000000000000004400 ) ;
#1403 = DIRECTION ( 'NONE',  ( 0.7071067811865473500, -0.7071067811865477900, -0.0000000000000000000 ) ) ;
#1404 = ORIENTED_EDGE ( 'NONE', *, *, #4347, .T. ) ;
#1405 = LINE ( 'NONE', #2522, #4267 ) ;
#1406 = DIRECTION ( 'NONE',  ( 1.000000000000000000, 0.0000000000000000000, 4.336808689942021200E-016 ) ) ;
#1407 = ADVANCED_FACE ( 'NONE', ( #2579 ), #500, .F. ) ;
#1408 = PLANE ( 'NONE',  #4784 ) ;
#1409 = DIRECTION ( 'NONE',  ( 0.0000000000000000000, 0.0000000000000000000, -1.000000000000000000 ) ) ;
#1410 = CARTESIAN_POINT ( 'NONE',  ( 19.43997900946483900, 2.500000000000000000, -20.10000000000000100 ) ) ;
#1411 = VERTEX_POINT ( 'NONE', #2373 ) ;
#1412 = CARTESIAN_POINT ( 'NONE',  ( -18.49999999999999600, -7.500000000000000000, -3.000000000000000000 ) ) ;
#1413 = ORIENTED_EDGE ( 'NONE', *, *, #3876, .F. ) ;
#1414 = ORIENTED_EDGE ( 'NONE', *, *, #665, .F. ) ;
#1415 = CARTESIAN_POINT ( 'NONE',  ( -19.00000000000000400, 2.500000000000000000, -6.015548772996655000 ) ) ;
#1416 = EDGE_CURVE ( 'NONE', #592, #1067, #3229, .T. ) ;
#1417 = ORIENTED_EDGE ( 'NONE', *, *, #252, .T. ) ;
#1418 = CARTESIAN_POINT ( 'NONE',  ( -12.99999999999999800, 20.14999999999999500, -5.000000000000000000 ) ) ;
#1419 = EDGE_CURVE ( 'NONE', #3422, #2785, #2232, .T. ) ;
#1420 = ORIENTED_EDGE ( 'NONE', *, *, #3391, .T. ) ;
#1421 = ORIENTED_EDGE ( 'NONE', *, *, #4265, .F. ) ;
#1422 = DIRECTION ( 'NONE',  ( -0.0000000000000000000, -0.0000000000000000000, -1.000000000000000000 ) ) ;
#1423 = CARTESIAN_POINT ( 'NONE',  ( 27.25000000000000000, -1.292893218813455400, -3.000000000000000000 ) ) ;
#1424 = EDGE_CURVE ( 'NONE', #1971, #4421, #338, .T. ) ;
#1425 = LINE ( 'NONE', #4281, #2440 ) ;
#1426 = ORIENTED_EDGE ( 'NONE', *, *, #1542, .T. ) ;
#1427 = ADVANCED_FACE ( 'NONE', ( #1231 ), #3242, .F. ) ;
#1428 = ORIENTED_EDGE ( 'NONE', *, *, #3598, .T. ) ;
#1429 = CYLINDRICAL_SURFACE ( 'NONE', #408, 1.600000000000000800 ) ;
#1430 = ORIENTED_EDGE ( 'NONE', *, *, #894, .T. ) ;
#1431 = FILL_AREA_STYLE ('',( #1060 ) ) ;
#1432 = STYLED_ITEM ( 'NONE', ( #4726 ), #1237 ) ;
#1433 = ORIENTED_EDGE ( 'NONE', *, *, #4411, .F. ) ;
#1434 = VERTEX_POINT ( 'NONE', #2488 ) ;
#1435 = CYLINDRICAL_SURFACE ( 'NONE', #3369, 0.5000000000000004400 ) ;
#1436 = CARTESIAN_POINT ( 'NONE',  ( 8.000000000000001800, 29.00000000000000000, -13.00000000000000200 ) ) ;
#1437 = DIRECTION ( 'NONE',  ( -3.533065240719123400E-016, -1.000000000000000000, 0.0000000000000000000 ) ) ;
#1438 = LINE ( 'NONE', #1187, #3323 ) ;
#1439 = DIRECTION ( 'NONE',  ( -0.1283355114047462800, -1.391416402720640000E-017, 0.9917308084921443400 ) ) ;
#1440 = DIRECTION ( 'NONE',  ( -0.0000000000000000000, -0.0000000000000000000, 1.000000000000000000 ) ) ;
#1441 = VECTOR ( 'NONE', #433, 1000.000000000000000 ) ;
#1442 = VERTEX_POINT ( 'NONE', #3981 ) ;
#1443 = SURFACE_STYLE_FILL_AREA ( #771 ) ;
#1444 = EDGE_LOOP ( 'NONE', ( #581, #3277, #4497, #800 ) ) ;
#1445 = VERTEX_POINT ( 'NONE', #2134 ) ;
#1446 = EDGE_CURVE ( 'NONE', #1747, #4387, #2244, .T. ) ;
#1447 = CARTESIAN_POINT ( 'NONE',  ( 8.600000000000012100, 20.14999999999999100, -3.000000000000000000 ) ) ;
#1448 = LINE ( 'NONE', #418, #4307 ) ;
#1449 = EDGE_LOOP ( 'NONE', ( #567, #4006, #3714, #3553, #270, #2573, #379, #658, #1811, #4039, #3534, #767, #2779, #3180 ) ) ;
#1450 = ORIENTED_EDGE ( 'NONE', *, *, #3698, .F. ) ;
#1451 = VECTOR ( 'NONE', #1940, 1000.000000000000000 ) ;
#1452 = DIRECTION ( 'NONE',  ( -1.000000000000000000, 0.0000000000000000000, 0.0000000000000000000 ) ) ;
#1453 =( NAMED_UNIT ( * ) PLANE_ANGLE_UNIT ( ) SI_UNIT ( $, .RADIAN. ) );
#1454 =( NAMED_UNIT ( * ) PLANE_ANGLE_UNIT ( ) SI_UNIT ( $, .RADIAN. ) );
#1455 = ADVANCED_FACE ( 'NONE', ( #4262 ), #4724, .F. ) ;
#1456 = EDGE_LOOP ( 'NONE', ( #1413, #1576, #2363, #3724, #2438, #8, #209, #2655 ) ) ;
#1457 = EDGE_CURVE ( 'NONE', #2288, #3408, #3824, .T. ) ;
#1458 = LINE ( 'NONE', #1908, #456 ) ;
#1459 = VERTEX_POINT ( 'NONE', #4350 ) ;
#1460 = AXIS2_PLACEMENT_3D ( 'NONE', #4699, #1359, #3974 ) ;
#1461 = CARTESIAN_POINT ( 'NONE',  ( -18.30000000000000400, -2.500000000000000000, -9.000000000000001800 ) ) ;
#1462 = CARTESIAN_POINT ( 'NONE',  ( -19.43997900946483900, -2.500000000000000000, -20.10000000000000100 ) ) ;
#1463 =( GEOMETRIC_REPRESENTATION_CONTEXT ( 3 ) GLOBAL_UNCERTAINTY_ASSIGNED_CONTEXT ( ( #2181 ) ) GLOBAL_UNIT_ASSIGNED_CONTEXT ( ( #2938, #686, #3309 ) ) REPRESENTATION_CONTEXT ( 'NONE', 'WORKASPACE' ) );
#1464 = ORIENTED_EDGE ( 'NONE', *, *, #66, .F. ) ;
#1465 = AXIS2_PLACEMENT_3D ( 'NONE', #4402, #4793, #2566 ) ;
#1466 = FACE_OUTER_BOUND ( 'NONE', #3291, .T. ) ;
#1467 = VECTOR ( 'NONE', #63, 1000.000000000000000 ) ;
#1468 = ADVANCED_FACE ( 'NONE', ( #4670 ), #2872, .F. ) ;
#1469 = DIRECTION ( 'NONE',  ( 1.000000000000000000, -0.0000000000000000000, -0.0000000000000000000 ) ) ;
#1470 = CARTESIAN_POINT ( 'NONE',  ( 18.50000000000000400, 6.999999999999999100, -5.000000000000000000 ) ) ;
#1471 = PLANE ( 'NONE',  #2727 ) ;
#1472 = ORIENTED_EDGE ( 'NONE', *, *, #4775, .F. ) ;
#1473 = EDGE_CURVE ( 'NONE', #4752, #3519, #2686, .T. ) ;
#1474 = VERTEX_POINT ( 'NONE', #1394 ) ;
#1475 = EDGE_CURVE ( 'NONE', #3411, #311, #4537, .T. ) ;
#1476 = CARTESIAN_POINT ( 'NONE',  ( -15.00000000000000400, 5.105684756041021000, 42.50000000000000000 ) ) ;
#1477 = DIRECTION ( 'NONE',  ( -1.000000000000000000, 0.0000000000000000000, 0.0000000000000000000 ) ) ;
#1478 = DIRECTION ( 'NONE',  ( -1.000000000000000000, 0.0000000000000000000, 0.0000000000000000000 ) ) ;
#1479 = ORIENTED_EDGE ( 'NONE', *, *, #3807, .T. ) ;
#1480 = EDGE_CURVE ( 'NONE', #1971, #592, #691, .T. ) ;
#1481 = DIRECTION ( 'NONE',  ( -1.000000000000000000, 0.0000000000000000000, 0.0000000000000000000 ) ) ;
#1482 = VECTOR ( 'NONE', #2692, 1000.000000000000000 ) ;
#1483 = CARTESIAN_POINT ( 'NONE',  ( -15.00000000000000400, 5.105684756041021000, 42.50000000000000000 ) ) ;
#1484 = CARTESIAN_POINT ( 'NONE',  ( -18.99999999999999600, -6.999999999999999100, -3.000000000000000000 ) ) ;
#1485 = ADVANCED_FACE ( 'NONE', ( #4424 ), #4523, .F. ) ;
#1486 = EDGE_CURVE ( 'NONE', #2887, #521, #222, .T. ) ;
#1487 = SURFACE_STYLE_FILL_AREA ( #2410 ) ;
#1488 = CARTESIAN_POINT ( 'NONE',  ( -20.30000000000000400, 2.500000000000000000, -6.735701647581717700 ) ) ;
#1489 = AXIS2_PLACEMENT_3D ( 'NONE', #675, #4403, #2194 ) ;
#1490 = ORIENTED_EDGE ( 'NONE', *, *, #489, .T. ) ;
#1491 = DIRECTION ( 'NONE',  ( -1.000000000000000000, 0.0000000000000000000, 0.0000000000000000000 ) ) ;
#1492 = LINE ( 'NONE', #1548, #615 ) ;
#1493 = AXIS2_PLACEMENT_3D ( 'NONE', #2498, #244, #2869 ) ;
#1494 = FACE_OUTER_BOUND ( 'NONE', #4065, .T. ) ;
#1495 = CARTESIAN_POINT ( 'NONE',  ( 27.25000000000000000, -1.292893218813455400, 0.0000000000000000000 ) ) ;
#1496 = FILL_AREA_STYLE ('',( #4452 ) ) ;
#1497 = ORIENTED_EDGE ( 'NONE', *, *, #775, .F. ) ;
#1498 = CARTESIAN_POINT ( 'NONE',  ( -19.00000000000000000, -2.500000000000000000, -23.50000000000000000 ) ) ;
#1499 = FACE_OUTER_BOUND ( 'NONE', #724, .T. ) ;
#1500 = LINE ( 'NONE', #3135, #3272 ) ;
#1501 = ORIENTED_EDGE ( 'NONE', *, *, #3243, .F. ) ;
#1502 = DIRECTION ( 'NONE',  ( -1.000000000000000000, 0.0000000000000000000, 0.0000000000000000000 ) ) ;
#1503 = CIRCLE ( 'NONE', #215, 14.49999999999999800 ) ;
#1504 = CARTESIAN_POINT ( 'NONE',  ( 17.19999999999999900, 2.500000000000000000, -20.00000000000000000 ) ) ;
#1505 = VERTEX_POINT ( 'NONE', #2333 ) ;
#1506 = ORIENTED_EDGE ( 'NONE', *, *, #4679, .T. ) ;
#1507 = FACE_OUTER_BOUND ( 'NONE', #2586, .T. ) ;
#1508 = ORIENTED_EDGE ( 'NONE', *, *, #1964, .F. ) ;
#1509 = VECTOR ( 'NONE', #3306, 1000.000000000000000 ) ;
#1510 = EDGE_CURVE ( 'NONE', #3656, #1611, #2230, .T. ) ;
#1511 = PLANE ( 'NONE',  #1142 ) ;
#1512 = VERTEX_POINT ( 'NONE', #3822 ) ;
#1513 = ORIENTED_EDGE ( 'NONE', *, *, #4416, .F. ) ;
#1514 = LINE ( 'NONE', #1504, #4364 ) ;
#1515 = DIRECTION ( 'NONE',  ( 0.0000000000000000000, 0.0000000000000000000, 1.000000000000000000 ) ) ;
#1516 = FACE_OUTER_BOUND ( 'NONE', #931, .T. ) ;
#1517 = DIRECTION ( 'NONE',  ( 0.0000000000000000000, 0.0000000000000000000, 1.000000000000000000 ) ) ;
#1518 = EDGE_CURVE ( 'NONE', #1802, #1090, #2117, .T. ) ;
#1519 = LINE ( 'NONE', #4204, #540 ) ;
#1520 = EDGE_LOOP ( 'NONE', ( #3669, #1719 ) ) ;
#1521 = FACE_OUTER_BOUND ( 'NONE', #2073, .T. ) ;
#1522 = AXIS2_PLACEMENT_3D ( 'NONE', #490, #3132, #874 ) ;
#1523 = DIRECTION ( 'NONE',  ( -0.0000000000000000000, -0.0000000000000000000, -1.000000000000000000 ) ) ;
#1524 = DIRECTION ( 'NONE',  ( -0.0000000000000000000, 0.0000000000000000000, -1.000000000000000000 ) ) ;
#1525 = CARTESIAN_POINT ( 'NONE',  ( 0.0000000000000000000, 0.0000000000000000000, 39.00000000000000000 ) ) ;
#1526 = MANIFOLD_SOLID_BREP ( 'Boss-Extrude12', #2058 ) ;
#1527 = VERTEX_POINT ( 'NONE', #442 ) ;
#1528 = FILL_AREA_STYLE ('',( #37 ) ) ;
#1529 = CARTESIAN_POINT ( 'NONE',  ( 11.00000000000000000, 16.00000000000000000, -20.00000000000000000 ) ) ;
#1530 = EDGE_LOOP ( 'NONE', ( #4311, #3767, #4594 ) ) ;
#1531 = SURFACE_SIDE_STYLE ('',( #1443 ) ) ;
#1532 = DIRECTION ( 'NONE',  ( -0.0000000000000000000, -1.000000000000000000, -0.0000000000000000000 ) ) ;
#1533 = VERTEX_POINT ( 'NONE', #1992 ) ;
#1534 = EDGE_CURVE ( 'NONE', #36, #3283, #4612, .T. ) ;
#1535 = ORIENTED_EDGE ( 'NONE', *, *, #1619, .T. ) ;
#1536 = DIRECTION ( 'NONE',  ( -0.0000000000000000000, -0.0000000000000000000, -1.000000000000000000 ) ) ;
#1537 = LINE ( 'NONE', #2462, #3307 ) ;
#1538 = ORIENTED_EDGE ( 'NONE', *, *, #703, .T. ) ;
#1539 = DIRECTION ( 'NONE',  ( -0.0000000000000000000, -0.0000000000000000000, -1.000000000000000000 ) ) ;
#1540 = DIRECTION ( 'NONE',  ( -1.700709290173340700E-016, 1.000000000000000000, -0.0000000000000000000 ) ) ;
#1541 = EDGE_LOOP ( 'NONE', ( #1464, #145, #4066, #4779, #1538, #1560, #2371 ) ) ;
#1542 = EDGE_CURVE ( 'NONE', #566, #358, #110, .T. ) ;
#1543 = DIRECTION ( 'NONE',  ( 1.000000000000000000, -0.0000000000000000000, -0.0000000000000000000 ) ) ;
#1544 = FACE_OUTER_BOUND ( 'NONE', #457, .T. ) ;
#1545 = VERTEX_POINT ( 'NONE', #4587 ) ;
#1546 = DIRECTION ( 'NONE',  ( 1.000000000000000000, -0.0000000000000000000, -0.0000000000000000000 ) ) ;
#1547 = AXIS2_PLACEMENT_3D ( 'NONE', #3760, #1517, #4116 ) ;
#1548 = CARTESIAN_POINT ( 'NONE',  ( 19.43997900946483900, 0.9999999999999997800, -20.10000000000000100 ) ) ;
#1549 = ORIENTED_EDGE ( 'NONE', *, *, #992, .F. ) ;
#1550 = CARTESIAN_POINT ( 'NONE',  ( -8.000000000000001800, 16.00000000000000000, -13.00000000000000200 ) ) ;
#1551 = EDGE_LOOP ( 'NONE', ( #3548, #4674, #281, #529 ) ) ;
#1552 = VECTOR ( 'NONE', #3206, 1000.000000000000000 ) ;
#1553 = DIRECTION ( 'NONE',  ( 0.0000000000000000000, 0.0000000000000000000, 1.000000000000000000 ) ) ;
#1554 = CARTESIAN_POINT ( 'NONE',  ( -12.54501635579234700, 5.505684756041020500, 39.50000000000000000 ) ) ;
#1555 = STYLED_ITEM ( 'NONE', ( #797 ), #4271 ) ;
#1556 = VECTOR ( 'NONE', #3057, 1000.000000000000000 ) ;
#1557 = CARTESIAN_POINT ( 'NONE',  ( -15.00000000000000400, 5.505684756041020500, 39.50000000000000000 ) ) ;
#1558 = VECTOR ( 'NONE', #1536, 1000.000000000000000 ) ;
#1559 = AXIS2_PLACEMENT_3D ( 'NONE', #2370, #101, #2723 ) ;
#1560 = ORIENTED_EDGE ( 'NONE', *, *, #4679, .F. ) ;
#1561 = CARTESIAN_POINT ( 'NONE',  ( 5.000000000000003600, 8.149999999999991500, -4.999999999999999100 ) ) ;
#1562 = CARTESIAN_POINT ( 'NONE',  ( -1.499999999999996700, -17.64999999999999900, -3.000000000000000000 ) ) ;
#1563 = LINE ( 'NONE', #3753, #576 ) ;
#1564 = ORIENTED_EDGE ( 'NONE', *, *, #2940, .F. ) ;
#1565 = DIRECTION ( 'NONE',  ( -1.000000000000000000, 2.017120320903262500E-016, 0.0000000000000000000 ) ) ;
#1566 = CARTESIAN_POINT ( 'NONE',  ( -15.00000000000000400, 5.505684756041020500, 39.50000000000000000 ) ) ;
#1567 = EDGE_LOOP ( 'NONE', ( #2119, #4172, #3261, #1068, #670, #919, #3204, #3143, #2464 ) ) ;
#1568 = ADVANCED_FACE ( 'NONE', ( #1230 ), #4719, .F. ) ;
#1569 = DIRECTION ( 'NONE',  ( -2.775557561562896500E-015, -1.000000000000000000, 0.0000000000000000000 ) ) ;
#1570 = EDGE_LOOP ( 'NONE', ( #2122, #3251, #2943, #3833 ) ) ;
#1571 = ORIENTED_EDGE ( 'NONE', *, *, #234, .F. ) ;
#1572 = PLANE ( 'NONE',  #4444 ) ;
#1573 =( NAMED_UNIT ( * ) SI_UNIT ( $, .STERADIAN. ) SOLID_ANGLE_UNIT ( ) );
#1574 = DIRECTION ( 'NONE',  ( 1.000000000000000000, -2.017120320903262500E-016, -0.0000000000000000000 ) ) ;
#1575 = VECTOR ( 'NONE', #4760, 1000.000000000000000 ) ;
#1576 = ORIENTED_EDGE ( 'NONE', *, *, #3661, .T. ) ;
#1577 = CARTESIAN_POINT ( 'NONE',  ( 0.0000000000000000000, -2.500000000000000000, 0.0000000000000000000 ) ) ;
#1578 = VECTOR ( 'NONE', #1932, 1000.000000000000000 ) ;
#1579 = VERTEX_POINT ( 'NONE', #1372 ) ;
#1580 = PLANE ( 'NONE',  #4237 ) ;
#1581 =( NAMED_UNIT ( * ) SI_UNIT ( $, .STERADIAN. ) SOLID_ANGLE_UNIT ( ) );
#1582 = EDGE_CURVE ( 'NONE', #1889, #4396, #2621, .T. ) ;
#1583 = CARTESIAN_POINT ( 'NONE',  ( 5.000000000000001800, 16.00000000000000000, -20.00000000000000000 ) ) ;
#1584 = DIRECTION ( 'NONE',  ( -1.000000000000000000, 0.0000000000000000000, 0.0000000000000000000 ) ) ;
#1585 = CARTESIAN_POINT ( 'NONE',  ( 18.99999999999999600, -6.999999999999999100, -3.000000000000000000 ) ) ;
#1586 = EDGE_CURVE ( 'NONE', #486, #3186, #1644, .T. ) ;
#1587 = DIRECTION ( 'NONE',  ( -0.0000000000000000000, -0.0000000000000000000, 1.000000000000000000 ) ) ;
#1588 = CARTESIAN_POINT ( 'NONE',  ( -27.24999999999999600, 1.292893218813451000, -3.000000000000000000 ) ) ;
#1589 = ORIENTED_EDGE ( 'NONE', *, *, #365, .T. ) ;
#1590 = CARTESIAN_POINT ( 'NONE',  ( -24.25000000000000000, 0.0000000000000000000, -3.000000000000000000 ) ) ;
#1591 = LINE ( 'NONE', #1773, #3344 ) ;
#1592 = FACE_OUTER_BOUND ( 'NONE', #1279, .T. ) ;
#1593 = DIRECTION ( 'NONE',  ( 0.0000000000000000000, 0.0000000000000000000, 1.000000000000000000 ) ) ;
#1594 = EDGE_CURVE ( 'NONE', #2525, #2887, #1744, .T. ) ;
#1595 = ADVANCED_FACE ( 'NONE', ( #1507 ), #1014, .F. ) ;
#1596 = AXIS2_PLACEMENT_3D ( 'NONE', #518, #3156, #898 ) ;
#1597 = CARTESIAN_POINT ( 'NONE',  ( -10.00000000000000200, 5.105684756041020100, 39.50010000000000300 ) ) ;
#1598 = CARTESIAN_POINT ( 'NONE',  ( 0.0000000000000000000, 0.0000000000000000000, -5.000000000000000900 ) ) ;
#1599 = CARTESIAN_POINT ( 'NONE',  ( -8.000000000000001800, 29.00000000000000000, -13.00000000000000200 ) ) ;
#1600 = CARTESIAN_POINT ( 'NONE',  ( 0.0000000000000000000, 0.0000000000000000000, -21.50000000000000000 ) ) ;
#1601 = ADVANCED_FACE ( 'NONE', ( #2523 ), #4029, .F. ) ;
#1602 = AXIS2_PLACEMENT_3D ( 'NONE', #2401, #146, #2772 ) ;
#1603 = FILL_AREA_STYLE_COLOUR ( '', #3216 ) ;
#1604 = DIRECTION ( 'NONE',  ( -0.0000000000000000000, -0.0000000000000000000, -1.000000000000000000 ) ) ;
#1605 = DIRECTION ( 'NONE',  ( 0.0000000000000000000, 0.0000000000000000000, 1.000000000000000000 ) ) ;
#1606 = FILL_AREA_STYLE_COLOUR ( '', #2985 ) ;
#1607 = CARTESIAN_POINT ( 'NONE',  ( 8.000000000000001800, 29.00000000000000000, -14.25000000000000000 ) ) ;
#1608 = CARTESIAN_POINT ( 'NONE',  ( 18.80000000000000400, 2.500000000000000000, -9.000000000000001800 ) ) ;
#1609 = VERTEX_POINT ( 'NONE', #1788 ) ;
#1610 = CARTESIAN_POINT ( 'NONE',  ( -11.14407328102380600, 15.74864148391652600, -16.88777612569862200 ) ) ;
#1611 = VERTEX_POINT ( 'NONE', #2715 ) ;
#1612 = ORIENTED_EDGE ( 'NONE', *, *, #1361, .F. ) ;
#1613 = ORIENTED_EDGE ( 'NONE', *, *, #2365, .F. ) ;
#1614 = DIRECTION ( 'NONE',  ( 2.312964634635743400E-015, 1.000000000000000000, -0.0000000000000000000 ) ) ;
#1615 = DIRECTION ( 'NONE',  ( -0.0000000000000000000, -0.0000000000000000000, 1.000000000000000000 ) ) ;
#1616 = CARTESIAN_POINT ( 'NONE',  ( 18.99999999999999600, -7.500000000000000000, -3.000000000000000000 ) ) ;
#1617 = CARTESIAN_POINT ( 'NONE',  ( -15.00000000000000000, -5.494315243958978600, 39.50010000000000300 ) ) ;
#1618 = DIRECTION ( 'NONE',  ( 0.0000000000000000000, 1.000000000000000000, 0.0000000000000000000 ) ) ;
#1619 = EDGE_CURVE ( 'NONE', #4641, #1265, #2171, .T. ) ;
#1620 =( NAMED_UNIT ( * ) SI_UNIT ( $, .STERADIAN. ) SOLID_ANGLE_UNIT ( ) );
#1621 = CARTESIAN_POINT ( 'NONE',  ( 18.19999999999999900, -1.000000000000000000, -20.03608286463847300 ) ) ;
#1622 = ADVANCED_FACE ( 'NONE', ( #2059 ), #2250, .F. ) ;
#1623 = CIRCLE ( 'NONE', #1282, 0.5000000000000000000 ) ;
#1624 = DIRECTION ( 'NONE',  ( -1.000000000000000000, 1.239088197126291100E-016, 0.0000000000000000000 ) ) ;
#1625 = CARTESIAN_POINT ( 'NONE',  ( 3.000000000000004900, 20.14999999999999500, -5.000000000000000900 ) ) ;
#1626 = PLANE ( 'NONE',  #3816 ) ;
#1627 = EDGE_CURVE ( 'NONE', #1442, #2111, #3173, .T. ) ;
#1628 = CARTESIAN_POINT ( 'NONE',  ( 20.30000000000000400, 2.500000000000000000, -6.735701647581717700 ) ) ;
#1629 = ORIENTED_EDGE ( 'NONE', *, *, #2103, .F. ) ;
#1630 = LINE ( 'NONE', #1760, #3368 ) ;
#1631 = CARTESIAN_POINT ( 'NONE',  ( -19.43997900946483900, 2.500000000000000000, -20.10000000000000100 ) ) ;
#1632 = FACE_OUTER_BOUND ( 'NONE', #1122, .T. ) ;
#1633 = CARTESIAN_POINT ( 'NONE',  ( 0.0000000000000000000, -17.64999999999999900, -3.000000000000000000 ) ) ;
#1634 = ORIENTED_EDGE ( 'NONE', *, *, #818, .F. ) ;
#1635 = DIRECTION ( 'NONE',  ( 0.0000000000000000000, 0.0000000000000000000, -1.000000000000000000 ) ) ;
#1636 = LINE ( 'NONE', #2487, #4465 ) ;
#1637 = LINE ( 'NONE', #4195, #2514 ) ;
#1638 = AXIS2_PLACEMENT_3D ( 'NONE', #3086, #831, #3462 ) ;
#1639 =( LENGTH_UNIT ( ) NAMED_UNIT ( * ) SI_UNIT ( .MILLI., .METRE. ) );
#1640 = ORIENTED_EDGE ( 'NONE', *, *, #4319, .F. ) ;
#1641 = CARTESIAN_POINT ( 'NONE',  ( -17.19999999999999900, -2.500000000000000000, -20.00000000000000000 ) ) ;
#1642 = ORIENTED_EDGE ( 'NONE', *, *, #2502, .F. ) ;
#1643 = ORIENTED_EDGE ( 'NONE', *, *, #3433, .F. ) ;
#1644 = CIRCLE ( 'NONE', #2022, 17.50000000000000000 ) ;
#1645 = ORIENTED_EDGE ( 'NONE', *, *, #2016, .F. ) ;
#1646 = DIRECTION ( 'NONE',  ( -0.0000000000000000000, -1.000000000000000000, -0.0000000000000000000 ) ) ;
#1647 = SURFACE_STYLE_USAGE ( .BOTH. , #3883 ) ;
#1648 = FACE_OUTER_BOUND ( 'NONE', #1104, .T. ) ;
#1649 = ORIENTED_EDGE ( 'NONE', *, *, #4272, .F. ) ;
#1650 = DIRECTION ( 'NONE',  ( -0.05147860326437252200, 0.0000000000000000000, 0.9986740976945128700 ) ) ;
#1651 = ORIENTED_EDGE ( 'NONE', *, *, #955, .T. ) ;
#1652 = CARTESIAN_POINT ( 'NONE',  ( 2.500000000000000400, -20.14999999999999900, 0.0000000000000000000 ) ) ;
#1653 = FACE_OUTER_BOUND ( 'NONE', #4115, .T. ) ;
#1654 = EDGE_CURVE ( 'NONE', #4072, #4130, #1155, .T. ) ;
#1655 = ORIENTED_EDGE ( 'NONE', *, *, #984, .F. ) ;
#1656 = DIRECTION ( 'NONE',  ( 2.428612866367534700E-015, 1.000000000000000000, 0.0000000000000000000 ) ) ;
#1657 = DIRECTION ( 'NONE',  ( 1.000000000000000000, 0.0000000000000000000, 0.0000000000000000000 ) ) ;
#1658 = ORIENTED_EDGE ( 'NONE', *, *, #1361, .T. ) ;
#1659 = CIRCLE ( 'NONE', #3586, 0.5000000000000004400 ) ;
#1660 = EDGE_CURVE ( 'NONE', #3580, #3041, #3200, .T. ) ;
#1661 = PRESENTATION_STYLE_ASSIGNMENT (( #1075 ) ) ;
#1662 = AXIS2_PLACEMENT_3D ( 'NONE', #2005, #4598, #2388 ) ;
#1663 = CARTESIAN_POINT ( 'NONE',  ( 11.00000000000000000, 16.00000000000000000, -20.00000000000000000 ) ) ;
#1664 = AXIS2_PLACEMENT_3D ( 'NONE', #4015, #1769, #4371 ) ;
#1665 = CARTESIAN_POINT ( 'NONE',  ( -17.50000000000000000, 2.500000000000000000, -20.00000000000000000 ) ) ;
#1666 = CARTESIAN_POINT ( 'NONE',  ( -18.19999999999999900, 1.000000000000000000, -15.50000000000000000 ) ) ;
#1667 = VERTEX_POINT ( 'NONE', #1495 ) ;
#1668 = ADVANCED_FACE ( 'NONE', ( #934 ), #1046, .T. ) ;
#1669 = EDGE_LOOP ( 'NONE', ( #3793, #1642, #2489, #2064, #943 ) ) ;
#1670 = CARTESIAN_POINT ( 'NONE',  ( -18.30000000000000400, 2.500000000000000000, -5.000000000000000900 ) ) ;
#1671 = ORIENTED_EDGE ( 'NONE', *, *, #3941, .T. ) ;
#1672 = DIRECTION ( 'NONE',  ( 0.0000000000000000000, 0.0000000000000000000, -1.000000000000000000 ) ) ;
#1673 = VERTEX_POINT ( 'NONE', #2279 ) ;
#1674 = ORIENTED_EDGE ( 'NONE', *, *, #4824, .F. ) ;
#1675 = CIRCLE ( 'NONE', #830, 1.600000000000000800 ) ;
#1676 = VERTEX_POINT ( 'NONE', #2641 ) ;
#1677 = ORIENTED_EDGE ( 'NONE', *, *, #2713, .F. ) ;
#1678 = FACE_OUTER_BOUND ( 'NONE', #3588, .T. ) ;
#1679 = SURFACE_STYLE_USAGE ( .BOTH. , #3921 ) ;
#1680 = ORIENTED_EDGE ( 'NONE', *, *, #2302, .F. ) ;
#1681 = ORIENTED_EDGE ( 'NONE', *, *, #4422, .T. ) ;
#1682 = EDGE_CURVE ( 'NONE', #2785, #1953, #2924, .T. ) ;
#1683 = VERTEX_POINT ( 'NONE', #4114 ) ;
#1684 = FACE_BOUND ( 'NONE', #1520, .T. ) ;
#1685 = DIRECTION ( 'NONE',  ( -1.000000000000000000, 0.0000000000000000000, 0.0000000000000000000 ) ) ;
#1686 = FACE_OUTER_BOUND ( 'NONE', #3568, .T. ) ;
#1687 = EDGE_CURVE ( 'NONE', #4050, #1090, #3032, .T. ) ;
#1688 = VECTOR ( 'NONE', #768, 1000.000000000000000 ) ;
#1689 = ADVANCED_FACE ( 'NONE', ( #3792 ), #444, .T. ) ;
#1690 = EDGE_CURVE ( 'NONE', #742, #4291, #4419, .T. ) ;
#1691 = STYLED_ITEM ( 'NONE', ( #3835 ), #3460 ) ;
#1692 = VERTEX_POINT ( 'NONE', #1172 ) ;
#1693 = CARTESIAN_POINT ( 'NONE',  ( -8.000000000000001800, 29.00000000000000000, -10.75000000000000000 ) ) ;
#1694 = DIRECTION ( 'NONE',  ( 0.0000000000000000000, 1.000000000000000000, 0.0000000000000000000 ) ) ;
#1695 = CIRCLE ( 'NONE', #3723, 17.50000000000000000 ) ;
#1696 = CARTESIAN_POINT ( 'NONE',  ( 19.00000000000000000, -2.500000000000000000, -23.50000000000000000 ) ) ;
#1697 = ORIENTED_EDGE ( 'NONE', *, *, #3745, .T. ) ;
#1698 = CARTESIAN_POINT ( 'NONE',  ( 18.49999999999999600, -6.999999999999999100, -3.000000000000000000 ) ) ;
#1699 = AXIS2_PLACEMENT_3D ( 'NONE', #3047, #4527, #2315 ) ;
#1700 = ORIENTED_EDGE ( 'NONE', *, *, #3512, .F. ) ;
#1701 = SURFACE_STYLE_FILL_AREA ( #2680 ) ;
#1702 = SURFACE_STYLE_FILL_AREA ( #3508 ) ;
#1703 = VERTEX_POINT ( 'NONE', #4129 ) ;
#1704 = VECTOR ( 'NONE', #1524, 1000.000000000000000 ) ;
#1705 = LINE ( 'NONE', #3127, #698 ) ;
#1706 = SURFACE_STYLE_FILL_AREA ( #1528 ) ;
#1707 = EDGE_CURVE ( 'NONE', #3920, #3283, #3445, .T. ) ;
#1708 = ORIENTED_EDGE ( 'NONE', *, *, #3910, .T. ) ;
#1709 = VECTOR ( 'NONE', #3440, 1000.000000000000000 ) ;
#1710 = CARTESIAN_POINT ( 'NONE',  ( 0.0000000000000000000, 0.0000000000000000000, -5.000000000000000000 ) ) ;
#1711 = CARTESIAN_POINT ( 'NONE',  ( -13.00000000000000000, 12.51068519718185200, -20.00000000000000000 ) ) ;
#1712 = EDGE_CURVE ( 'NONE', #2111, #294, #1448, .T. ) ;
#1713 = AXIS2_PLACEMENT_3D ( 'NONE', #997, #3618, #1370 ) ;
#1714 = DIRECTION ( 'NONE',  ( 0.0000000000000000000, 0.0000000000000000000, -1.000000000000000000 ) ) ;
#1715 = CARTESIAN_POINT ( 'NONE',  ( 19.43997900946483900, -1.000000000000000400, -20.10000000000000100 ) ) ;
#1716 = DIRECTION ( 'NONE',  ( -1.000000000000000000, 0.0000000000000000000, -0.0000000000000000000 ) ) ;
#1717 = ORIENTED_EDGE ( 'NONE', *, *, #2224, .F. ) ;
#1718 = ORIENTED_EDGE ( 'NONE', *, *, #2068, .F. ) ;
#1719 = ORIENTED_EDGE ( 'NONE', *, *, #1177, .F. ) ;
#1720 = EDGE_LOOP ( 'NONE', ( #3301, #704, #2503, #195 ) ) ;
#1721 = DIRECTION ( 'NONE',  ( 0.0000000000000000000, 0.0000000000000000000, -1.000000000000000000 ) ) ;
#1722 = ORIENTED_EDGE ( 'NONE', *, *, #4775, .T. ) ;
#1723 = EDGE_CURVE ( 'NONE', #714, #3918, #3331, .T. ) ;
#1724 = DIRECTION ( 'NONE',  ( -1.000000000000000000, 1.508455196501571400E-016, -0.0000000000000000000 ) ) ;
#1725 = CARTESIAN_POINT ( 'NONE',  ( 0.0000000000000000000, 0.0000000000000000000, -20.00000000000000000 ) ) ;
#1726 = DIRECTION ( 'NONE',  ( 0.0000000000000000000, -0.0000000000000000000, 1.000000000000000000 ) ) ;
#1727 = ORIENTED_EDGE ( 'NONE', *, *, #3572, .F. ) ;
#1728 = CYLINDRICAL_SURFACE ( 'NONE', #1970, 17.50000000000000000 ) ;
#1729 = VECTOR ( 'NONE', #897, 1000.000000000000000 ) ;
#1730 = EDGE_CURVE ( 'NONE', #3616, #4108, #332, .T. ) ;
#1731 = DIRECTION ( 'NONE',  ( 0.0000000000000000000, 0.0000000000000000000, -1.000000000000000000 ) ) ;
#1732 = DIRECTION ( 'NONE',  ( -0.0000000000000000000, -1.000000000000000000, -0.0000000000000000000 ) ) ;
#1733 = EDGE_LOOP ( 'NONE', ( #2945, #3115, #319 ) ) ;
#1734 = CARTESIAN_POINT ( 'NONE',  ( 8.600000000000005000, -20.14999999999999900, -3.000000000000000000 ) ) ;
#1735 = AXIS2_PLACEMENT_3D ( 'NONE', #473, #127, #2742 ) ;
#1736 = EDGE_CURVE ( 'NONE', #2467, #1785, #3224, .T. ) ;
#1737 = LINE ( 'NONE', #2476, #4605 ) ;
#1738 = FACE_OUTER_BOUND ( 'NONE', #3048, .T. ) ;
#1739 = CARTESIAN_POINT ( 'NONE',  ( 0.0000000000000000000, 2.500000000000000000, 0.0000000000000000000 ) ) ;
#1740 = FACE_OUTER_BOUND ( 'NONE', #4027, .T. ) ;
#1741 = ORIENTED_EDGE ( 'NONE', *, *, #4157, .T. ) ;
#1742 = EDGE_CURVE ( 'NONE', #246, #2168, #1342, .T. ) ;
#1743 = AXIS2_PLACEMENT_3D ( 'NONE', #325, #2951, #707 ) ;
#1744 = LINE ( 'NONE', #2521, #3527 ) ;
#1745 = FILL_AREA_STYLE_COLOUR ( '', #2962 ) ;
#1746 = PLANE ( 'NONE',  #2965 ) ;
#1747 = VERTEX_POINT ( 'NONE', #3077 ) ;
#1748 = DIRECTION ( 'NONE',  ( 0.8747477539092658500, -0.0000000000000000000, -0.4845785457804486800 ) ) ;
#1749 = CYLINDRICAL_SURFACE ( 'NONE', #3182, 0.5000000000000000000 ) ;
#1750 = ORIENTED_EDGE ( 'NONE', *, *, #3162, .F. ) ;
#1751 = EDGE_LOOP ( 'NONE', ( #285, #2028, #2616, #3034 ) ) ;
#1752 =( NAMED_UNIT ( * ) SI_UNIT ( $, .STERADIAN. ) SOLID_ANGLE_UNIT ( ) );
#1753 = LINE ( 'NONE', #1065, #3638 ) ;
#1754 = CARTESIAN_POINT ( 'NONE',  ( -12.49999999999999800, 0.0000000000000000000, -23.50000000000000000 ) ) ;
#1755 = DIRECTION ( 'NONE',  ( -1.000000000000000000, 0.0000000000000000000, 0.0000000000000000000 ) ) ;
#1756 = CARTESIAN_POINT ( 'NONE',  ( -19.00000000000000400, 7.500000000000000000, -5.000000000000000000 ) ) ;
#1757 = EDGE_LOOP ( 'NONE', ( #1629, #1317, #1023, #87, #558, #4750, #792, #3576 ) ) ;
#1758 = CIRCLE ( 'NONE', #3812, 14.49999999999999800 ) ;
#1759 = DIRECTION ( 'NONE',  ( -1.000000000000000000, 0.0000000000000000000, 0.0000000000000000000 ) ) ;
#1760 = CARTESIAN_POINT ( 'NONE',  ( -18.19999999999999900, 1.000000000000000000, -15.50000000000000000 ) ) ;
#1761 = VECTOR ( 'NONE', #1820, 1000.000000000000000 ) ;
#1762 = EDGE_CURVE ( 'NONE', #4777, #3377, #1094, .T. ) ;
#1763 = PRODUCT_DEFINITION_SHAPE ( 'NONE', 'NONE',  #2118 ) ;
#1764 = DIRECTION ( 'NONE',  ( 1.000000000000000000, 0.0000000000000000000, 0.0000000000000000000 ) ) ;
#1765 = CARTESIAN_POINT ( 'NONE',  ( 15.81138830084190000, -7.500000000000000000, -2.999999999999999100 ) ) ;
#1766 = DIRECTION ( 'NONE',  ( 0.0000000000000000000, -0.0000000000000000000, 1.000000000000000000 ) ) ;
#1767 = CARTESIAN_POINT ( 'NONE',  ( -19.00000000000000000, -1.000000000000000000, -23.50000000000000000 ) ) ;
#1768 = DIRECTION ( 'NONE',  ( -0.0000000000000000000, -1.000000000000000000, -0.0000000000000000000 ) ) ;
#1769 = DIRECTION ( 'NONE',  ( 0.0000000000000000000, 0.0000000000000000000, -1.000000000000000000 ) ) ;
#1770 = VERTEX_POINT ( 'NONE', #823 ) ;
#1771 = ORIENTED_EDGE ( 'NONE', *, *, #599, .T. ) ;
#1772 = EDGE_CURVE ( 'NONE', #4355, #970, #1221, .T. ) ;
#1773 = CARTESIAN_POINT ( 'NONE',  ( -18.30000000000000400, 2.500000000000000000, -5.000000000000000900 ) ) ;
#1774 = CARTESIAN_POINT ( 'NONE',  ( -8.600000000000003200, 20.14999999999999500, -3.000000000000000000 ) ) ;
#1775 = ORIENTED_EDGE ( 'NONE', *, *, #2352, .F. ) ;
#1776 = STYLED_ITEM ( 'NONE', ( #3363 ), #3176 ) ;
#1777 = ORIENTED_EDGE ( 'NONE', *, *, #2676, .T. ) ;
#1778 = VERTEX_POINT ( 'NONE', #2360 ) ;
#1779 = PLANE ( 'NONE',  #3406 ) ;
#1780 = AXIS2_PLACEMENT_3D ( 'NONE', #1990, #4586, #2380 ) ;
#1781 = CARTESIAN_POINT ( 'NONE',  ( -8.600000000000003200, 20.14999999999999500, -3.000000000000000000 ) ) ;
#1782 = FACE_OUTER_BOUND ( 'NONE', #4832, .T. ) ;
#1783 = PLANE ( 'NONE',  #2654 ) ;
#1784 = ORIENTED_EDGE ( 'NONE', *, *, #4416, .T. ) ;
#1785 = VERTEX_POINT ( 'NONE', #1966 ) ;
#1786 = VECTOR ( 'NONE', #3571, 1000.000000000000000 ) ;
#1787 = DIRECTION ( 'NONE',  ( -0.7071067811865474600, 0.7071067811865474600, 0.0000000000000000000 ) ) ;
#1788 = CARTESIAN_POINT ( 'NONE',  ( 8.746446609406735500, -20.00355339059327200, 0.0000000000000000000 ) ) ;
#1789 = VERTEX_POINT ( 'NONE', #4185 ) ;
#1790 = DIRECTION ( 'NONE',  ( -1.000000000000000000, 1.734723475976806800E-016, 0.0000000000000000000 ) ) ;
#1791 = LINE ( 'NONE', #4637, #3778 ) ;
#1792 = VECTOR ( 'NONE', #4582, 1000.000000000000000 ) ;
#1793 = EDGE_CURVE ( 'NONE', #2291, #2645, #981, .T. ) ;
#1794 = VECTOR ( 'NONE', #2281, 1000.000000000000000 ) ;
#1795 = CARTESIAN_POINT ( 'NONE',  ( 8.000000000000001800, 16.00000000000000000, -13.00000000000000200 ) ) ;
#1796 = EDGE_LOOP ( 'NONE', ( #561, #2969, #2873, #1328 ) ) ;
#1797 = CARTESIAN_POINT ( 'NONE',  ( -15.00000000000000000, -5.494315243958978600, 39.50010000000000300 ) ) ;
#1798 = ADVANCED_FACE ( 'NONE', ( #3968 ), #2896, .T. ) ;
#1799 = CYLINDRICAL_SURFACE ( 'NONE', #2485, 5.000000000000000900 ) ;
#1800 = EDGE_CURVE ( 'NONE', #3186, #4468, #4075, .T. ) ;
#1801 = ORIENTED_EDGE ( 'NONE', *, *, #4128, .T. ) ;
#1802 = VERTEX_POINT ( 'NONE', #4380 ) ;
#1803 = UNCERTAINTY_MEASURE_WITH_UNIT (LENGTH_MEASURE( 1.000000000000000100E-005 ), #1639, 'distance_accuracy_value', 'NONE');
#1804 = COLOUR_RGB ( '',0.7529411764705882200, 0.7529411764705882200, 0.7529411764705882200 ) ;
#1805 = ORIENTED_EDGE ( 'NONE', *, *, #3603, .T. ) ;
#1806 = AXIS2_PLACEMENT_3D ( 'NONE', #34, #2661, #403 ) ;
#1807 = PLANE ( 'NONE',  #1465 ) ;
#1808 = PLANE ( 'NONE',  #1489 ) ;
#1809 = COLOUR_RGB ( '',1.000000000000000000, 1.000000000000000000, 0.5019607843137254800 ) ;
#1810 = VECTOR ( 'NONE', #1222, 1000.000000000000000 ) ;
#1811 = ORIENTED_EDGE ( 'NONE', *, *, #352, .T. ) ;
#1812 = FACE_BOUND ( 'NONE', #3899, .T. ) ;
#1813 = AXIS2_PLACEMENT_3D ( 'NONE', #4074, #2588, #1841 ) ;
#1814 = SURFACE_STYLE_USAGE ( .BOTH. , #4049 ) ;
#1815 = VECTOR ( 'NONE', #3864, 1000.000000000000100 ) ;
#1816 = LINE ( 'NONE', #892, #3700 ) ;
#1817 = CARTESIAN_POINT ( 'NONE',  ( 1.999999999999998700, 20.14999999999999500, 0.0000000000000000000 ) ) ;
#1818 = AXIS2_PLACEMENT_3D ( 'NONE', #1933, #4530, #2320 ) ;
#1819 = DIRECTION ( 'NONE',  ( -0.0000000000000000000, -1.000000000000000000, -0.0000000000000000000 ) ) ;
#1820 = DIRECTION ( 'NONE',  ( -0.0000000000000000000, -1.000000000000000000, -0.0000000000000000000 ) ) ;
#1821 = CIRCLE ( 'NONE', #875, 0.5000000000000004400 ) ;
#1822 = DIRECTION ( 'NONE',  ( 0.0000000000000000000, -0.0000000000000000000, 1.000000000000000000 ) ) ;
#1823 = ORIENTED_EDGE ( 'NONE', *, *, #2942, .T. ) ;
#1824 = DIRECTION ( 'NONE',  ( 0.0000000000000000000, -0.0000000000000000000, 1.000000000000000000 ) ) ;
#1825 = ADVANCED_FACE ( 'NONE', ( #2856 ), #1783, .T. ) ;
#1826 = EDGE_CURVE ( 'NONE', #3408, #1379, #1854, .T. ) ;
#1827 = DIRECTION ( 'NONE',  ( -0.7071067811865474600, -0.7071067811865476800, 0.0000000000000000000 ) ) ;
#1828 = EDGE_CURVE ( 'NONE', #1090, #1971, #869, .T. ) ;
#1829 = ORIENTED_EDGE ( 'NONE', *, *, #4584, .T. ) ;
#1830 = ORIENTED_EDGE ( 'NONE', *, *, #2101, .T. ) ;
#1831 = VERTEX_POINT ( 'NONE', #4044 ) ;
#1832 = DIRECTION ( 'NONE',  ( 0.0000000000000000000, -0.0000000000000000000, 1.000000000000000000 ) ) ;
#1833 = SURFACE_SIDE_STYLE ('',( #535 ) ) ;
#1834 = ADVANCED_FACE ( 'NONE', ( #4716 ), #3676, .T. ) ;
#1835 = EDGE_CURVE ( 'NONE', #3296, #246, #2746, .T. ) ;
#1836 = DIRECTION ( 'NONE',  ( -0.0000000000000000000, -0.0000000000000000000, 1.000000000000000000 ) ) ;
#1837 = ORIENTED_EDGE ( 'NONE', *, *, #4705, .F. ) ;
#1838 = AXIS2_PLACEMENT_3D ( 'NONE', #3908, #1672, #4268 ) ;
#1839 = ORIENTED_EDGE ( 'NONE', *, *, #3094, .F. ) ;
#1840 = LINE ( 'NONE', #738, #966 ) ;
#1841 = DIRECTION ( 'NONE',  ( 0.0000000000000000000, 0.0000000000000000000, -1.000000000000000000 ) ) ;
#1842 = AXIS2_PLACEMENT_3D ( 'NONE', #625, #3255, #1006 ) ;
#1843 = ORIENTED_EDGE ( 'NONE', *, *, #822, .T. ) ;
#1844 = DIRECTION ( 'NONE',  ( -1.000000000000000000, 0.0000000000000000000, 0.0000000000000000000 ) ) ;
#1845 = AXIS2_PLACEMENT_3D ( 'NONE', #1002, #4008, #1764 ) ;
#1846 = VECTOR ( 'NONE', #1348, 1000.000000000000000 ) ;
#1847 = DIRECTION ( 'NONE',  ( 1.084202172485503400E-016, 1.000000000000000000, -0.0000000000000000000 ) ) ;
#1848 = DIRECTION ( 'NONE',  ( 0.0000000000000000000, 0.0000000000000000000, 1.000000000000000000 ) ) ;
#1849 = LINE ( 'NONE', #2749, #861 ) ;
#1850 = ORIENTED_EDGE ( 'NONE', *, *, #3653, .F. ) ;
#1851 = LINE ( 'NONE', #1597, #865 ) ;
#1852 = FACE_OUTER_BOUND ( 'NONE', #3581, .T. ) ;
#1853 = EDGE_CURVE ( 'NONE', #3920, #2168, #3855, .T. ) ;
#1854 = CIRCLE ( 'NONE', #2432, 2.250000000000000400 ) ;
#1855 = ORIENTED_EDGE ( 'NONE', *, *, #1682, .T. ) ;
#1856 = ADVANCED_FACE ( 'NONE', ( #1740 ), #4211, .T. ) ;
#1857 = COLOUR_RGB ( '',1.000000000000000000, 1.000000000000000000, 0.5019607843137254800 ) ;
#1858 = CARTESIAN_POINT ( 'NONE',  ( -12.99999999999999800, 8.149999999999991500, -13.00000000000000200 ) ) ;
#1859 = CARTESIAN_POINT ( 'NONE',  ( 13.00000000000000400, 8.149999999999991500, -3.000000000000000000 ) ) ;
#1860 = ORIENTED_EDGE ( 'NONE', *, *, #3603, .F. ) ;
#1861 = EDGE_CURVE ( 'NONE', #2172, #4336, #3274, .T. ) ;
#1862 = LINE ( 'NONE', #650, #3634 ) ;
#1863 = AXIS2_PLACEMENT_3D ( 'NONE', #4628, #1284, #3900 ) ;
#1864 = CARTESIAN_POINT ( 'NONE',  ( 26.75000000000000000, -1.292893218813455400, -3.000000000000000000 ) ) ;
#1865 = ORIENTED_EDGE ( 'NONE', *, *, #3769, .F. ) ;
#1866 = CARTESIAN_POINT ( 'NONE',  ( 8.000000000000001800, 16.00000000000000000, -13.00000000000000200 ) ) ;
#1867 = FACE_OUTER_BOUND ( 'NONE', #941, .T. ) ;
#1868 = ORIENTED_EDGE ( 'NONE', *, *, #3622, .F. ) ;
#1869 =( NAMED_UNIT ( * ) PLANE_ANGLE_UNIT ( ) SI_UNIT ( $, .RADIAN. ) );
#1870 = PRESENTATION_STYLE_ASSIGNMENT (( #3758 ) ) ;
#1871 = VECTOR ( 'NONE', #4014, 1000.000000000000000 ) ;
#1872 = DIRECTION ( 'NONE',  ( 0.8747477539092658500, 0.0000000000000000000, 0.4845785457804486200 ) ) ;
#1873 = ORIENTED_EDGE ( 'NONE', *, *, #1378, .T. ) ;
#1874 = AXIS2_PLACEMENT_3D ( 'NONE', #470, #3110, #851 ) ;
#1875 = LINE ( 'NONE', #3652, #4735 ) ;
#1876 = PLANE ( 'NONE',  #648 ) ;
#1877 = DIRECTION ( 'NONE',  ( 0.0000000000000000000, 0.0000000000000000000, -1.000000000000000000 ) ) ;
#1878 = SURFACE_STYLE_USAGE ( .BOTH. , #4105 ) ;
#1879 = CARTESIAN_POINT ( 'NONE',  ( -10.99999999999999800, 16.00000000000000000, -5.000000000000000900 ) ) ;
#1880 = CARTESIAN_POINT ( 'NONE',  ( 5.000000000000002700, 16.00000000000000000, -4.999999999999999100 ) ) ;
#1881 = EDGE_CURVE ( 'NONE', #3918, #36, #4250, .T. ) ;
#1882 = ORIENTED_EDGE ( 'NONE', *, *, #3466, .F. ) ;
#1883 = ORIENTED_EDGE ( 'NONE', *, *, #1828, .T. ) ;
#1884 = DIRECTION ( 'NONE',  ( 0.0000000000000000000, 0.0000000000000000000, -1.000000000000000000 ) ) ;
#1885 = CARTESIAN_POINT ( 'NONE',  ( 8.000000000000001800, 29.00000000000000000, -15.25000000000000200 ) ) ;
#1886 = ORIENTED_EDGE ( 'NONE', *, *, #2443, .F. ) ;
#1887 = EDGE_CURVE ( 'NONE', #4727, #2298, #3100, .T. ) ;
#1888 = CARTESIAN_POINT ( 'NONE',  ( -15.00000000000000400, 5.505684756041020500, 39.50000000000000000 ) ) ;
#1889 = VERTEX_POINT ( 'NONE', #1089 ) ;
#1890 = DIRECTION ( 'NONE',  ( 2.602085213965210100E-016, 0.0000000000000000000, 1.000000000000000000 ) ) ;
#1891 = UNCERTAINTY_MEASURE_WITH_UNIT (LENGTH_MEASURE( 1.000000000000000100E-005 ), #1906, 'distance_accuracy_value', 'NONE');
#1892 = AXIS2_PLACEMENT_3D ( 'NONE', #1900, #4500, #2293 ) ;
#1893 = LINE ( 'NONE', #1983, #3768 ) ;
#1894 = ORIENTED_EDGE ( 'NONE', *, *, #599, .F. ) ;
#1895 = ORIENTED_EDGE ( 'NONE', *, *, #4296, .T. ) ;
#1896 = VECTOR ( 'NONE', #2046, 1000.000000000000000 ) ;
#1897 = ORIENTED_EDGE ( 'NONE', *, *, #1416, .T. ) ;
#1898 = VECTOR ( 'NONE', #3520, 1000.000000000000000 ) ;
#1899 = AXIS2_PLACEMENT_3D ( 'NONE', #1525, #1153, #784 ) ;
#1900 = CARTESIAN_POINT ( 'NONE',  ( 0.0000000000000000000, 0.0000000000000000000, -20.00000000000000000 ) ) ;
#1901 = VECTOR ( 'NONE', #2355, 1000.000000000000000 ) ;
#1902 = FILL_AREA_STYLE ('',( #4495 ) ) ;
#1903 = CARTESIAN_POINT ( 'NONE',  ( 11.00000000000000000, 16.00000000000000000, -20.00000000000000000 ) ) ;
#1904 = VECTOR ( 'NONE', #390, 1000.000000000000000 ) ;
#1905 = COLOUR_RGB ( '',1.000000000000000000, 1.000000000000000000, 0.5019607843137254800 ) ;
#1906 =( LENGTH_UNIT ( ) NAMED_UNIT ( * ) SI_UNIT ( .MILLI., .METRE. ) );
#1907 = ORIENTED_EDGE ( 'NONE', *, *, #405, .F. ) ;
#1908 = CARTESIAN_POINT ( 'NONE',  ( -2.000000000000001300, 20.14999999999999500, -5.000000000000000000 ) ) ;
#1909 = VECTOR ( 'NONE', #1114, 1000.000000000000100 ) ;
#1910 = ORIENTED_EDGE ( 'NONE', *, *, #664, .T. ) ;
#1911 = ORIENTED_EDGE ( 'NONE', *, *, #2672, .F. ) ;
#1912 = ORIENTED_EDGE ( 'NONE', *, *, #547, .T. ) ;
#1913 = PRESENTATION_STYLE_ASSIGNMENT (( #2295 ) ) ;
#1914 = ORIENTED_EDGE ( 'NONE', *, *, #2148, .T. ) ;
#1915 = CARTESIAN_POINT ( 'NONE',  ( -8.000000000000001800, 29.00000000000000000, -13.00000000000000200 ) ) ;
#1916 = FACE_OUTER_BOUND ( 'NONE', #3014, .T. ) ;
#1917 = EDGE_CURVE ( 'NONE', #4777, #1703, #1092, .T. ) ;
#1918 = CARTESIAN_POINT ( 'NONE',  ( 0.0000000000000000000, 0.0000000000000000000, 39.00000000000000000 ) ) ;
#1919 = LINE ( 'NONE', #128, #799 ) ;
#1920 = ORIENTED_EDGE ( 'NONE', *, *, #2862, .T. ) ;
#1921 = FILL_AREA_STYLE ('',( #400 ) ) ;
#1922 = EDGE_CURVE ( 'NONE', #2084, #2884, #3967, .T. ) ;
#1923 = VERTEX_POINT ( 'NONE', #2977 ) ;
#1924 = DIRECTION ( 'NONE',  ( 0.0000000000000000000, 0.0000000000000000000, -1.000000000000000000 ) ) ;
#1925 = CYLINDRICAL_SURFACE ( 'NONE', #4244, 0.5000000000000004400 ) ;
#1926 = EDGE_CURVE ( 'NONE', #1778, #2525, #104, .T. ) ;
#1927 = FACE_OUTER_BOUND ( 'NONE', #713, .T. ) ;
#1928 = DIRECTION ( 'NONE',  ( 0.0000000000000000000, 0.0000000000000000000, 1.000000000000000000 ) ) ;
#1929 = FACE_OUTER_BOUND ( 'NONE', #2644, .T. ) ;
#1930 = AXIS2_PLACEMENT_3D ( 'NONE', #1858, #2251, #4848 ) ;
#1931 = CARTESIAN_POINT ( 'NONE',  ( -8.000000000000001800, 29.00000000000000000, -15.25000000000000200 ) ) ;
#1932 = DIRECTION ( 'NONE',  ( -0.0000000000000000000, -1.000000000000000000, -0.0000000000000000000 ) ) ;
#1933 = CARTESIAN_POINT ( 'NONE',  ( 0.0000000000000000000, 0.0000000000000000000, -3.000000000000000000 ) ) ;
#1934 = ADVANCED_FACE ( 'NONE', ( #980 ), #2252, .F. ) ;
#1935 = PRESENTATION_LAYER_ASSIGNMENT (  '', '', ( #1432 ) ) ;
#1936 = DIRECTION ( 'NONE',  ( 0.0000000000000000000, 0.0000000000000000000, -1.000000000000000000 ) ) ;
#1937 = CARTESIAN_POINT ( 'NONE',  ( -5.000000000000000900, 16.00000000000000000, -5.000000000000000900 ) ) ;
#1938 = ORIENTED_EDGE ( 'NONE', *, *, #431, .T. ) ;
#1939 = CARTESIAN_POINT ( 'NONE',  ( 27.25000000000000000, -1.500000000000001300, -3.000000000000000000 ) ) ;
#1940 = DIRECTION ( 'NONE',  ( -1.000000000000000000, 2.017120320903262500E-016, 0.0000000000000000000 ) ) ;
#1941 = DIRECTION ( 'NONE',  ( -3.154042683594195100E-016, 1.000000000000000000, 0.0000000000000000000 ) ) ;
#1942 = PLANE ( 'NONE',  #3058 ) ;
#1943 = DIRECTION ( 'NONE',  ( 0.0000000000000000000, 1.000000000000000000, 0.0000000000000000000 ) ) ;
#1944 = ORIENTED_EDGE ( 'NONE', *, *, #2534, .T. ) ;
#1945 = CARTESIAN_POINT ( 'NONE',  ( 0.0000000000000000000, 0.0000000000000000000, 39.00000000000000000 ) ) ;
#1946 = CARTESIAN_POINT ( 'NONE',  ( 0.0000000000000000000, 0.0000000000000000000, -20.00000000000000000 ) ) ;
#1947 = CARTESIAN_POINT ( 'NONE',  ( 13.00000000000000700, 12.51068519718183900, -14.53590557897279300 ) ) ;
#1948 = CARTESIAN_POINT ( 'NONE',  ( 2.000000000000000000, -19.64999999999999900, -3.000000000000000000 ) ) ;
#1949 = EDGE_CURVE ( 'NONE', #2645, #4158, #1991, .T. ) ;
#1950 = EDGE_LOOP ( 'NONE', ( #4169, #770 ) ) ;
#1951 = ORIENTED_EDGE ( 'NONE', *, *, #2505, .F. ) ;
#1952 = UNCERTAINTY_MEASURE_WITH_UNIT (LENGTH_MEASURE( 1.000000000000000100E-005 ), #2674, 'distance_accuracy_value', 'NONE');
#1953 = VERTEX_POINT ( 'NONE', #1554 ) ;
#1954 = DIRECTION ( 'NONE',  ( 0.0000000000000000000, -1.000000000000000000, 0.0000000000000000000 ) ) ;
#1955 = CARTESIAN_POINT ( 'NONE',  ( -15.00000000000000400, 5.105684756041021000, 42.50000000000000000 ) ) ;
#1956 = ADVANCED_FACE ( 'NONE', ( #1852, #2853, #867 ), #4152, .T. ) ;
#1957 = FACE_OUTER_BOUND ( 'NONE', #1720, .T. ) ;
#1958 = DIRECTION ( 'NONE',  ( 8.673617379884034200E-017, 0.0000000000000000000, 1.000000000000000000 ) ) ;
#1959 = ORIENTED_EDGE ( 'NONE', *, *, #554, .T. ) ;
#1960 = PLANE ( 'NONE',  #2428 ) ;
#1961 = PLANE ( 'NONE',  #291 ) ;
#1962 = CARTESIAN_POINT ( 'NONE',  ( 11.00000000000000500, 20.14999999999999500, -5.000000000000000900 ) ) ;
#1963 = ORIENTED_EDGE ( 'NONE', *, *, #4289, .F. ) ;
#1964 = EDGE_CURVE ( 'NONE', #2169, #4336, #4714, .T. ) ;
#1965 = CARTESIAN_POINT ( 'NONE',  ( 1.500000000000004400, -18.14999999999999900, 8.000000000000000000 ) ) ;
#1966 = CARTESIAN_POINT ( 'NONE',  ( 17.19999999999999900, -2.500000000000000000, -23.50000000000000000 ) ) ;
#1967 = DIRECTION ( 'NONE',  ( 0.0000000000000000000, 1.000000000000000000, 0.0000000000000000000 ) ) ;
#1968 = SURFACE_STYLE_FILL_AREA ( #1496 ) ;
#1969 = ADVANCED_FACE ( 'NONE', ( #733 ), #3621, .F. ) ;
#1970 = AXIS2_PLACEMENT_3D ( 'NONE', #1725, #3235, #2107 ) ;
#1971 = VERTEX_POINT ( 'NONE', #3814 ) ;
#1972 = ORIENTED_EDGE ( 'NONE', *, *, #1280, .F. ) ;
#1973 = FACE_OUTER_BOUND ( 'NONE', #1283, .T. ) ;
#1974 = DIRECTION ( 'NONE',  ( -1.700709290173340700E-016, 1.000000000000000000, 0.0000000000000000000 ) ) ;
#1975 = DIRECTION ( 'NONE',  ( -1.000000000000000000, 0.0000000000000000000, 0.0000000000000000000 ) ) ;
#1976 = STYLED_ITEM ( 'NONE', ( #1661 ), #692 ) ;
#1977 = DIRECTION ( 'NONE',  ( 0.0000000000000000000, 0.0000000000000000000, 1.000000000000000000 ) ) ;
#1978 = CARTESIAN_POINT ( 'NONE',  ( 13.00000000000000500, 12.51068519718183600, -13.00000000000000200 ) ) ;
#1979 = DIRECTION ( 'NONE',  ( -1.000000000000000000, 0.0000000000000000000, 0.0000000000000000000 ) ) ;
#1980 = AXIS2_PLACEMENT_3D ( 'NONE', #1864, #4458, #2257 ) ;
#1981 = LINE ( 'NONE', #2483, #1846 ) ;
#1982 = DIRECTION ( 'NONE',  ( 1.000000000000000000, -0.0000000000000000000, -0.0000000000000000000 ) ) ;
#1983 = CARTESIAN_POINT ( 'NONE',  ( 19.00000000000000400, -2.500000000000000000, -6.015548772996655000 ) ) ;
#1984 = CARTESIAN_POINT ( 'NONE',  ( -19.43997900946483900, 0.9999999999999997800, -20.10000000000000100 ) ) ;
#1985 = CARTESIAN_POINT ( 'NONE',  ( -8.600000000000010300, -20.14999999999999500, 0.0000000000000000000 ) ) ;
#1986 = ORIENTED_EDGE ( 'NONE', *, *, #4685, .T. ) ;
#1987 = PLANE ( 'NONE',  #786 ) ;
#1988 = CARTESIAN_POINT ( 'NONE',  ( -18.19999999999999900, -1.000000000000000000, -23.50000000000000000 ) ) ;
#1989 = CIRCLE ( 'NONE', #1638, 17.50000000000000000 ) ;
#1990 = CARTESIAN_POINT ( 'NONE',  ( 18.50000000000000400, 6.999999999999999100, -3.000000000000000000 ) ) ;
#1991 = LINE ( 'NONE', #1120, #3854 ) ;
#1992 = CARTESIAN_POINT ( 'NONE',  ( 8.600000000000012100, 20.14999999999999100, 0.0000000000000000000 ) ) ;
#1993 = VECTOR ( 'NONE', #4769, 1000.000000000000000 ) ;
#1994 = VERTEX_POINT ( 'NONE', #1948 ) ;
#1995 = CARTESIAN_POINT ( 'NONE',  ( 26.75000000000000000, -1.292893218813455400, 0.0000000000000000000 ) ) ;
#1996 = ADVANCED_FACE ( 'NONE', ( #1738 ), #1196, .T. ) ;
#1997 = FACE_OUTER_BOUND ( 'NONE', #174, .T. ) ;
#1998 = EDGE_CURVE ( 'NONE', #2222, #813, #2614, .T. ) ;
#1999 = EDGE_CURVE ( 'NONE', #542, #2035, #2745, .T. ) ;
#2000 = CARTESIAN_POINT ( 'NONE',  ( -19.00000000000000000, 2.500000000000000000, -23.50000000000000000 ) ) ;
#2001 = ORIENTED_EDGE ( 'NONE', *, *, #4128, .F. ) ;
#2002 = PLANE ( 'NONE',  #1735 ) ;
#2003 = LINE ( 'NONE', #2135, #990 ) ;
#2004 = CARTESIAN_POINT ( 'NONE',  ( 0.0000000000000000000, 0.0000000000000000000, 0.0000000000000000000 ) ) ;
#2005 = CARTESIAN_POINT ( 'NONE',  ( 0.0000000000000000000, 0.0000000000000000000, 39.00000000000000000 ) ) ;
#2006 = ORIENTED_EDGE ( 'NONE', *, *, #2196, .F. ) ;
#2007 = DIRECTION ( 'NONE',  ( 0.0000000000000000000, 1.000000000000000000, 0.0000000000000000000 ) ) ;
#2008 = CIRCLE ( 'NONE', #4516, 2.250000000000000400 ) ;
#2009 = EDGE_CURVE ( 'NONE', #1512, #742, #3733, .T. ) ;
#2010 = CIRCLE ( 'NONE', #2166, 2.250000000000000400 ) ;
#2011 = CIRCLE ( 'NONE', #493, 0.5000000000000004400 ) ;
#2012 = DIRECTION ( 'NONE',  ( 0.0000000000000000000, 0.0000000000000000000, -1.000000000000000000 ) ) ;
#2013 = VERTEX_POINT ( 'NONE', #1978 ) ;
#2014 = AXIS2_PLACEMENT_3D ( 'NONE', #4642, #1587, #2652 ) ;
#2015 = CARTESIAN_POINT ( 'NONE',  ( -18.19999999999999900, 1.000000000000000000, -15.50000000000000000 ) ) ;
#2016 = EDGE_CURVE ( 'NONE', #4387, #4764, #1637, .T. ) ;
#2017 = ORIENTED_EDGE ( 'NONE', *, *, #4377, .T. ) ;
#2018 = VECTOR ( 'NONE', #2229, 1000.000000000000000 ) ;
#2019 = EDGE_CURVE ( 'NONE', #1579, #555, #4466, .T. ) ;
#2020 = PLANE ( 'NONE',  #3551 ) ;
#2021 = AXIS2_PLACEMENT_3D ( 'NONE', #4794, #3300, #2927 ) ;
#2022 = AXIS2_PLACEMENT_3D ( 'NONE', #2880, #640, #3266 ) ;
#2023 =( NAMED_UNIT ( * ) SI_UNIT ( $, .STERADIAN. ) SOLID_ANGLE_UNIT ( ) );
#2024 = ORIENTED_EDGE ( 'NONE', *, *, #2133, .F. ) ;
#2025 = ORIENTED_EDGE ( 'NONE', *, *, #2133, .T. ) ;
#2026 =( NAMED_UNIT ( * ) PLANE_ANGLE_UNIT ( ) SI_UNIT ( $, .RADIAN. ) );
#2027 = PLANE ( 'NONE',  #1863 ) ;
#2028 = ORIENTED_EDGE ( 'NONE', *, *, #984, .T. ) ;
#2029 = CARTESIAN_POINT ( 'NONE',  ( 0.0000000000000000000, 0.0000000000000000000, 39.50000000000000000 ) ) ;
#2030 = ORIENTED_EDGE ( 'NONE', *, *, #1310, .F. ) ;
#2031 = CARTESIAN_POINT ( 'NONE',  ( 15.81138830084190000, 7.500000000000000000, -2.999999999999999100 ) ) ;
#2032 = DIRECTION ( 'NONE',  ( 0.0000000000000000000, 0.0000000000000000000, 1.000000000000000000 ) ) ;
#2033 = LINE ( 'NONE', #4200, #4004 ) ;
#2034 = EDGE_CURVE ( 'NONE', #3008, #1265, #3518, .T. ) ;
#2035 = VERTEX_POINT ( 'NONE', #4217 ) ;
#2036 = CARTESIAN_POINT ( 'NONE',  ( -19.00000000000000000, 2.500000000000000000, -23.50000000000000000 ) ) ;
#2037 = ORIENTED_EDGE ( 'NONE', *, *, #866, .T. ) ;
#2038 = CYLINDRICAL_SURFACE ( 'NONE', #3293, 13.69999999999999900 ) ;
#2039 = CARTESIAN_POINT ( 'NONE',  ( -20.30000000000000400, 2.500000000000000000, -6.735701647581717700 ) ) ;
#2040 = ADVANCED_FACE ( 'NONE', ( #2406 ), #2002, .F. ) ;
#2041 = EDGE_CURVE ( 'NONE', #1778, #1442, #374, .T. ) ;
#2042 = ORIENTED_EDGE ( 'NONE', *, *, #62, .T. ) ;
#2043 = LINE ( 'NONE', #4610, #1898 ) ;
#2044 = PRESENTATION_LAYER_ASSIGNMENT (  '', '', ( #1776 ) ) ;
#2045 = FACE_BOUND ( 'NONE', #4372, .T. ) ;
#2046 = DIRECTION ( 'NONE',  ( -0.0000000000000000000, -0.0000000000000000000, -1.000000000000000000 ) ) ;
#2047 = CARTESIAN_POINT ( 'NONE',  ( 0.0000000000000000000, 0.0000000000000000000, -3.000000000000000000 ) ) ;
#2048 = AXIS2_PLACEMENT_3D ( 'NONE', #1965, #4564, #2359 ) ;
#2049 = CARTESIAN_POINT ( 'NONE',  ( 19.43997900946483900, -1.000000000000000000, -20.10000000000000100 ) ) ;
#2050 = PRESENTATION_STYLE_ASSIGNMENT (( #412 ) ) ;
#2051 = PLANE ( 'NONE',  #3320 ) ;
#2052 = ORIENTED_EDGE ( 'NONE', *, *, #4736, .T. ) ;
#2053 = CARTESIAN_POINT ( 'NONE',  ( 14.49999999999999800, 0.0000000000000000000, -20.00000000000000000 ) ) ;
#2054 = FACE_OUTER_BOUND ( 'NONE', #2619, .T. ) ;
#2055 = ORIENTED_EDGE ( 'NONE', *, *, #2963, .T. ) ;
#2056 = ORIENTED_EDGE ( 'NONE', *, *, #2249, .F. ) ;
#2057 = SURFACE_SIDE_STYLE ('',( #1706 ) ) ;
#2058 = CLOSED_SHELL ( 'NONE', ( #2187, #719, #1601, #4669, #556, #3848, #2584, #3802, #1689, #355, #4544, #692, #3726, #4052, #4600, #2968, #2939, #1296, #4789, #2910, #4808, #2726, #1427, #2750, #1956, #2699, #94, #2347, #2246, #3925, #3356, #2569, #2375, #3818, #2416, #2387, #4292, #1173, #3328, #1969, #1622, #1063, #2434, #4088, #1798, #3431, #4568, #164, #1834, #2545, #793, #2337, #902, #870, #2821, #4460, #1825, #458, #121, #3566, #3067, #1225, #2797, #1468, #1595, #2040, #2218, #2694, #2718, #4439, #3711, #4168, #3702, #825, #1996, #2071, #1568, #4818, #4064, #1455, #3103, #1259, #2955, #4573, #2735, #3194, #4844, #2206, #4175, #479, #3303, #4643, #421, #86, #539, #708, #4382, #2668, #1190, #1237, #1485, #58, #3176, #669, #3460, #1407, #3467, #3131, #191, #1856, #4407, #1201, #4202, #4271, #1098, #3678, #850, #924, #2598, #295, #1934, #3093, #3544, #335, #1039, #4146, #817, #4247, #4220, #1319, #2992, #321, #3823, #3493, #1668, #3339, #4034, #2310, #449, #3897, #3866, #951 ) ) ;
#2059 = FACE_OUTER_BOUND ( 'NONE', #3931, .T. ) ;
#2060 = ORIENTED_EDGE ( 'NONE', *, *, #3348, .F. ) ;
#2061 = VECTOR ( 'NONE', #4427, 1000.000000000000000 ) ;
#2062 = DIRECTION ( 'NONE',  ( 1.734723475976806800E-016, 0.0000000000000000000, 1.000000000000000000 ) ) ;
#2063 = LINE ( 'NONE', #3062, #3797 ) ;
#2064 = ORIENTED_EDGE ( 'NONE', *, *, #4383, .T. ) ;
#2065 = CARTESIAN_POINT ( 'NONE',  ( -2.000000000000001300, 20.14999999999999500, -5.000000000000000000 ) ) ;
#2066 = ORIENTED_EDGE ( 'NONE', *, *, #3141, .T. ) ;
#2067 = VECTOR ( 'NONE', #1080, 1000.000000000000000 ) ;
#2068 = EDGE_CURVE ( 'NONE', #4141, #1298, #1500, .T. ) ;
#2069 =( NAMED_UNIT ( * ) PLANE_ANGLE_UNIT ( ) SI_UNIT ( $, .RADIAN. ) );
#2070 = ORIENTED_EDGE ( 'NONE', *, *, #3247, .T. ) ;
#2071 = ADVANCED_FACE ( 'NONE', ( #1382 ), #4232, .F. ) ;
#2072 = VECTOR ( 'NONE', #4766, 1000.000000000000000 ) ;
#2073 = EDGE_LOOP ( 'NONE', ( #2024, #339, #385, #4539 ) ) ;
#2074 = DIRECTION ( 'NONE',  ( -1.000000000000000000, 2.017120320903262500E-016, 0.0000000000000000000 ) ) ;
#2075 = EDGE_CURVE ( 'NONE', #455, #4328, #267, .T. ) ;
#2076 = CARTESIAN_POINT ( 'NONE',  ( -17.50000000000000000, 2.500000000000000000, -20.00000000000000000 ) ) ;
#2077 = ORIENTED_EDGE ( 'NONE', *, *, #1419, .F. ) ;
#2078 = DIRECTION ( 'NONE',  ( 0.0000000000000000000, 0.0000000000000000000, 1.000000000000000000 ) ) ;
#2079 = AXIS2_PLACEMENT_3D ( 'NONE', #1488, #4101, #1872 ) ;
#2080 = CARTESIAN_POINT ( 'NONE',  ( -4.999999999999997300, 8.149999999999991500, -13.00000000000000200 ) ) ;
#2081 = CARTESIAN_POINT ( 'NONE',  ( 8.392893218813462400, -19.64999999999999900, -3.000000000000000000 ) ) ;
#2082 = DIRECTION ( 'NONE',  ( -1.000000000000000000, 0.0000000000000000000, 0.0000000000000000000 ) ) ;
#2083 = MECHANICAL_DESIGN_GEOMETRIC_PRESENTATION_REPRESENTATION (  '', ( #1555 ), #2324 ) ;
#2084 = VERTEX_POINT ( 'NONE', #513 ) ;
#2085 = PLANE ( 'NONE',  #2842 ) ;
#2086 = ORIENTED_EDGE ( 'NONE', *, *, #3688, .F. ) ;
#2087 = ORIENTED_EDGE ( 'NONE', *, *, #2682, .F. ) ;
#2088 = ORIENTED_EDGE ( 'NONE', *, *, #2475, .T. ) ;
#2089 = DIRECTION ( 'NONE',  ( -1.000000000000000000, 2.428612866367534700E-015, 0.0000000000000000000 ) ) ;
#2090 = CARTESIAN_POINT ( 'NONE',  ( 17.50000000000000000, 2.500000000000000000, -20.00000000000000000 ) ) ;
#2091 = ORIENTED_EDGE ( 'NONE', *, *, #1793, .T. ) ;
#2092 = DIRECTION ( 'NONE',  ( 0.0000000000000000000, -0.0000000000000000000, 1.000000000000000000 ) ) ;
#2093 = VECTOR ( 'NONE', #1827, 1000.000000000000000 ) ;
#2094 = VERTEX_POINT ( 'NONE', #2768 ) ;
#2095 = ORIENTED_EDGE ( 'NONE', *, *, #4123, .F. ) ;
#2096 = EDGE_CURVE ( 'NONE', #1703, #1512, #3166, .T. ) ;
#2097 = PLANE ( 'NONE',  #3643 ) ;
#2098 = VERTEX_POINT ( 'NONE', #3529 ) ;
#2099 = FACE_OUTER_BOUND ( 'NONE', #4293, .T. ) ;
#2100 = DIRECTION ( 'NONE',  ( -1.734723475976807100E-016, -3.026498151761013000E-016, -1.000000000000000000 ) ) ;
#2101 = EDGE_CURVE ( 'NONE', #1683, #1785, #1281, .T. ) ;
#2102 = VECTOR ( 'NONE', #4315, 999.9999999999998900 ) ;
#2103 = EDGE_CURVE ( 'NONE', #1411, #555, #1147, .T. ) ;
#2104 = AXIS2_PLACEMENT_3D ( 'NONE', #1309, #3929, #1685 ) ;
#2105 = EDGE_LOOP ( 'NONE', ( #1383, #1805, #3525, #4329 ) ) ;
#2106 = CARTESIAN_POINT ( 'NONE',  ( 0.0000000000000000000, 0.0000000000000000000, -5.000000000000000000 ) ) ;
#2107 = DIRECTION ( 'NONE',  ( 1.000000000000000000, 0.0000000000000000000, 0.0000000000000000000 ) ) ;
#2108 = CIRCLE ( 'NONE', #613, 14.49999999999999800 ) ;
#2109 = CARTESIAN_POINT ( 'NONE',  ( 19.43997900946483900, 2.500000000000000000, -20.10000000000000100 ) ) ;
#2110 = VECTOR ( 'NONE', #57, 1000.000000000000000 ) ;
#2111 = VERTEX_POINT ( 'NONE', #2031 ) ;
#2112 = VECTOR ( 'NONE', #2204, 1000.000000000000000 ) ;
#2113 = AXIS2_PLACEMENT_3D ( 'NONE', #2855, #3612, #1364 ) ;
#2114 = ORIENTED_EDGE ( 'NONE', *, *, #4682, .F. ) ;
#2115 = LINE ( 'NONE', #3863, #1345 ) ;
#2116 = DIRECTION ( 'NONE',  ( 1.000000000000000000, 0.0000000000000000000, -0.0000000000000000000 ) ) ;
#2117 = LINE ( 'NONE', #1588, #1100 ) ;
#2118 = PRODUCT_DEFINITION ( 'UNKNOWN', '', #2379, #3892 ) ;
#2119 = ORIENTED_EDGE ( 'NONE', *, *, #3342, .F. ) ;
#2120 = CIRCLE ( 'NONE', #2431, 1.600000000000000800 ) ;
#2121 = DIRECTION ( 'NONE',  ( -0.0000000000000000000, -0.0000000000000000000, -1.000000000000000000 ) ) ;
#2122 = ORIENTED_EDGE ( 'NONE', *, *, #2448, .F. ) ;
#2123 = LINE ( 'NONE', #654, #1105 ) ;
#2124 = FACE_OUTER_BOUND ( 'NONE', #1126, .T. ) ;
#2125 = CARTESIAN_POINT ( 'NONE',  ( -17.19999999999999900, -2.500000000000000000, -23.50000000000000000 ) ) ;
#2126 = DIRECTION ( 'NONE',  ( 1.000000000000000000, 0.0000000000000000000, 0.0000000000000000000 ) ) ;
#2127 = EDGE_CURVE ( 'NONE', #4158, #1434, #4021, .T. ) ;
#2128 = ORIENTED_EDGE ( 'NONE', *, *, #3882, .T. ) ;
#2129 = LINE ( 'NONE', #3738, #2372 ) ;
#2130 = DIRECTION ( 'NONE',  ( 0.1283355114047462800, -0.0000000000000000000, -0.9917308084921444600 ) ) ;
#2131 = DIRECTION ( 'NONE',  ( -0.0000000000000000000, 0.0000000000000000000, -1.000000000000000000 ) ) ;
#2132 = VECTOR ( 'NONE', #3677, 1000.000000000000000 ) ;
#2133 = EDGE_CURVE ( 'NONE', #1459, #2863, #3023, .T. ) ;
#2134 = CARTESIAN_POINT ( 'NONE',  ( -9.250000000000003600, -5.494315243958978600, 39.50010000000000300 ) ) ;
#2135 = CARTESIAN_POINT ( 'NONE',  ( 2.500000000000000400, -20.14999999999999900, -3.000000000000000000 ) ) ;
#2136 = DIRECTION ( 'NONE',  ( 0.0000000000000000000, 0.0000000000000000000, -1.000000000000000000 ) ) ;
#2137 = EDGE_LOOP ( 'NONE', ( #1910, #2195, #2356, #909 ) ) ;
#2138 = CARTESIAN_POINT ( 'NONE',  ( -9.250000000000003600, -5.494315243958978600, 39.50010000000000300 ) ) ;
#2139 = ORIENTED_EDGE ( 'NONE', *, *, #1363, .T. ) ;
#2140 = APPLICATION_PROTOCOL_DEFINITION ( 'draft international standard', 'automotive_design', 1998, #2518 ) ;
#2141 = DIRECTION ( 'NONE',  ( -0.0000000000000000000, -0.0000000000000000000, 1.000000000000000000 ) ) ;
#2142 = VERTEX_POINT ( 'NONE', #3164 ) ;
#2143 = CARTESIAN_POINT ( 'NONE',  ( -18.49999999999999600, -7.500000000000000000, -5.000000000000000000 ) ) ;
#2144 = CARTESIAN_POINT ( 'NONE',  ( -18.50000000000000400, 6.999999999999999100, -5.000000000000000000 ) ) ;
#2145 = CARTESIAN_POINT ( 'NONE',  ( 8.000000000000001800, 29.00000000000000000, -15.25000000000000200 ) ) ;
#2146 = UNCERTAINTY_MEASURE_WITH_UNIT (LENGTH_MEASURE( 1.000000000000000100E-005 ), #4408, 'distance_accuracy_value', 'NONE');
#2147 = ORIENTED_EDGE ( 'NONE', *, *, #4836, .T. ) ;
#2148 = EDGE_CURVE ( 'NONE', #3283, #542, #3912, .T. ) ;
#2149 = CARTESIAN_POINT ( 'NONE',  ( -27.10355339059327000, -1.646446609406736300, -3.000000000000000000 ) ) ;
#2150 = DIRECTION ( 'NONE',  ( 1.000000000000000000, 0.0000000000000000000, -0.0000000000000000000 ) ) ;
#2151 = DIRECTION ( 'NONE',  ( 0.0000000000000000000, 0.0000000000000000000, 1.000000000000000000 ) ) ;
#2152 = ORIENTED_EDGE ( 'NONE', *, *, #2490, .T. ) ;
#2153 = LINE ( 'NONE', #3107, #4112 ) ;
#2154 = LINE ( 'NONE', #1561, #3909 ) ;
#2155 = EDGE_CURVE ( 'NONE', #742, #1474, #24, .T. ) ;
#2156 = APPLICATION_CONTEXT ( 'automotive_design' ) ;
#2157 = DIRECTION ( 'NONE',  ( 0.9986740976945128700, 1.082764626325390700E-016, 0.05147860326437251500 ) ) ;
#2158 = DIRECTION ( 'NONE',  ( 0.0000000000000000000, 1.000000000000000000, 0.0000000000000000000 ) ) ;
#2159 = VERTEX_POINT ( 'NONE', #2049 ) ;
#2160 = CARTESIAN_POINT ( 'NONE',  ( -15.18279718243103600, 8.702451937078668800, -3.000000000000000000 ) ) ;
#2161 = STYLED_ITEM ( 'NONE', ( #3615 ), #2347 ) ;
#2162 = SURFACE_STYLE_FILL_AREA ( #253 ) ;
#2163 = VECTOR ( 'NONE', #1656, 1000.000000000000000 ) ;
#2164 = DIRECTION ( 'NONE',  ( 0.0000000000000000000, 1.000000000000000000, 0.0000000000000000000 ) ) ;
#2165 = ORIENTED_EDGE ( 'NONE', *, *, #2781, .F. ) ;
#2166 = AXIS2_PLACEMENT_3D ( 'NONE', #3475, #1228, #3840 ) ;
#2167 = LINE ( 'NONE', #3315, #3276 ) ;
#2168 = VERTEX_POINT ( 'NONE', #1165 ) ;
#2169 = VERTEX_POINT ( 'NONE', #4140 ) ;
#2170 = AXIS2_PLACEMENT_3D ( 'NONE', #3087, #2368, #99 ) ;
#2171 = LINE ( 'NONE', #1476, #173 ) ;
#2172 = VERTEX_POINT ( 'NONE', #3783 ) ;
#2173 = CARTESIAN_POINT ( 'NONE',  ( -4.999999999999997300, 20.14999999999999500, -13.00000000000000200 ) ) ;
#2174 = FACE_OUTER_BOUND ( 'NONE', #2818, .T. ) ;
#2175 = AXIS2_PLACEMENT_3D ( 'NONE', #1033, #3659, #1406 ) ;
#2176 = CARTESIAN_POINT ( 'NONE',  ( -17.50000000000000000, 2.500000000000000000, -20.00000000000000000 ) ) ;
#2177 = FILL_AREA_STYLE_COLOUR ( '', #137 ) ;
#2178 = VECTOR ( 'NONE', #3834, 1000.000000000000000 ) ;
#2179 = EDGE_LOOP ( 'NONE', ( #2139, #1741, #1156, #3030 ) ) ;
#2180 = CARTESIAN_POINT ( 'NONE',  ( 19.00000000000000000, 1.000000000000000000, -23.50000000000000000 ) ) ;
#2181 = UNCERTAINTY_MEASURE_WITH_UNIT (LENGTH_MEASURE( 1.000000000000000100E-005 ), #2938, 'distance_accuracy_value', 'NONE');
#2182 = EDGE_LOOP ( 'NONE', ( #2759, #13, #1612, #4519, #2147 ) ) ;
#2183 = DIRECTION ( 'NONE',  ( -0.0000000000000000000, 0.0000000000000000000, -1.000000000000000000 ) ) ;
#2184 = LINE ( 'NONE', #1781, #2072 ) ;
#2185 = ORIENTED_EDGE ( 'NONE', *, *, #3055, .T. ) ;
#2186 = LINE ( 'NONE', #4013, #241 ) ;
#2187 = ADVANCED_FACE ( 'NONE', ( #3784 ), #3434, .F. ) ;
#2188 = DIRECTION ( 'NONE',  ( 1.000000000000000000, 0.0000000000000000000, 0.0000000000000000000 ) ) ;
#2189 = COLOUR_RGB ( '',1.000000000000000000, 1.000000000000000000, 0.5019607843137254800 ) ;
#2190 = ORIENTED_EDGE ( 'NONE', *, *, #4649, .T. ) ;
#2191 = EDGE_CURVE ( 'NONE', #3008, #4130, #4410, .T. ) ;
#2192 = DIRECTION ( 'NONE',  ( 0.0000000000000000000, 0.0000000000000000000, -1.000000000000000000 ) ) ;
#2193 = EDGE_CURVE ( 'NONE', #678, #4059, #2567, .T. ) ;
#2194 = DIRECTION ( 'NONE',  ( 0.7071067811865473500, -0.7071067811865477900, 0.0000000000000000000 ) ) ;
#2195 = ORIENTED_EDGE ( 'NONE', *, *, #4470, .T. ) ;
#2196 = EDGE_CURVE ( 'NONE', #3296, #3920, #572, .T. ) ;
#2197 = PRESENTATION_LAYER_ASSIGNMENT (  '', '', ( #1691 ) ) ;
#2198 = VERTEX_POINT ( 'NONE', #2691 ) ;
#2199 = EDGE_LOOP ( 'NONE', ( #2087, #2628, #3873, #2323 ) ) ;
#2200 =( NAMED_UNIT ( * ) PLANE_ANGLE_UNIT ( ) SI_UNIT ( $, .RADIAN. ) );
#2201 = MECHANICAL_DESIGN_GEOMETRIC_PRESENTATION_REPRESENTATION (  '', ( #1432 ), #2459 ) ;
#2202 = LINE ( 'NONE', #4693, #3073 ) ;
#2203 = CARTESIAN_POINT ( 'NONE',  ( -26.75000000000000400, -1.292893218813460500, -3.000000000000000000 ) ) ;
#2204 = DIRECTION ( 'NONE',  ( -0.0000000000000000000, -1.000000000000000000, 0.0000000000000000000 ) ) ;
#2205 = VERTEX_POINT ( 'NONE', #3449 ) ;
#2206 = ADVANCED_FACE ( 'NONE', ( #1334 ), #1580, .F. ) ;
#2207 = ORIENTED_EDGE ( 'NONE', *, *, #489, .F. ) ;
#2208 = VECTOR ( 'NONE', #1452, 1000.000000000000000 ) ;
#2209 = ORIENTED_EDGE ( 'NONE', *, *, #4797, .F. ) ;
#2210 = CARTESIAN_POINT ( 'NONE',  ( -19.00000000000000000, 1.000000000000000000, -23.50000000000000000 ) ) ;
#2211 = ORIENTED_EDGE ( 'NONE', *, *, #1457, .T. ) ;
#2212 = ORIENTED_EDGE ( 'NONE', *, *, #2871, .T. ) ;
#2213 = VECTOR ( 'NONE', #961, 1000.000000000000000 ) ;
#2214 = CARTESIAN_POINT ( 'NONE',  ( -2.499999999999998700, -19.64999999999999500, -3.000000000000000000 ) ) ;
#2215 = EDGE_CURVE ( 'NONE', #4575, #1290, #2460, .T. ) ;
#2216 = CARTESIAN_POINT ( 'NONE',  ( -8.000000000000001800, 29.00000000000000000, -14.25000000000000000 ) ) ;
#2217 = CYLINDRICAL_SURFACE ( 'NONE', #3582, 1.600000000000000800 ) ;
#2218 = ADVANCED_FACE ( 'NONE', ( #4179 ), #1203, .F. ) ;
#2219 = PRESENTATION_STYLE_ASSIGNMENT (( #3491 ) ) ;
#2220 = CARTESIAN_POINT ( 'NONE',  ( -8.392893218813464200, -20.14999999999999500, 0.0000000000000000000 ) ) ;
#2221 = CARTESIAN_POINT ( 'NONE',  ( 18.30000000000000400, 2.500000000000000000, -9.000000000000001800 ) ) ;
#2222 = VERTEX_POINT ( 'NONE', #460 ) ;
#2223 = DIRECTION ( 'NONE',  ( 0.0000000000000000000, 0.0000000000000000000, 1.000000000000000000 ) ) ;
#2224 = EDGE_CURVE ( 'NONE', #1459, #358, #327, .T. ) ;
#2225 = VECTOR ( 'NONE', #1565, 1000.000000000000000 ) ;
#2226 = ORIENTED_EDGE ( 'NONE', *, *, #1690, .F. ) ;
#2227 =( LENGTH_UNIT ( ) NAMED_UNIT ( * ) SI_UNIT ( .MILLI., .METRE. ) );
#2228 = VECTOR ( 'NONE', #843, 1000.000000000000000 ) ;
#2229 = DIRECTION ( 'NONE',  ( 1.000000000000000000, -1.084202172485503400E-016, 0.0000000000000000000 ) ) ;
#2230 = CIRCLE ( 'NONE', #242, 2.999999999999999100 ) ;
#2231 = AXIS2_PLACEMENT_3D ( 'NONE', #3690, #1437, #4051 ) ;
#2232 = LINE ( 'NONE', #896, #224 ) ;
#2233 = ORIENTED_EDGE ( 'NONE', *, *, #637, .T. ) ;
#2234 = FACE_OUTER_BOUND ( 'NONE', #2950, .T. ) ;
#2235 = AXIS2_PLACEMENT_3D ( 'NONE', #3332, #2592, #2582 ) ;
#2236 = VECTOR ( 'NONE', #3249, 1000.000000000000000 ) ;
#2237 = LINE ( 'NONE', #4740, #3123 ) ;
#2238 = CARTESIAN_POINT ( 'NONE',  ( -2.999999999999997800, 16.00000000000000000, -13.00000000000000200 ) ) ;
#2239 = DIRECTION ( 'NONE',  ( 1.000000000000000000, -2.168404344971006900E-016, 0.0000000000000000000 ) ) ;
#2240 = ORIENTED_EDGE ( 'NONE', *, *, #3202, .F. ) ;
#2241 = CARTESIAN_POINT ( 'NONE',  ( 18.30000000000000400, -2.500000000000000000, -8.500000000000000000 ) ) ;
#2242 = ORIENTED_EDGE ( 'NONE', *, *, #3515, .T. ) ;
#2243 = LINE ( 'NONE', #709, #3129 ) ;
#2244 = CIRCLE ( 'NONE', #1842, 1.249999999999999300 ) ;
#2245 = CARTESIAN_POINT ( 'NONE',  ( -14.49999999999999800, 1.775737858763662000E-015, -23.50000000000000000 ) ) ;
#2246 = ADVANCED_FACE ( 'NONE', ( #435 ), #4576, .T. ) ;
#2247 = EDGE_CURVE ( 'NONE', #2574, #1290, #2848, .T. ) ;
#2248 = DIRECTION ( 'NONE',  ( 0.0000000000000000000, 1.000000000000000000, 0.0000000000000000000 ) ) ;
#2249 = EDGE_CURVE ( 'NONE', #1789, #694, #1849, .T. ) ;
#2250 = PLANE ( 'NONE',  #4751 ) ;
#2251 = DIRECTION ( 'NONE',  ( -1.000000000000000000, 0.0000000000000000000, 1.734723475976806800E-016 ) ) ;
#2252 = PLANE ( 'NONE',  #1322 ) ;
#2253 = AXIS2_PLACEMENT_3D ( 'NONE', #3874, #4614, #2398 ) ;
#2254 = EDGE_CURVE ( 'NONE', #3041, #3149, #3849, .T. ) ;
#2255 = CARTESIAN_POINT ( 'NONE',  ( -18.19999999999999900, 1.000000000000000000, -23.50000000000000000 ) ) ;
#2256 = VERTEX_POINT ( 'NONE', #501 ) ;
#2257 = DIRECTION ( 'NONE',  ( -1.000000000000000000, 0.0000000000000000000, 0.0000000000000000000 ) ) ;
#2258 = DIRECTION ( 'NONE',  ( 0.0000000000000000000, 0.0000000000000000000, 1.000000000000000000 ) ) ;
#2259 = EDGE_CURVE ( 'NONE', #1611, #4727, #4708, .T. ) ;
#2260 = ORIENTED_EDGE ( 'NONE', *, *, #989, .T. ) ;
#2261 = DIRECTION ( 'NONE',  ( -1.734723475976806800E-016, 3.026498151761018400E-016, 1.000000000000000000 ) ) ;
#2262 = ORIENTED_EDGE ( 'NONE', *, *, #3231, .F. ) ;
#2263 = STYLED_ITEM ( 'NONE', ( #2530 ), #3866 ) ;
#2264 = DIRECTION ( 'NONE',  ( 0.0000000000000000000, 0.0000000000000000000, -1.000000000000000000 ) ) ;
#2265 = AXIS2_PLACEMENT_3D ( 'NONE', #4331, #619, #3250 ) ;
#2266 = CARTESIAN_POINT ( 'NONE',  ( -10.88002237727852700, 15.97809261615542200, -17.08828844826648900 ) ) ;
#2267 =( NAMED_UNIT ( * ) PLANE_ANGLE_UNIT ( ) SI_UNIT ( $, .RADIAN. ) );
#2268 = ORIENTED_EDGE ( 'NONE', *, *, #2942, .F. ) ;
#2269 = LINE ( 'NONE', #3459, #1377 ) ;
#2270 = DIRECTION ( 'NONE',  ( 0.0000000000000000000, -0.0000000000000000000, 1.000000000000000000 ) ) ;
#2271 = CARTESIAN_POINT ( 'NONE',  ( -12.99999999999999800, 20.14999999999999500, -5.000000000000000000 ) ) ;
#2272 = DIRECTION ( 'NONE',  ( -0.0000000000000000000, -1.000000000000000000, -0.0000000000000000000 ) ) ;
#2273 = ORIENTED_EDGE ( 'NONE', *, *, #3943, .F. ) ;
#2274 = VECTOR ( 'NONE', #910, 1000.000000000000000 ) ;
#2275 = EDGE_CURVE ( 'NONE', #2168, #957, #4823, .T. ) ;
#2276 = ORIENTED_EDGE ( 'NONE', *, *, #2477, .F. ) ;
#2277 = LINE ( 'NONE', #3681, #2516 ) ;
#2278 = ORIENTED_EDGE ( 'NONE', *, *, #1335, .F. ) ;
#2279 = CARTESIAN_POINT ( 'NONE',  ( -19.00000000000000400, 6.999999999999999100, -3.000000000000000000 ) ) ;
#2280 = ORIENTED_EDGE ( 'NONE', *, *, #3512, .T. ) ;
#2281 = DIRECTION ( 'NONE',  ( -8.673617379884034200E-017, -0.0000000000000000000, -1.000000000000000000 ) ) ;
#2282 = ORIENTED_EDGE ( 'NONE', *, *, #3202, .T. ) ;
#2283 = EDGE_CURVE ( 'NONE', #2172, #4239, #4601, .T. ) ;
#2284 = MECHANICAL_DESIGN_GEOMETRIC_PRESENTATION_REPRESENTATION (  '', ( #1776 ), #2539 ) ;
#2285 = DIRECTION ( 'NONE',  ( -0.9764763586267584100, 0.0000000000000000000, -0.2156244908238079700 ) ) ;
#2286 = VERTEX_POINT ( 'NONE', #3155 ) ;
#2287 = VECTOR ( 'NONE', #855, 1000.000000000000000 ) ;
#2288 = VERTEX_POINT ( 'NONE', #1885 ) ;
#2289 = AXIS2_PLACEMENT_3D ( 'NONE', #2395, #139, #2757 ) ;
#2290 = VECTOR ( 'NONE', #2513, 1000.000000000000000 ) ;
#2291 = VERTEX_POINT ( 'NONE', #17 ) ;
#2292 = LINE ( 'NONE', #656, #2426 ) ;
#2293 = DIRECTION ( 'NONE',  ( -1.000000000000000000, 0.0000000000000000000, 0.0000000000000000000 ) ) ;
#2294 = DIRECTION ( 'NONE',  ( 0.0000000000000000000, 0.0000000000000000000, -1.000000000000000000 ) ) ;
#2295 = SURFACE_STYLE_USAGE ( .BOTH. , #4503 ) ;
#2296 = DIRECTION ( 'NONE',  ( -0.0000000000000000000, -0.0000000000000000000, 1.000000000000000000 ) ) ;
#2297 = LINE ( 'NONE', #2948, #290 ) ;
#2298 = VERTEX_POINT ( 'NONE', #2639 ) ;
#2299 = PLANE ( 'NONE',  #946 ) ;
#2300 =( NAMED_UNIT ( * ) SI_UNIT ( $, .STERADIAN. ) SOLID_ANGLE_UNIT ( ) );
#2301 = CARTESIAN_POINT ( 'NONE',  ( -18.30000000000000400, 2.500000000000000000, -9.000000000000001800 ) ) ;
#2302 = EDGE_CURVE ( 'NONE', #4328, #3230, #616, .T. ) ;
#2303 = FILL_AREA_STYLE_COLOUR ( '', #1905 ) ;
#2304 = VERTEX_POINT ( 'NONE', #384 ) ;
#2305 = SURFACE_SIDE_STYLE ('',( #2737 ) ) ;
#2306 = SURFACE_STYLE_USAGE ( .BOTH. , #4521 ) ;
#2307 = EDGE_CURVE ( 'NONE', #4158, #2527, #3511, .T. ) ;
#2308 = CARTESIAN_POINT ( 'NONE',  ( 18.30000000000000400, -2.500000000000000000, -5.000000000000000900 ) ) ;
#2309 = FILL_AREA_STYLE_COLOUR ( '', #584 ) ;
#2310 = ADVANCED_FACE ( 'NONE', ( #1632 ), #510, .T. ) ;
#2311 = VERTEX_POINT ( 'NONE', #2656 ) ;
#2312 = DIRECTION ( 'NONE',  ( 0.0000000000000000000, 1.000000000000000000, 0.0000000000000000000 ) ) ;
#2313 = AXIS2_PLACEMENT_3D ( 'NONE', #70, #2701, #443 ) ;
#2314 = DIRECTION ( 'NONE',  ( -0.0000000000000000000, -0.0000000000000000000, -1.000000000000000000 ) ) ;
#2315 = DIRECTION ( 'NONE',  ( 0.0000000000000000000, 0.0000000000000000000, -1.000000000000000000 ) ) ;
#2316 = LINE ( 'NONE', #2816, #1321 ) ;
#2317 = ORIENTED_EDGE ( 'NONE', *, *, #3961, .T. ) ;
#2318 = CARTESIAN_POINT ( 'NONE',  ( 18.80000000000000400, 2.500000000000000000, -8.500000000000000000 ) ) ;
#2319 = DIRECTION ( 'NONE',  ( 1.239088197126291100E-016, 1.000000000000000000, -0.0000000000000000000 ) ) ;
#2320 = DIRECTION ( 'NONE',  ( -1.000000000000000000, 0.0000000000000000000, 0.0000000000000000000 ) ) ;
#2321 = ORIENTED_EDGE ( 'NONE', *, *, #3141, .F. ) ;
#2322 = VECTOR ( 'NONE', #3620, 1000.000000000000000 ) ;
#2323 = ORIENTED_EDGE ( 'NONE', *, *, #4085, .F. ) ;
#2324 =( GEOMETRIC_REPRESENTATION_CONTEXT ( 3 ) GLOBAL_UNCERTAINTY_ASSIGNED_CONTEXT ( ( #2777 ) ) GLOBAL_UNIT_ASSIGNED_CONTEXT ( ( #51, #2675, #416 ) ) REPRESENTATION_CONTEXT ( 'NONE', 'WORKASPACE' ) );
#2325 = PLANE ( 'NONE',  #77 ) ;
#2326 = VERTEX_POINT ( 'NONE', #26 ) ;
#2327 = ORIENTED_EDGE ( 'NONE', *, *, #2963, .F. ) ;
#2328 = LINE ( 'NONE', #4671, #1330 ) ;
#2329 = AXIS2_PLACEMENT_3D ( 'NONE', #3799, #3066, #812 ) ;
#2330 = CARTESIAN_POINT ( 'NONE',  ( -8.600000000000003200, 20.14999999999999500, -3.000000000000000000 ) ) ;
#2331 = PLANE ( 'NONE',  #3321 ) ;
#2332 = CARTESIAN_POINT ( 'NONE',  ( 8.600000000000005000, -20.14999999999999900, -0.0000000000000000000 ) ) ;
#2333 = CARTESIAN_POINT ( 'NONE',  ( 2.000000000000000000, -19.64999999999999900, 0.0000000000000000000 ) ) ;
#2334 = CARTESIAN_POINT ( 'NONE',  ( -8.600000000000003200, 20.14999999999999500, -3.000000000000000000 ) ) ;
#2335 = FACE_OUTER_BOUND ( 'NONE', #200, .T. ) ;
#2336 = DIRECTION ( 'NONE',  ( -0.0000000000000000000, -0.0000000000000000000, -1.000000000000000000 ) ) ;
#2337 = ADVANCED_FACE ( 'NONE', ( #1494 ), #399, .T. ) ;
#2338 = SURFACE_STYLE_FILL_AREA ( #3120 ) ;
#2339 = DIRECTION ( 'NONE',  ( 1.000000000000000000, 0.0000000000000000000, -0.0000000000000000000 ) ) ;
#2340 = DIRECTION ( 'NONE',  ( -1.000000000000000000, 0.0000000000000000000, 0.0000000000000000000 ) ) ;
#2341 = ORIENTED_EDGE ( 'NONE', *, *, #3694, .T. ) ;
#2342 = CARTESIAN_POINT ( 'NONE',  ( 13.00000000000000500, 12.51068519718183600, -13.00000000000000200 ) ) ;
#2343 = DIRECTION ( 'NONE',  ( 0.0000000000000000000, -1.000000000000000000, -0.0000000000000000000 ) ) ;
#2344 = ORIENTED_EDGE ( 'NONE', *, *, #3632, .F. ) ;
#2345 = CARTESIAN_POINT ( 'NONE',  ( 18.19999999999999900, 1.000000000000000000, -15.50000000000000000 ) ) ;
#2346 = ORIENTED_EDGE ( 'NONE', *, *, #1828, .F. ) ;
#2347 = ADVANCED_FACE ( 'NONE', ( #4344 ), #3020, .T. ) ;
#2348 = VECTOR ( 'NONE', #2679, 1000.000000000000000 ) ;
#2349 = ORIENTED_EDGE ( 'NONE', *, *, #1619, .F. ) ;
#2350 = DIRECTION ( 'NONE',  ( 1.000000000000000000, -1.734723475976806800E-016, 0.0000000000000000000 ) ) ;
#2351 = VECTOR ( 'NONE', #1540, 1000.000000000000000 ) ;
#2352 = EDGE_CURVE ( 'NONE', #694, #4609, #4019, .T. ) ;
#2353 = DIRECTION ( 'NONE',  ( 0.0000000000000000000, 0.0000000000000000000, -1.000000000000000000 ) ) ;
#2354 = DIRECTION ( 'NONE',  ( 1.000000000000000000, 0.0000000000000000000, -8.673617379884034200E-017 ) ) ;
#2355 = DIRECTION ( 'NONE',  ( -0.0000000000000000000, -1.000000000000000000, -0.0000000000000000000 ) ) ;
#2356 = ORIENTED_EDGE ( 'NONE', *, *, #2786, .F. ) ;
#2357 = CARTESIAN_POINT ( 'NONE',  ( -18.50000000000000400, 7.500000000000000000, -5.000000000000000000 ) ) ;
#2358 = EDGE_CURVE ( 'NONE', #4167, #2453, #163, .T. ) ;
#2359 = DIRECTION ( 'NONE',  ( 1.000000000000000000, 0.0000000000000000000, 0.0000000000000000000 ) ) ;
#2360 = CARTESIAN_POINT ( 'NONE',  ( 13.00000000000000400, 12.51068519718183900, -3.000000000000000000 ) ) ;
#2361 = FILL_AREA_STYLE_COLOUR ( '', #4082 ) ;
#2362 = FACE_OUTER_BOUND ( 'NONE', #1796, .T. ) ;
#2363 = ORIENTED_EDGE ( 'NONE', *, *, #587, .T. ) ;
#2364 = CARTESIAN_POINT ( 'NONE',  ( -14.49999999999999800, 0.0000000000000000000, 0.0000000000000000000 ) ) ;
#2365 = EDGE_CURVE ( 'NONE', #3935, #1386, #2154, .T. ) ;
#2366 = CIRCLE ( 'NONE', #4242, 0.5000000000000004400 ) ;
#2367 = CARTESIAN_POINT ( 'NONE',  ( -2.999999999999997300, 16.00000000000000000, -20.00000000000000000 ) ) ;
#2368 = DIRECTION ( 'NONE',  ( 1.000000000000000000, -0.0000000000000000000, 0.0000000000000000000 ) ) ;
#2369 = DIRECTION ( 'NONE',  ( -1.734723475976806800E-016, 0.0000000000000000000, -1.000000000000000000 ) ) ;
#2370 = CARTESIAN_POINT ( 'NONE',  ( -1.499999999999996700, -18.14999999999999900, 0.0000000000000000000 ) ) ;
#2371 = ORIENTED_EDGE ( 'NONE', *, *, #4696, .F. ) ;
#2372 = VECTOR ( 'NONE', #2261, 1000.000000000000000 ) ;
#2373 = CARTESIAN_POINT ( 'NONE',  ( -18.99999999999999600, -6.999999999999999100, -5.000000000000000000 ) ) ;
#2374 = LINE ( 'NONE', #2330, #1467 ) ;
#2375 = ADVANCED_FACE ( 'NONE', ( #2045, #22 ), #820, .F. ) ;
#2376 = PLANE ( 'NONE',  #14 ) ;
#2377 = SURFACE_SIDE_STYLE ('',( #2865 ) ) ;
#2378 = CARTESIAN_POINT ( 'NONE',  ( 27.25000000000000000, 1.499999999999998700, -3.000000000000000000 ) ) ;
#2379 = PRODUCT_DEFINITION_FORMATION_WITH_SPECIFIED_SOURCE ( 'ANY', '', #624, .NOT_KNOWN. ) ;
#2380 = DIRECTION ( 'NONE',  ( -1.000000000000000000, 0.0000000000000000000, 0.0000000000000000000 ) ) ;
#2381 = DIRECTION ( 'NONE',  ( -4.625929269271485900E-016, -1.000000000000000000, 0.0000000000000000000 ) ) ;
#2382 = CARTESIAN_POINT ( 'NONE',  ( 1.999999999999998700, 20.14999999999999500, 8.000000000000000000 ) ) ;
#2383 = DIRECTION ( 'NONE',  ( -1.000000000000000000, -6.938893903907222100E-015, 0.0000000000000000000 ) ) ;
#2384 = CARTESIAN_POINT ( 'NONE',  ( 2.500000000000000400, -20.14999999999999900, -3.000000000000000000 ) ) ;
#2385 = EDGE_CURVE ( 'NONE', #2326, #2472, #4771, .T. ) ;
#2386 = DIRECTION ( 'NONE',  ( -1.000000000000000000, 0.0000000000000000000, 0.0000000000000000000 ) ) ;
#2387 = ADVANCED_FACE ( 'NONE', ( #2800 ), #1961, .F. ) ;
#2388 = DIRECTION ( 'NONE',  ( 1.000000000000000000, 0.0000000000000000000, -0.0000000000000000000 ) ) ;
#2389 = DIRECTION ( 'NONE',  ( 0.0000000000000000000, 0.0000000000000000000, 1.000000000000000000 ) ) ;
#2390 = ORIENTED_EDGE ( 'NONE', *, *, #4836, .F. ) ;
#2391 = CARTESIAN_POINT ( 'NONE',  ( -8.000000000000001800, 29.00000000000000000, -14.25000000000000000 ) ) ;
#2392 = EDGE_LOOP ( 'NONE', ( #2724, #2273, #4043, #1886 ) ) ;
#2393 = DIRECTION ( 'NONE',  ( 1.084202172485503400E-016, -1.000000000000000000, 0.0000000000000000000 ) ) ;
#2394 = EDGE_CURVE ( 'NONE', #2753, #4574, #2912, .T. ) ;
#2395 = CARTESIAN_POINT ( 'NONE',  ( 26.75000000000000000, 1.292893218813453200, 0.0000000000000000000 ) ) ;
#2396 = FACE_OUTER_BOUND ( 'NONE', #76, .T. ) ;
#2397 = AXIS2_PLACEMENT_3D ( 'NONE', #546, #921, #3552 ) ;
#2398 = DIRECTION ( 'NONE',  ( -0.8747477539092658500, 0.0000000000000000000, 0.4845785457804486200 ) ) ;
#2399 = VERTEX_POINT ( 'NONE', #1585 ) ;
#2400 = CIRCLE ( 'NONE', #4707, 0.5000000000000004400 ) ;
#2401 = CARTESIAN_POINT ( 'NONE',  ( -10.00000000000000200, 5.105684756041020100, 42.50000000000000000 ) ) ;
#2402 = CARTESIAN_POINT ( 'NONE',  ( 5.000000000000002700, 8.149999999999991500, -13.00000000000000400 ) ) ;
#2403 = CARTESIAN_POINT ( 'NONE',  ( 3.000000000000006200, 16.00000000000000000, -13.00000000000000200 ) ) ;
#2404 = VERTEX_POINT ( 'NONE', #1229 ) ;
#2405 = SURFACE_SIDE_STYLE ('',( #2858 ) ) ;
#2406 = FACE_OUTER_BOUND ( 'NONE', #3998, .T. ) ;
#2407 = ORIENTED_EDGE ( 'NONE', *, *, #2837, .T. ) ;
#2408 = CARTESIAN_POINT ( 'NONE',  ( -25.85000000000000100, 1.959434878635768700E-016, 0.0000000000000000000 ) ) ;
#2409 = VECTOR ( 'NONE', #1790, 1000.000000000000000 ) ;
#2410 = FILL_AREA_STYLE ('',( #3886 ) ) ;
#2411 = EDGE_LOOP ( 'NONE', ( #2114, #1508, #2412, #3070 ) ) ;
#2412 = ORIENTED_EDGE ( 'NONE', *, *, #4187, .F. ) ;
#2413 = EDGE_CURVE ( 'NONE', #1747, #4700, #4657, .T. ) ;
#2414 = VERTEX_POINT ( 'NONE', #3841 ) ;
#2415 = DIRECTION ( 'NONE',  ( -1.000000000000000000, -0.0000000000000000000, -0.0000000000000000000 ) ) ;
#2416 = ADVANCED_FACE ( 'NONE', ( #782 ), #1987, .F. ) ;
#2417 = ORIENTED_EDGE ( 'NONE', *, *, #2041, .F. ) ;
#2418 = DIRECTION ( 'NONE',  ( 0.0000000000000000000, 0.0000000000000000000, -1.000000000000000000 ) ) ;
#2419 = LINE ( 'NONE', #3083, #4362 ) ;
#2420 = ORIENTED_EDGE ( 'NONE', *, *, #720, .F. ) ;
#2421 = EDGE_CURVE ( 'NONE', #2205, #1789, #2667, .T. ) ;
#2422 = VECTOR ( 'NONE', #3756, 1000.000000000000100 ) ;
#2423 = CARTESIAN_POINT ( 'NONE',  ( 0.0000000000000000000, 0.0000000000000000000, -20.00000000000000000 ) ) ;
#2424 = VECTOR ( 'NONE', #1748, 1000.000000000000200 ) ;
#2425 = ORIENTED_EDGE ( 'NONE', *, *, #4377, .F. ) ;
#2426 = VECTOR ( 'NONE', #4738, 1000.000000000000000 ) ;
#2427 = DIRECTION ( 'NONE',  ( -0.8747477539092658500, 0.0000000000000000000, -0.4845785457804486800 ) ) ;
#2428 = AXIS2_PLACEMENT_3D ( 'NONE', #4562, #2354, #90 ) ;
#2429 = DIRECTION ( 'NONE',  ( 0.0000000000000000000, -0.0000000000000000000, 1.000000000000000000 ) ) ;
#2430 = DIRECTION ( 'NONE',  ( -1.000000000000000000, 0.0000000000000000000, 0.0000000000000000000 ) ) ;
#2431 = AXIS2_PLACEMENT_3D ( 'NONE', #3872, #1635, #4231 ) ;
#2432 = AXIS2_PLACEMENT_3D ( 'NONE', #1795, #4395, #2192 ) ;
#2433 =( LENGTH_UNIT ( ) NAMED_UNIT ( * ) SI_UNIT ( .MILLI., .METRE. ) );
#2434 = ADVANCED_FACE ( 'NONE', ( #1686 ), #4223, .T. ) ;
#2435 = VERTEX_POINT ( 'NONE', #1254 ) ;
#2436 = ORIENTED_EDGE ( 'NONE', *, *, #3649, .F. ) ;
#2437 = ORIENTED_EDGE ( 'NONE', *, *, #3170, .F. ) ;
#2438 = ORIENTED_EDGE ( 'NONE', *, *, #2075, .T. ) ;
#2439 = CARTESIAN_POINT ( 'NONE',  ( 8.392893218813462400, -20.14999999999999900, 0.0000000000000000000 ) ) ;
#2440 = VECTOR ( 'NONE', #4665, 1000.000000000000000 ) ;
#2441 = EDGE_CURVE ( 'NONE', #957, #3567, #922, .T. ) ;
#2442 = ORIENTED_EDGE ( 'NONE', *, *, #1586, .F. ) ;
#2443 = EDGE_CURVE ( 'NONE', #3932, #54, #3911, .T. ) ;
#2444 = ORIENTED_EDGE ( 'NONE', *, *, #314, .F. ) ;
#2445 = VERTEX_POINT ( 'NONE', #1498 ) ;
#2446 = LINE ( 'NONE', #612, #18 ) ;
#2447 = EDGE_LOOP ( 'NONE', ( #3540, #1269, #2857, #3280 ) ) ;
#2448 = EDGE_CURVE ( 'NONE', #3762, #1411, #681, .T. ) ;
#2449 = ORIENTED_EDGE ( 'NONE', *, *, #4047, .F. ) ;
#2450 = EDGE_LOOP ( 'NONE', ( #171, #4697, #2420, #4073 ) ) ;
#2451 = LINE ( 'NONE', #1693, #4295 ) ;
#2452 = MECHANICAL_DESIGN_GEOMETRIC_PRESENTATION_REPRESENTATION (  '', ( #1691 ), #2683 ) ;
#2453 = VERTEX_POINT ( 'NONE', #1625 ) ;
#2454 = CARTESIAN_POINT ( 'NONE',  ( -11.00000000000000000, 8.149999999999991500, -13.00000000000000200 ) ) ;
#2455 = DIRECTION ( 'NONE',  ( 0.0000000000000000000, 1.000000000000000000, 0.0000000000000000000 ) ) ;
#2456 = DIRECTION ( 'NONE',  ( -1.000000000000000000, 0.0000000000000000000, 0.0000000000000000000 ) ) ;
#2457 = CARTESIAN_POINT ( 'NONE',  ( -5.000000000000000900, 16.00000000000000000, -19.99999999999999600 ) ) ;
#2458 = LINE ( 'NONE', #806, #1556 ) ;
#2459 =( GEOMETRIC_REPRESENTATION_CONTEXT ( 3 ) GLOBAL_UNCERTAINTY_ASSIGNED_CONTEXT ( ( #2669 ) ) GLOBAL_UNIT_ASSIGNED_CONTEXT ( ( #1191, #3810, #1573 ) ) REPRESENTATION_CONTEXT ( 'NONE', 'WORKASPACE' ) );
#2460 = LINE ( 'NONE', #2709, #3324 ) ;
#2461 = ORIENTED_EDGE ( 'NONE', *, *, #1949, .F. ) ;
#2462 = CARTESIAN_POINT ( 'NONE',  ( -17.19999999999999900, 2.500000000000000000, -20.00000000000000000 ) ) ;
#2463 = VECTOR ( 'NONE', #3024, 1000.000000000000000 ) ;
#2464 = ORIENTED_EDGE ( 'NONE', *, *, #3966, .T. ) ;
#2465 = EDGE_CURVE ( 'NONE', #3982, #2606, #923, .T. ) ;
#2466 = VECTOR ( 'NONE', #1924, 1000.000000000000000 ) ;
#2467 = VERTEX_POINT ( 'NONE', #3382 ) ;
#2468 = ORIENTED_EDGE ( 'NONE', *, *, #3941, .F. ) ;
#2469 = LINE ( 'NONE', #3427, #2351 ) ;
#2470 = PLANE ( 'NONE',  #3884 ) ;
#2471 = CARTESIAN_POINT ( 'NONE',  ( 0.0000000000000000000, 0.0000000000000000000, -5.000000000000000900 ) ) ;
#2472 = VERTEX_POINT ( 'NONE', #3365 ) ;
#2473 = PLANE ( 'NONE',  #4776 ) ;
#2474 = FACE_BOUND ( 'NONE', #3207, .T. ) ;
#2475 = EDGE_CURVE ( 'NONE', #4328, #311, #4773, .T. ) ;
#2476 = CARTESIAN_POINT ( 'NONE',  ( 14.49999999999999800, 1.775737858763662000E-015, 39.00000000000000000 ) ) ;
#2477 = EDGE_CURVE ( 'NONE', #2753, #3186, #2802, .T. ) ;
#2478 = ORIENTED_EDGE ( 'NONE', *, *, #73, .F. ) ;
#2479 = VECTOR ( 'NONE', #4455, 1000.000000000000000 ) ;
#2480 = CYLINDRICAL_SURFACE ( 'NONE', #3150, 0.5000000000000004400 ) ;
#2481 = AXIS2_PLACEMENT_3D ( 'NONE', #3245, #2136, #4733 ) ;
#2482 = PRESENTATION_LAYER_ASSIGNMENT (  '', '', ( #1976 ) ) ;
#2483 = CARTESIAN_POINT ( 'NONE',  ( -10.99999999999999800, 8.149999999999991500, -5.000000000000000900 ) ) ;
#2484 = CARTESIAN_POINT ( 'NONE',  ( 13.00000000000000400, 8.149999999999991500, -3.000000000000000000 ) ) ;
#2485 = AXIS2_PLACEMENT_3D ( 'NONE', #2966, #3346, #342 ) ;
#2486 = ORIENTED_EDGE ( 'NONE', *, *, #3993, .T. ) ;
#2487 = CARTESIAN_POINT ( 'NONE',  ( 13.00000000000000400, 20.14999999999999500, -3.000000000000000000 ) ) ;
#2488 = CARTESIAN_POINT ( 'NONE',  ( 17.50000000000000000, -2.500000000000000000, -20.00000000000000000 ) ) ;
#2489 = ORIENTED_EDGE ( 'NONE', *, *, #2465, .F. ) ;
#2490 = EDGE_CURVE ( 'NONE', #982, #4668, #3782, .T. ) ;
#2491 = ORIENTED_EDGE ( 'NONE', *, *, #2553, .F. ) ;
#2492 = DIRECTION ( 'NONE',  ( 0.0000000000000000000, -1.000000000000000000, 0.0000000000000000000 ) ) ;
#2493 = PLANE ( 'NONE',  #1179 ) ;
#2494 = PRESENTATION_STYLE_ASSIGNMENT (( #3450 ) ) ;
#2495 = EDGE_CURVE ( 'NONE', #129, #1101, #4661, .T. ) ;
#2496 = DIRECTION ( 'NONE',  ( 0.0000000000000000000, 0.0000000000000000000, 1.000000000000000000 ) ) ;
#2497 = VECTOR ( 'NONE', #3524, 1000.000000000000000 ) ;
#2498 = CARTESIAN_POINT ( 'NONE',  ( 0.0000000000000000000, 0.0000000000000000000, -23.50000000000000000 ) ) ;
#2499 = CARTESIAN_POINT ( 'NONE',  ( 0.0000000000000000000, 0.0000000000000000000, -21.50000000000000000 ) ) ;
#2500 = DIRECTION ( 'NONE',  ( 2.017120320903262500E-016, 1.000000000000000000, 0.0000000000000000000 ) ) ;
#2501 = STYLED_ITEM ( 'NONE', ( #2050 ), #2187 ) ;
#2502 = EDGE_CURVE ( 'NONE', #2606, #31, #785, .T. ) ;
#2503 = ORIENTED_EDGE ( 'NONE', *, *, #1730, .F. ) ;
#2504 = FACE_OUTER_BOUND ( 'NONE', #1093, .T. ) ;
#2505 = EDGE_CURVE ( 'NONE', #3656, #3039, #2670, .T. ) ;
#2506 = VECTOR ( 'NONE', #3533, 1000.000000000000000 ) ;
#2507 = AXIS2_PLACEMENT_3D ( 'NONE', #2583, #4807, #306 ) ;
#2508 = ORIENTED_EDGE ( 'NONE', *, *, #3391, .F. ) ;
#2509 = DIRECTION ( 'NONE',  ( 0.0000000000000000000, 0.0000000000000000000, -1.000000000000000000 ) ) ;
#2510 = SURFACE_SIDE_STYLE ('',( #568 ) ) ;
#2511 = CARTESIAN_POINT ( 'NONE',  ( -17.50000000000000000, 2.500000000000000000, -20.00000000000000000 ) ) ;
#2512 = CIRCLE ( 'NONE', #3375, 0.5000000000000004400 ) ;
#2513 = DIRECTION ( 'NONE',  ( 0.0000000000000000000, -0.0000000000000000000, -1.000000000000000000 ) ) ;
#2514 = VECTOR ( 'NONE', #1218, 1000.000000000000000 ) ;
#2515 = ORIENTED_EDGE ( 'NONE', *, *, #1707, .T. ) ;
#2516 = VECTOR ( 'NONE', #1422, 1000.000000000000000 ) ;
#2517 = ORIENTED_EDGE ( 'NONE', *, *, #2441, .T. ) ;
#2518 = APPLICATION_CONTEXT ( 'automotive_design' ) ;
#2519 = ORIENTED_EDGE ( 'NONE', *, *, #314, .T. ) ;
#2520 = DIRECTION ( 'NONE',  ( 0.0000000000000000000, 0.0000000000000000000, -1.000000000000000000 ) ) ;
#2521 = CARTESIAN_POINT ( 'NONE',  ( 27.25000000000000000, 1.499999999999998700, -3.000000000000000000 ) ) ;
#2522 = CARTESIAN_POINT ( 'NONE',  ( 3.000000000000004900, 8.149999999999991500, -5.000000000000000900 ) ) ;
#2523 = FACE_OUTER_BOUND ( 'NONE', #4518, .T. ) ;
#2524 = DIRECTION ( 'NONE',  ( 0.0000000000000000000, 0.0000000000000000000, -1.000000000000000000 ) ) ;
#2525 = VERTEX_POINT ( 'NONE', #3399 ) ;
#2526 = LINE ( 'NONE', #4782, #1509 ) ;
#2527 = VERTEX_POINT ( 'NONE', #3043 ) ;
#2528 = ORIENTED_EDGE ( 'NONE', *, *, #2594, .T. ) ;
#2529 = CIRCLE ( 'NONE', #3915, 1.600000000000000800 ) ;
#2530 = PRESENTATION_STYLE_ASSIGNMENT (( #4436 ) ) ;
#2531 = DIRECTION ( 'NONE',  ( 1.000000000000000000, 0.0000000000000000000, 0.0000000000000000000 ) ) ;
#2532 = FACE_OUTER_BOUND ( 'NONE', #2447, .T. ) ;
#2533 = CARTESIAN_POINT ( 'NONE',  ( 17.19999999999999900, 2.500000000000000000, -23.50000000000000000 ) ) ;
#2534 = EDGE_CURVE ( 'NONE', #2527, #1434, #2564, .T. ) ;
#2535 = ORIENTED_EDGE ( 'NONE', *, *, #3108, .F. ) ;
#2536 = FACE_OUTER_BOUND ( 'NONE', #4308, .T. ) ;
#2537 = FILL_AREA_STYLE ('',( #1389 ) ) ;
#2538 = EDGE_CURVE ( 'NONE', #1164, #2748, #4525, .T. ) ;
#2539 =( GEOMETRIC_REPRESENTATION_CONTEXT ( 3 ) GLOBAL_UNCERTAINTY_ASSIGNED_CONTEXT ( ( #4799 ) ) GLOBAL_UNIT_ASSIGNED_CONTEXT ( ( #533, #3161, #906 ) ) REPRESENTATION_CONTEXT ( 'NONE', 'WORKASPACE' ) );
#2540 = DIRECTION ( 'NONE',  ( 0.0000000000000000000, 0.0000000000000000000, 1.000000000000000000 ) ) ;
#2541 = AXIS2_PLACEMENT_3D ( 'NONE', #1234, #2731, #485 ) ;
#2542 = ORIENTED_EDGE ( 'NONE', *, *, #1926, .F. ) ;
#2543 = DIRECTION ( 'NONE',  ( -0.0000000000000000000, 1.000000000000000000, -0.0000000000000000000 ) ) ;
#2544 = ORIENTED_EDGE ( 'NONE', *, *, #2940, .T. ) ;
#2545 = ADVANCED_FACE ( 'NONE', ( #4409 ), #432, .F. ) ;
#2546 = ORIENTED_EDGE ( 'NONE', *, *, #4229, .F. ) ;
#2547 = ORIENTED_EDGE ( 'NONE', *, *, #4685, .F. ) ;
#2548 = PLANE ( 'NONE',  #967 ) ;
#2549 = DIRECTION ( 'NONE',  ( -0.0000000000000000000, -0.0000000000000000000, 1.000000000000000000 ) ) ;
#2550 = LINE ( 'NONE', #1292, #3413 ) ;
#2551 = ORIENTED_EDGE ( 'NONE', *, *, #3546, .F. ) ;
#2552 = ORIENTED_EDGE ( 'NONE', *, *, #1171, .F. ) ;
#2553 = EDGE_CURVE ( 'NONE', #3358, #2311, #2458, .T. ) ;
#2554 = LINE ( 'NONE', #2484, #671 ) ;
#2555 = EDGE_CURVE ( 'NONE', #3894, #1994, #1438, .T. ) ;
#2556 = ORIENTED_EDGE ( 'NONE', *, *, #1128, .T. ) ;
#2557 = CARTESIAN_POINT ( 'NONE',  ( 18.80000000000000400, -2.500000000000000000, -8.500000000000000000 ) ) ;
#2558 = ORIENTED_EDGE ( 'NONE', *, *, #9, .F. ) ;
#2559 = ORIENTED_EDGE ( 'NONE', *, *, #1252, .T. ) ;
#2560 = FACE_OUTER_BOUND ( 'NONE', #4748, .T. ) ;
#2561 = FILL_AREA_STYLE_COLOUR ( '', #4608 ) ;
#2562 = SURFACE_SIDE_STYLE ('',( #1255 ) ) ;
#2563 = EDGE_CURVE ( 'NONE', #1474, #1367, #3432, .T. ) ;
#2564 = LINE ( 'NONE', #4505, #571 ) ;
#2565 = AXIS2_PLACEMENT_3D ( 'NONE', #4524, #2312, #3791 ) ;
#2566 = DIRECTION ( 'NONE',  ( 1.734723475976806800E-016, 0.0000000000000000000, -1.000000000000000000 ) ) ;
#2567 = LINE ( 'NONE', #59, #1441 ) ;
#2568 = ORIENTED_EDGE ( 'NONE', *, *, #3838, .F. ) ;
#2569 = ADVANCED_FACE ( 'NONE', ( #2335 ), #1942, .F. ) ;
#2570 = AXIS2_PLACEMENT_3D ( 'NONE', #4249, #2032, #1657 ) ;
#2571 = FACE_OUTER_BOUND ( 'NONE', #3044, .T. ) ;
#2572 = VERTEX_POINT ( 'NONE', #4546 ) ;
#2573 = ORIENTED_EDGE ( 'NONE', *, *, #4236, .T. ) ;
#2574 = VERTEX_POINT ( 'NONE', #3826 ) ;
#2575 = DIRECTION ( 'NONE',  ( -1.000000000000000000, 0.0000000000000000000, 0.0000000000000000000 ) ) ;
#2576 = AXIS2_PLACEMENT_3D ( 'NONE', #1577, #2343, #80 ) ;
#2577 = FILL_AREA_STYLE_COLOUR ( '', #4630 ) ;
#2578 = PRESENTATION_STYLE_ASSIGNMENT (( #3056 ) ) ;
#2579 = FACE_OUTER_BOUND ( 'NONE', #4121, .T. ) ;
#2580 = ORIENTED_EDGE ( 'NONE', *, *, #2465, .T. ) ;
#2581 = VECTOR ( 'NONE', #1532, 1000.000000000000000 ) ;
#2582 = DIRECTION ( 'NONE',  ( 1.000000000000000000, 0.0000000000000000000, 0.0000000000000000000 ) ) ;
#2583 = CARTESIAN_POINT ( 'NONE',  ( 0.0000000000000000000, 0.0000000000000000000, -23.50000000000000000 ) ) ;
#2584 = ADVANCED_FACE ( 'NONE', ( #4176 ), #2217, .F. ) ;
#2585 = DIRECTION ( 'NONE',  ( 1.000000000000000000, 0.0000000000000000000, 0.0000000000000000000 ) ) ;
#2586 = EDGE_LOOP ( 'NONE', ( #465, #3788, #3060, #2233 ) ) ;
#2587 = LINE ( 'NONE', #2255, #2479 ) ;
#2588 = DIRECTION ( 'NONE',  ( 0.0000000000000000000, -1.000000000000000000, 0.0000000000000000000 ) ) ;
#2589 = EDGE_CURVE ( 'NONE', #3567, #129, #3215, .T. ) ;
#2590 = CARTESIAN_POINT ( 'NONE',  ( 11.00000000000000400, 8.149999999999991500, -13.00000000000000500 ) ) ;
#2591 = EDGE_CURVE ( 'NONE', #1889, #3041, #2708, .T. ) ;
#2592 = DIRECTION ( 'NONE',  ( -0.0000000000000000000, -0.0000000000000000000, 1.000000000000000000 ) ) ;
#2593 =( NAMED_UNIT ( * ) SI_UNIT ( $, .STERADIAN. ) SOLID_ANGLE_UNIT ( ) );
#2594 = EDGE_CURVE ( 'NONE', #3358, #4532, #323, .T. ) ;
#2595 = CARTESIAN_POINT ( 'NONE',  ( 12.49999999999999800, 1.653273178848926700E-015, -23.50000000000000000 ) ) ;
#2596 = ORIENTED_EDGE ( 'NONE', *, *, #2385, .F. ) ;
#2597 = ORIENTED_EDGE ( 'NONE', *, *, #62, .F. ) ;
#2598 = ADVANCED_FACE ( 'NONE', ( #4070 ), #1238, .F. ) ;
#2599 = ORIENTED_EDGE ( 'NONE', *, *, #1800, .T. ) ;
#2600 = DIRECTION ( 'NONE',  ( -0.0000000000000000000, -1.000000000000000000, 0.0000000000000000000 ) ) ;
#2601 = ORIENTED_EDGE ( 'NONE', *, *, #2283, .F. ) ;
#2602 = PRODUCT_RELATED_PRODUCT_CATEGORY ( 'part', '', ( #624 ) ) ;
#2603 = CARTESIAN_POINT ( 'NONE',  ( 2.000000000000004400, -18.14999999999999900, -3.000000000000000000 ) ) ;
#2604 = VECTOR ( 'NONE', #4227, 1000.000000000000000 ) ;
#2605 = EDGE_CURVE ( 'NONE', #311, #4396, #4297, .T. ) ;
#2606 = VERTEX_POINT ( 'NONE', #1316 ) ;
#2607 = LINE ( 'NONE', #2892, #4595 ) ;
#2608 = VECTOR ( 'NONE', #4494, 1000.000000000000000 ) ;
#2609 = CARTESIAN_POINT ( 'NONE',  ( -15.18279718243103600, 8.702451937078668800, -20.00000000000000000 ) ) ;
#2610 = VERTEX_POINT ( 'NONE', #4285 ) ;
#2611 = VECTOR ( 'NONE', #4692, 1000.000000000000000 ) ;
#2612 = EDGE_CURVE ( 'NONE', #1366, #982, #96, .T. ) ;
#2613 = PLANE ( 'NONE',  #40 ) ;
#2614 = LINE ( 'NONE', #834, #4607 ) ;
#2615 = PLANE ( 'NONE',  #3488 ) ;
#2616 = ORIENTED_EDGE ( 'NONE', *, *, #1133, .F. ) ;
#2617 = CARTESIAN_POINT ( 'NONE',  ( 8.000000000000001800, 29.00000000000000000, -10.75000000000000000 ) ) ;
#2618 = CARTESIAN_POINT ( 'NONE',  ( 8.000000000000001800, 29.00000000000000000, -13.00000000000000200 ) ) ;
#2619 = EDGE_LOOP ( 'NONE', ( #1972, #2442, #2782, #3684, #4153, #1273, #3789, #4543, #1022, #3895 ) ) ;
#2620 = ORIENTED_EDGE ( 'NONE', *, *, #2819, .T. ) ;
#2621 = LINE ( 'NONE', #3627, #630 ) ;
#2622 = AXIS2_PLACEMENT_3D ( 'NONE', #3813, #4570, #2369 ) ;
#2623 = ORIENTED_EDGE ( 'NONE', *, *, #3720, .F. ) ;
#2624 = FACE_BOUND ( 'NONE', #1398, .T. ) ;
#2625 = AXIS2_PLACEMENT_3D ( 'NONE', #2000, #494, #1336 ) ;
#2626 = DIRECTION ( 'NONE',  ( 0.0000000000000000000, -1.000000000000000000, -0.0000000000000000000 ) ) ;
#2627 = VERTEX_POINT ( 'NONE', #954 ) ;
#2628 = ORIENTED_EDGE ( 'NONE', *, *, #3843, .F. ) ;
#2629 = CARTESIAN_POINT ( 'NONE',  ( -10.79688715014969300, 16.00000000000000000, -17.14584662236263000 ) ) ;
#2630 = LINE ( 'NONE', #3697, #3537 ) ;
#2631 = CARTESIAN_POINT ( 'NONE',  ( -18.49999999999999600, -6.999999999999999100, -5.000000000000000000 ) ) ;
#2632 = ORIENTED_EDGE ( 'NONE', *, *, #3904, .T. ) ;
#2633 = ORIENTED_EDGE ( 'NONE', *, *, #2998, .F. ) ;
#2634 = VECTOR ( 'NONE', #175, 1000.000000000000000 ) ;
#2635 = PLANE ( 'NONE',  #4450 ) ;
#2636 = CARTESIAN_POINT ( 'NONE',  ( 19.00000000000000000, 2.500000000000000000, -23.50000000000000000 ) ) ;
#2637 = EDGE_CURVE ( 'NONE', #614, #3230, #3089, .T. ) ;
#2638 = FACE_OUTER_BOUND ( 'NONE', #180, .T. ) ;
#2639 = CARTESIAN_POINT ( 'NONE',  ( 11.00000000000000400, 20.14999999999999500, -13.00000000000000500 ) ) ;
#2640 = EDGE_CURVE ( 'NONE', #714, #2094, #2964, .T. ) ;
#2641 = CARTESIAN_POINT ( 'NONE',  ( -19.00000000000000000, -1.000000000000000200, -23.50000000000000000 ) ) ;
#2642 = CARTESIAN_POINT ( 'NONE',  ( -4.999999999999997300, 20.14999999999999500, -13.00000000000000200 ) ) ;
#2643 = AXIS2_PLACEMENT_3D ( 'NONE', #3771, #3397, #4125 ) ;
#2644 = EDGE_LOOP ( 'NONE', ( #3730, #1658, #3956, #2974, #3384, #4255, #1069 ) ) ;
#2645 = VERTEX_POINT ( 'NONE', #2090 ) ;
#2646 = DIRECTION ( 'NONE',  ( 1.000000000000000000, -0.0000000000000000000, -0.0000000000000000000 ) ) ;
#2647 = CARTESIAN_POINT ( 'NONE',  ( 13.00000000000000500, 8.149999999999991500, -13.00000000000000200 ) ) ;
#2648 = STYLED_ITEM ( 'NONE', ( #1870 ), #191 ) ;
#2649 = EDGE_LOOP ( 'NONE', ( #1718, #4007, #2556, #3830 ) ) ;
#2650 = ORIENTED_EDGE ( 'NONE', *, *, #1252, .F. ) ;
#2651 = AXIS2_PLACEMENT_3D ( 'NONE', #852, #1615, #4214 ) ;
#2652 = DIRECTION ( 'NONE',  ( -1.000000000000000000, 0.0000000000000000000, 0.0000000000000000000 ) ) ;
#2653 = VECTOR ( 'NONE', #502, 1000.000000000000000 ) ;
#2654 = AXIS2_PLACEMENT_3D ( 'NONE', #287, #2916, #666 ) ;
#2655 = ORIENTED_EDGE ( 'NONE', *, *, #4157, .F. ) ;
#2656 = CARTESIAN_POINT ( 'NONE',  ( 1.999999999999998200, 16.64999999999999500, 0.0000000000000000000 ) ) ;
#2657 = ORIENTED_EDGE ( 'NONE', *, *, #1302, .T. ) ;
#2658 =( NAMED_UNIT ( * ) PLANE_ANGLE_UNIT ( ) SI_UNIT ( $, .RADIAN. ) );
#2659 = VECTOR ( 'NONE', #4287, 999.9999999999998900 ) ;
#2660 = ORIENTED_EDGE ( 'NONE', *, *, #2490, .F. ) ;
#2661 = DIRECTION ( 'NONE',  ( 0.0000000000000000000, 0.0000000000000000000, 1.000000000000000000 ) ) ;
#2662 = ORIENTED_EDGE ( 'NONE', *, *, #2307, .T. ) ;
#2663 = DIRECTION ( 'NONE',  ( 0.0000000000000000000, 0.0000000000000000000, -1.000000000000000000 ) ) ;
#2664 = ORIENTED_EDGE ( 'NONE', *, *, #1723, .T. ) ;
#2665 = LINE ( 'NONE', #1300, #779 ) ;
#2666 = CARTESIAN_POINT ( 'NONE',  ( 8.000000000000001800, 29.00000000000000000, -13.00000000000000200 ) ) ;
#2667 = LINE ( 'NONE', #3497, #3679 ) ;
#2668 = ADVANCED_FACE ( 'NONE', ( #1215 ), #575, .T. ) ;
#2669 = UNCERTAINTY_MEASURE_WITH_UNIT (LENGTH_MEASURE( 1.000000000000000100E-005 ), #1191, 'distance_accuracy_value', 'NONE');
#2670 = LINE ( 'NONE', #1903, #3574 ) ;
#2671 = SURFACE_SIDE_STYLE ('',( #925 ) ) ;
#2672 = EDGE_CURVE ( 'NONE', #2159, #3535, #4822, .T. ) ;
#2673 = EDGE_LOOP ( 'NONE', ( #3893, #626, #1047, #1912 ) ) ;
#2674 =( LENGTH_UNIT ( ) NAMED_UNIT ( * ) SI_UNIT ( .MILLI., .METRE. ) );
#2675 =( NAMED_UNIT ( * ) PLANE_ANGLE_UNIT ( ) SI_UNIT ( $, .RADIAN. ) );
#2676 = EDGE_CURVE ( 'NONE', #3560, #2732, #974, .T. ) ;
#2677 = FACE_OUTER_BOUND ( 'NONE', #3957, .T. ) ;
#2678 = ORIENTED_EDGE ( 'NONE', *, *, #4577, .F. ) ;
#2679 = DIRECTION ( 'NONE',  ( 1.000000000000000000, -0.0000000000000000000, 1.239088197126292200E-015 ) ) ;
#2680 = FILL_AREA_STYLE ('',( #2309 ) ) ;
#2681 = EDGE_LOOP ( 'NONE', ( #1365, #3443, #330, #4093, #2558, #3448 ) ) ;
#2682 = EDGE_CURVE ( 'NONE', #4634, #4758, #1981, .T. ) ;
#2683 =( GEOMETRIC_REPRESENTATION_CONTEXT ( 3 ) GLOBAL_UNCERTAINTY_ASSIGNED_CONTEXT ( ( #3420 ) ) GLOBAL_UNIT_ASSIGNED_CONTEXT ( ( #4474, #2267, #6 ) ) REPRESENTATION_CONTEXT ( 'NONE', 'WORKASPACE' ) );
#2684 = DIRECTION ( 'NONE',  ( 0.0000000000000000000, 0.0000000000000000000, -1.000000000000000000 ) ) ;
#2685 = CARTESIAN_POINT ( 'NONE',  ( 26.75000000000000000, 1.292893218813453200, -3.000000000000000000 ) ) ;
#2686 = LINE ( 'NONE', #3273, #3691 ) ;
#2687 = VECTOR ( 'NONE', #3119, 1000.000000000000000 ) ;
#2688 = ORIENTED_EDGE ( 'NONE', *, *, #431, .F. ) ;
#2689 = CARTESIAN_POINT ( 'NONE',  ( 18.80000000000000400, 2.500000000000000000, -9.000000000000001800 ) ) ;
#2690 = CIRCLE ( 'NONE', #4487, 0.5000000000000004400 ) ;
#2691 = CARTESIAN_POINT ( 'NONE',  ( -18.19999999999999900, 1.000000000000000000, -23.50000000000000000 ) ) ;
#2692 = DIRECTION ( 'NONE',  ( 0.0000000000000000000, -1.000000000000000000, 0.0000000000000000000 ) ) ;
#2693 = FACE_OUTER_BOUND ( 'NONE', #16, .T. ) ;
#2694 = ADVANCED_FACE ( 'NONE', ( #2846 ), #977, .F. ) ;
#2695 = COLOUR_RGB ( '',1.000000000000000000, 1.000000000000000000, 1.000000000000000000 ) ;
#2696 = CARTESIAN_POINT ( 'NONE',  ( 18.49999999999999600, -7.500000000000000000, -3.000000000000000000 ) ) ;
#2697 = DIRECTION ( 'NONE',  ( 0.0000000000000000000, 1.000000000000000000, 0.0000000000000000000 ) ) ;
#2698 = DIRECTION ( 'NONE',  ( -0.0000000000000000000, -0.0000000000000000000, 1.000000000000000000 ) ) ;
#2699 = ADVANCED_FACE ( 'NONE', ( #857 ), #1728, .T. ) ;
#2700 = ORIENTED_EDGE ( 'NONE', *, *, #1730, .T. ) ;
#2701 = DIRECTION ( 'NONE',  ( -0.0000000000000000000, 0.0000000000000000000, -1.000000000000000000 ) ) ;
#2702 = LINE ( 'NONE', #4677, #4558 ) ;
#2703 = CARTESIAN_POINT ( 'NONE',  ( -8.392893218813464200, -20.14999999999999500, -3.000000000000000000 ) ) ;
#2704 = DIRECTION ( 'NONE',  ( -0.9986740976945128700, -2.165529252650781500E-016, -0.05147860326437251500 ) ) ;
#2705 = DIRECTION ( 'NONE',  ( -2.017120320903262500E-016, -1.000000000000000000, 0.0000000000000000000 ) ) ;
#2706 = DIRECTION ( 'NONE',  ( 0.0000000000000000000, 0.0000000000000000000, 1.000000000000000000 ) ) ;
#2707 = EDGE_CURVE ( 'NONE', #3894, #3310, #2734, .T. ) ;
#2708 =( BOUNDED_CURVE ( )  B_SPLINE_CURVE ( 3, ( #95, #466, #3845, #1610 ),
 .UNSPECIFIED., .F., .F. ) 
 B_SPLINE_CURVE_WITH_KNOTS ( ( 4, 4 ),
 ( 3.141592653589793100, 4.032361159926088200 ),
 .UNSPECIFIED. ) 
 CURVE ( )  GEOMETRIC_REPRESENTATION_ITEM ( )  RATIONAL_B_SPLINE_CURVE ( ( 1.000000000000000000, 0.9349634626403245900, 0.9349634626403245900, 1.000000000000000000 ) ) 
 REPRESENTATION_ITEM ( '' )  );
#2709 = CARTESIAN_POINT ( 'NONE',  ( -15.81138830084190000, 7.500000000000000000, -20.00000000000000000 ) ) ;
#2710 = CARTESIAN_POINT ( 'NONE',  ( -26.74999999999999600, 1.292893218813449900, -3.000000000000000000 ) ) ;
#2711 = DIRECTION ( 'NONE',  ( -0.7071067811865476800, 0.7071067811865474600, 0.0000000000000000000 ) ) ;
#2712 = DIRECTION ( 'NONE',  ( 0.0000000000000000000, 0.0000000000000000000, 1.000000000000000000 ) ) ;
#2713 = EDGE_CURVE ( 'NONE', #4668, #3468, #3725, .T. ) ;
#2714 = CARTESIAN_POINT ( 'NONE',  ( -15.00000000000000400, 5.505684756041020500, 39.00000000000000000 ) ) ;
#2715 = CARTESIAN_POINT ( 'NONE',  ( 5.000000000000002700, 16.00000000000000000, -13.00000000000000400 ) ) ;
#2716 = ORIENTED_EDGE ( 'NONE', *, *, #4289, .T. ) ;
#2717 = EDGE_LOOP ( 'NONE', ( #2632, #3419 ) ) ;
#2718 = ADVANCED_FACE ( 'NONE', ( #3846 ), #4339, .F. ) ;
#2719 = VERTEX_POINT ( 'NONE', #611 ) ;
#2720 = CARTESIAN_POINT ( 'NONE',  ( -10.99999999999999800, 20.14999999999999500, -5.000000000000000000 ) ) ;
#2721 = MECHANICAL_DESIGN_GEOMETRIC_PRESENTATION_REPRESENTATION (  '', ( #1976 ), #2970 ) ;
#2722 = CARTESIAN_POINT ( 'NONE',  ( 13.00000000000000500, 20.14999999999999500, -13.00000000000000200 ) ) ;
#2723 = DIRECTION ( 'NONE',  ( -1.000000000000000000, 0.0000000000000000000, 0.0000000000000000000 ) ) ;
#2724 = ORIENTED_EDGE ( 'NONE', *, *, #3776, .F. ) ;
#2725 = CARTESIAN_POINT ( 'NONE',  ( 22.64999999999999900, 1.959434878635768700E-016, 0.0000000000000000000 ) ) ;
#2726 = ADVANCED_FACE ( 'NONE', ( #4706, #3614 ), #1746, .T. ) ;
#2727 = AXIS2_PLACEMENT_3D ( 'NONE', #1095, #1847, #4445 ) ;
#2728 = CARTESIAN_POINT ( 'NONE',  ( 1.999999999999998200, 16.64999999999999500, 8.000000000000000000 ) ) ;
#2729 = DIRECTION ( 'NONE',  ( -1.224646799147353200E-016, 1.000000000000000000, 0.0000000000000000000 ) ) ;
#2730 = DIRECTION ( 'NONE',  ( -1.000000000000000000, 0.0000000000000000000, -8.673617379884034200E-017 ) ) ;
#2731 = DIRECTION ( 'NONE',  ( -0.8675884104246309700, -0.4972829678330659700, 0.0000000000000000000 ) ) ;
#2732 = VERTEX_POINT ( 'NONE', #2877 ) ;
#2733 = DIRECTION ( 'NONE',  ( -0.0000000000000000000, -0.0000000000000000000, -1.000000000000000000 ) ) ;
#2734 = CIRCLE ( 'NONE', #1713, 0.5000000000000000000 ) ;
#2735 = ADVANCED_FACE ( 'NONE', ( #4457 ), #4002, .T. ) ;
#2736 = CARTESIAN_POINT ( 'NONE',  ( -15.00000000000000400, 5.105684756041021000, 42.50000000000000000 ) ) ;
#2737 = SURFACE_STYLE_FILL_AREA ( #3037 ) ;
#2738 = EDGE_CURVE ( 'NONE', #1445, #3422, #2607, .T. ) ;
#2739 = CARTESIAN_POINT ( 'NONE',  ( -19.00000000000000400, 2.500000000000000000, -6.015548772996655000 ) ) ;
#2740 = ORIENTED_EDGE ( 'NONE', *, *, #3910, .F. ) ;
#2741 = DIRECTION ( 'NONE',  ( 0.0000000000000000000, -1.000000000000000000, -0.0000000000000000000 ) ) ;
#2742 = DIRECTION ( 'NONE',  ( 0.0000000000000000000, 0.0000000000000000000, -1.000000000000000000 ) ) ;
#2743 = VECTOR ( 'NONE', #1614, 1000.000000000000000 ) ;
#2744 = DIRECTION ( 'NONE',  ( 1.000000000000000000, 0.0000000000000000000, 0.0000000000000000000 ) ) ;
#2745 = LINE ( 'NONE', #3441, #623 ) ;
#2746 = LINE ( 'NONE', #4413, #2112 ) ;
#2747 = DIRECTION ( 'NONE',  ( -0.9986740976945127600, 0.0000000000000000000, -0.05147860326437251500 ) ) ;
#2748 = VERTEX_POINT ( 'NONE', #266 ) ;
#2749 = CARTESIAN_POINT ( 'NONE',  ( -15.00000000000000000, -5.494315243958978600, 39.50010000000000300 ) ) ;
#2750 = ADVANCED_FACE ( 'NONE', ( #2504 ), #1028, .T. ) ;
#2751 = EDGE_CURVE ( 'NONE', #4209, #4254, #1492, .T. ) ;
#2752 = CARTESIAN_POINT ( 'NONE',  ( 19.00000000000000400, 7.500000000000000000, -5.000000000000000000 ) ) ;
#2753 = VERTEX_POINT ( 'NONE', #1176 ) ;
#2754 = PRESENTATION_LAYER_ASSIGNMENT (  '', '', ( #2501 ) ) ;
#2755 = CARTESIAN_POINT ( 'NONE',  ( -14.49999999999999800, 1.775737858763662000E-015, -20.00000000000000000 ) ) ;
#2756 = EDGE_CURVE ( 'NONE', #2769, #2198, #1630, .T. ) ;
#2757 = DIRECTION ( 'NONE',  ( -1.000000000000000000, -6.938893903907222100E-015, 0.0000000000000000000 ) ) ;
#2758 = LINE ( 'NONE', #4746, #4723 ) ;
#2759 = ORIENTED_EDGE ( 'NONE', *, *, #1044, .F. ) ;
#2760 = CARTESIAN_POINT ( 'NONE',  ( 2.500000000000000400, -19.64999999999999900, -3.000000000000000000 ) ) ;
#2761 = DIRECTION ( 'NONE',  ( 1.000000000000000000, -0.0000000000000000000, -0.0000000000000000000 ) ) ;
#2762 = AXIS2_PLACEMENT_3D ( 'NONE', #3521, #1272, #3885 ) ;
#2763 = COLOUR_RGB ( '',1.000000000000000000, 1.000000000000000000, 1.000000000000000000 ) ;
#2764 = ORIENTED_EDGE ( 'NONE', *, *, #480, .F. ) ;
#2765 = CARTESIAN_POINT ( 'NONE',  ( 2.500000000000000400, -19.64999999999999900, 0.0000000000000000000 ) ) ;
#2766 = FACE_OUTER_BOUND ( 'NONE', #1444, .T. ) ;
#2767 = MECHANICAL_DESIGN_GEOMETRIC_PRESENTATION_REPRESENTATION (  '', ( #2263 ), #3004 ) ;
#2768 = CARTESIAN_POINT ( 'NONE',  ( 17.50000000000000000, 0.0000000000000000000, -5.000000000000000900 ) ) ;
#2769 = VERTEX_POINT ( 'NONE', #3412 ) ;
#2770 = LINE ( 'NONE', #3185, #2634 ) ;
#2771 = STYLED_ITEM ( 'NONE', ( #4475 ), #1601 ) ;
#2772 = DIRECTION ( 'NONE',  ( 1.700709290173340700E-016, -1.000000000000000000, 0.0000000000000000000 ) ) ;
#2773 = CARTESIAN_POINT ( 'NONE',  ( 18.99999999999999600, -6.999999999999999100, -5.000000000000000000 ) ) ;
#2774 =( LENGTH_UNIT ( ) NAMED_UNIT ( * ) SI_UNIT ( .MILLI., .METRE. ) );
#2775 = SURFACE_STYLE_USAGE ( .BOTH. , #155 ) ;
#2776 = CARTESIAN_POINT ( 'NONE',  ( 15.81138830084190000, 7.500000000000000000, -5.000000000000000900 ) ) ;
#2777 = UNCERTAINTY_MEASURE_WITH_UNIT (LENGTH_MEASURE( 1.000000000000000100E-005 ), #51, 'distance_accuracy_value', 'NONE');
#2778 = CARTESIAN_POINT ( 'NONE',  ( 17.50000000000000000, 2.500000000000000000, -20.00000000000000000 ) ) ;
#2779 = ORIENTED_EDGE ( 'NONE', *, *, #73, .T. ) ;
#2780 = ORIENTED_EDGE ( 'NONE', *, *, #2589, .T. ) ;
#2781 = EDGE_CURVE ( 'NONE', #2098, #2198, #3507, .T. ) ;
#2782 = ORIENTED_EDGE ( 'NONE', *, *, #4702, .F. ) ;
#2783 = DIRECTION ( 'NONE',  ( -0.0000000000000000000, -0.0000000000000000000, -1.000000000000000000 ) ) ;
#2784 = EDGE_LOOP ( 'NONE', ( #2390, #667, #2547, #272, #4054 ) ) ;
#2785 = VERTEX_POINT ( 'NONE', #4526 ) ;
#2786 = EDGE_CURVE ( 'NONE', #678, #3762, #367, .T. ) ;
#2787 = LINE ( 'NONE', #882, #2653 ) ;
#2788 = ORIENTED_EDGE ( 'NONE', *, *, #3383, .F. ) ;
#2789 = AXIS2_PLACEMENT_3D ( 'NONE', #2081, #4675, #2456 ) ;
#2790 = DIRECTION ( 'NONE',  ( -0.7071067811865474600, -0.7071067811865476800, 0.0000000000000000000 ) ) ;
#2791 = ORIENTED_EDGE ( 'NONE', *, *, #1736, .F. ) ;
#2792 = CARTESIAN_POINT ( 'NONE',  ( -12.99999999999999600, 20.14999999999999500, -3.000000000000000000 ) ) ;
#2793 = LINE ( 'NONE', #4275, #1786 ) ;
#2794 = DIRECTION ( 'NONE',  ( 0.0000000000000000000, 0.0000000000000000000, 1.000000000000000000 ) ) ;
#2795 = ORIENTED_EDGE ( 'NONE', *, *, #1076, .T. ) ;
#2796 = STYLED_ITEM ( 'NONE', ( #3592 ), #1098 ) ;
#2797 = ADVANCED_FACE ( 'NONE', ( #3262 ), #1572, .F. ) ;
#2798 = LINE ( 'NONE', #530, #4655 ) ;
#2799 = CARTESIAN_POINT ( 'NONE',  ( 8.600000000000005000, -20.14999999999999900, -3.000000000000000000 ) ) ;
#2800 = FACE_OUTER_BOUND ( 'NONE', #717, .T. ) ;
#2801 =( NAMED_UNIT ( * ) SI_UNIT ( $, .STERADIAN. ) SOLID_ANGLE_UNIT ( ) );
#2802 = LINE ( 'NONE', #7, #1904 ) ;
#2803 = ORIENTED_EDGE ( 'NONE', *, *, #3694, .F. ) ;
#2804 = PLANE ( 'NONE',  #2875 ) ;
#2805 = CIRCLE ( 'NONE', #1980, 0.5000000000000004400 ) ;
#2806 = DIRECTION ( 'NONE',  ( 0.4972829678330667500, 0.8675884104246305300, 0.0000000000000000000 ) ) ;
#2807 = VERTEX_POINT ( 'NONE', #4165 ) ;
#2808 = VERTEX_POINT ( 'NONE', #2703 ) ;
#2809 = EDGE_LOOP ( 'NONE', ( #2346, #991, #4106, #545 ) ) ;
#2810 = EDGE_CURVE ( 'NONE', #4209, #1770, #1276, .T. ) ;
#2811 = DIRECTION ( 'NONE',  ( 0.0000000000000000000, 0.0000000000000000000, -1.000000000000000000 ) ) ;
#2812 = VECTOR ( 'NONE', #3773, 1000.000000000000000 ) ;
#2813 = ORIENTED_EDGE ( 'NONE', *, *, #2987, .F. ) ;
#2814 = CARTESIAN_POINT ( 'NONE',  ( 27.25000000000000000, 1.292893218813453200, -3.000000000000000000 ) ) ;
#2815 = CYLINDRICAL_SURFACE ( 'NONE', #1813, 0.5000000000000004400 ) ;
#2816 = CARTESIAN_POINT ( 'NONE',  ( -12.99999999999999800, 20.14999999999999500, -5.000000000000000000 ) ) ;
#2817 = LINE ( 'NONE', #4199, #1810 ) ;
#2818 = EDGE_LOOP ( 'NONE', ( #3053, #2207, #3735, #3174 ) ) ;
#2819 = EDGE_CURVE ( 'NONE', #4641, #2205, #2269, .T. ) ;
#2820 = FACE_OUTER_BOUND ( 'NONE', #4456, .T. ) ;
#2821 = ADVANCED_FACE ( 'NONE', ( #3159 ), #1139, .T. ) ;
#2822 = VECTOR ( 'NONE', #3478, 1000.000000000000000 ) ;
#2823 = CIRCLE ( 'NONE', #2762, 5.000000000000000900 ) ;
#2824 = AXIS2_PLACEMENT_3D ( 'NONE', #911, #3545, #1291 ) ;
#2825 = CARTESIAN_POINT ( 'NONE',  ( -2.000000000000001300, 20.14999999999999500, 8.000000000000000000 ) ) ;
#2826 = DIRECTION ( 'NONE',  ( 0.0000000000000000000, 1.000000000000000000, 0.0000000000000000000 ) ) ;
#2827 = CIRCLE ( 'NONE', #610, 2.999999999999999100 ) ;
#2828 = ORIENTED_EDGE ( 'NONE', *, *, #3961, .F. ) ;
#2829 = CARTESIAN_POINT ( 'NONE',  ( 11.00000000000000000, 16.00000000000000000, -20.00000000000000000 ) ) ;
#2830 = UNCERTAINTY_MEASURE_WITH_UNIT (LENGTH_MEASURE( 1.000000000000000100E-005 ), #1250, 'distance_accuracy_value', 'NONE');
#2831 = DIRECTION ( 'NONE',  ( -1.000000000000000000, 0.0000000000000000000, 0.0000000000000000000 ) ) ;
#2832 = VERTEX_POINT ( 'NONE', #2364 ) ;
#2833 = ORIENTED_EDGE ( 'NONE', *, *, #1339, .T. ) ;
#2834 = EDGE_CURVE ( 'NONE', #3535, #4209, #508, .T. ) ;
#2835 = EDGE_LOOP ( 'NONE', ( #85, #3970, #4357, #380 ) ) ;
#2836 = DIRECTION ( 'NONE',  ( 1.000000000000000000, 0.0000000000000000000, 0.0000000000000000000 ) ) ;
#2837 = EDGE_CURVE ( 'NONE', #2732, #2404, #2153, .T. ) ;
#2838 = ORIENTED_EDGE ( 'NONE', *, *, #2555, .T. ) ;
#2839 = FACE_OUTER_BOUND ( 'NONE', #1053, .T. ) ;
#2840 = EDGE_CURVE ( 'NONE', #1188, #1667, #2400, .T. ) ;
#2841 = ORIENTED_EDGE ( 'NONE', *, *, #4422, .F. ) ;
#2842 = AXIS2_PLACEMENT_3D ( 'NONE', #2829, #585, #3214 ) ;
#2843 = DIRECTION ( 'NONE',  ( -1.000000000000000000, 0.0000000000000000000, -0.0000000000000000000 ) ) ;
#2844 = DIRECTION ( 'NONE',  ( -0.0000000000000000000, -1.000000000000000000, -0.0000000000000000000 ) ) ;
#2845 = CARTESIAN_POINT ( 'NONE',  ( 1.500000000000004400, -17.64999999999999900, -3.000000000000000000 ) ) ;
#2846 = FACE_OUTER_BOUND ( 'NONE', #601, .T. ) ;
#2847 = AXIS2_PLACEMENT_3D ( 'NONE', #1739, #3635, #1375 ) ;
#2848 = CIRCLE ( 'NONE', #1393, 17.50000000000000000 ) ;
#2849 = PLANE ( 'NONE',  #4631 ) ;
#2850 = DIRECTION ( 'NONE',  ( 0.0000000000000000000, 0.0000000000000000000, 1.000000000000000000 ) ) ;
#2851 = VERTEX_POINT ( 'NONE', #1239 ) ;
#2852 = LINE ( 'NONE', #3483, #2743 ) ;
#2853 = FACE_BOUND ( 'NONE', #4480, .T. ) ;
#2854 = ORIENTED_EDGE ( 'NONE', *, *, #2283, .T. ) ;
#2855 = CARTESIAN_POINT ( 'NONE',  ( 19.00000000000000000, 2.500000000000000000, -23.50000000000000000 ) ) ;
#2856 = FACE_OUTER_BOUND ( 'NONE', #4077, .T. ) ;
#2857 = ORIENTED_EDGE ( 'NONE', *, *, #484, .F. ) ;
#2858 = SURFACE_STYLE_FILL_AREA ( #4622 ) ;
#2859 = PLANE ( 'NONE',  #10 ) ;
#2860 = ORIENTED_EDGE ( 'NONE', *, *, #4085, .T. ) ;
#2861 = FACE_OUTER_BOUND ( 'NONE', #3766, .T. ) ;
#2862 = EDGE_CURVE ( 'NONE', #928, #4752, #3019, .T. ) ;
#2863 = VERTEX_POINT ( 'NONE', #119 ) ;
#2864 = VECTOR ( 'NONE', #3777, 1000.000000000000000 ) ;
#2865 = SURFACE_STYLE_FILL_AREA ( #4581 ) ;
#2866 = DIRECTION ( 'NONE',  ( 1.000000000000000000, 0.0000000000000000000, 0.0000000000000000000 ) ) ;
#2867 = LINE ( 'NONE', #2882, #1871 ) ;
#2868 = DIRECTION ( 'NONE',  ( -0.0000000000000000000, -1.000000000000000000, -0.0000000000000000000 ) ) ;
#2869 = DIRECTION ( 'NONE',  ( -1.000000000000000000, 0.0000000000000000000, 0.0000000000000000000 ) ) ;
#2870 = ORIENTED_EDGE ( 'NONE', *, *, #205, .F. ) ;
#2871 = EDGE_CURVE ( 'NONE', #3358, #1533, #20, .T. ) ;
#2872 = PLANE ( 'NONE',  #3351 ) ;
#2873 = ORIENTED_EDGE ( 'NONE', *, *, #1076, .F. ) ;
#2874 = FACE_OUTER_BOUND ( 'NONE', #30, .T. ) ;
#2875 = AXIS2_PLACEMENT_3D ( 'NONE', #1663, #559, #3192 ) ;
#2876 =( LENGTH_UNIT ( ) NAMED_UNIT ( * ) SI_UNIT ( .MILLI., .METRE. ) );
#2877 = CARTESIAN_POINT ( 'NONE',  ( 10.71027907581148700, 16.00000000000000000, -17.20171242842944500 ) ) ;
#2878 = PLANE ( 'NONE',  #1026 ) ;
#2879 = SURFACE_SIDE_STYLE ('',( #2162 ) ) ;
#2880 = CARTESIAN_POINT ( 'NONE',  ( 0.0000000000000000000, 0.0000000000000000000, -20.00000000000000000 ) ) ;
#2881 = CARTESIAN_POINT ( 'NONE',  ( -8.000000000000001800, 16.00000000000000000, -13.00000000000000200 ) ) ;
#2882 = CARTESIAN_POINT ( 'NONE',  ( 11.00000000000000000, 16.00000000000000000, -20.00000000000000000 ) ) ;
#2883 = DIRECTION ( 'NONE',  ( -0.0000000000000000000, -1.000000000000000000, -0.0000000000000000000 ) ) ;
#2884 = VERTEX_POINT ( 'NONE', #849 ) ;
#2885 = CARTESIAN_POINT ( 'NONE',  ( 8.000000000000001800, 29.00000000000000000, -13.00000000000000200 ) ) ;
#2886 = DIRECTION ( 'NONE',  ( 1.000000000000000000, 4.625929269271486900E-016, 0.0000000000000000000 ) ) ;
#2887 = VERTEX_POINT ( 'NONE', #4226 ) ;
#2888 = ORIENTED_EDGE ( 'NONE', *, *, #2196, .T. ) ;
#2889 = EDGE_CURVE ( 'NONE', #4108, #1994, #1032, .T. ) ;
#2890 = EDGE_LOOP ( 'NONE', ( #3302, #1428, #3851, #3751 ) ) ;
#2891 = DIRECTION ( 'NONE',  ( -1.000000000000000000, 0.0000000000000000000, 0.0000000000000000000 ) ) ;
#2892 = CARTESIAN_POINT ( 'NONE',  ( -9.250000000000003600, -5.494315243958978600, 39.50010000000000300 ) ) ;
#2893 = VERTEX_POINT ( 'NONE', #1257 ) ;
#2894 = CARTESIAN_POINT ( 'NONE',  ( 24.25000000000000000, 0.0000000000000000000, 0.0000000000000000000 ) ) ;
#2895 = CYLINDRICAL_SURFACE ( 'NONE', #590, 0.5000000000000004400 ) ;
#2896 = PLANE ( 'NONE',  #2175 ) ;
#2897 = ORIENTED_EDGE ( 'NONE', *, *, #4107, .T. ) ;
#2898 = ORIENTED_EDGE ( 'NONE', *, *, #184, .F. ) ;
#2899 = EDGE_CURVE ( 'NONE', #968, #4254, #2043, .T. ) ;
#2900 = LINE ( 'NONE', #188, #4763 ) ;
#2901 = DIRECTION ( 'NONE',  ( 0.0000000000000000000, -1.000000000000000000, -0.0000000000000000000 ) ) ;
#2902 = SURFACE_STYLE_USAGE ( .BOTH. , #274 ) ;
#2903 = ORIENTED_EDGE ( 'NONE', *, *, #3348, .T. ) ;
#2904 = CARTESIAN_POINT ( 'NONE',  ( -2.000000000000001300, 20.14999999999999500, 0.0000000000000000000 ) ) ;
#2905 = CARTESIAN_POINT ( 'NONE',  ( -18.30000000000000400, -2.500000000000000000, -9.000000000000001800 ) ) ;
#2906 = AXIS2_PLACEMENT_3D ( 'NONE', #780, #1169, #3786 ) ;
#2907 = DIRECTION ( 'NONE',  ( -1.000000000000000000, 0.0000000000000000000, 0.0000000000000000000 ) ) ;
#2908 = ORIENTED_EDGE ( 'NONE', *, *, #1480, .F. ) ;
#2909 = LINE ( 'NONE', #3914, #4520 ) ;
#2910 = ADVANCED_FACE ( 'NONE', ( #920 ), #891, .T. ) ;
#2911 = PRESENTATION_LAYER_ASSIGNMENT (  '', '', ( #2648 ) ) ;
#2912 = LINE ( 'NONE', #3097, #3781 ) ;
#2913 = VECTOR ( 'NONE', #1121, 1000.000000000000000 ) ;
#2914 = VECTOR ( 'NONE', #3035, 1000.000000000000000 ) ;
#2915 = AXIS2_PLACEMENT_3D ( 'NONE', #301, #2937, #684 ) ;
#2916 = DIRECTION ( 'NONE',  ( -8.673617379884042400E-016, 0.0000000000000000000, 1.000000000000000000 ) ) ;
#2917 = ORIENTED_EDGE ( 'NONE', *, *, #4236, .F. ) ;
#2918 = CARTESIAN_POINT ( 'NONE',  ( 18.99999999999999600, -7.500000000000000000, -3.000000000000000000 ) ) ;
#2919 = VECTOR ( 'NONE', #1079, 1000.000000000000000 ) ;
#2920 = ORIENTED_EDGE ( 'NONE', *, *, #3882, .F. ) ;
#2921 = EDGE_LOOP ( 'NONE', ( #1671, #3919, #2803, #3594 ) ) ;
#2922 = VERTEX_POINT ( 'NONE', #2408 ) ;
#2923 = CARTESIAN_POINT ( 'NONE',  ( 8.000000000000001800, 16.00000000000000000, -13.00000000000000200 ) ) ;
#2924 = LINE ( 'NONE', #1888, #3923 ) ;
#2925 = EDGE_LOOP ( 'NONE', ( #3217, #2128, #4404, #1450 ) ) ;
#2926 = DIRECTION ( 'NONE',  ( -0.9986740976945127600, 0.0000000000000000000, 0.05147860326437251500 ) ) ;
#2927 = DIRECTION ( 'NONE',  ( 1.000000000000000000, 0.0000000000000000000, 0.0000000000000000000 ) ) ;
#2928 = VECTOR ( 'NONE', #1086, 1000.000000000000000 ) ;
#2929 = LINE ( 'NONE', #3875, #1050 ) ;
#2930 = ORIENTED_EDGE ( 'NONE', *, *, #3231, .T. ) ;
#2931 = ORIENTED_EDGE ( 'NONE', *, *, #1922, .F. ) ;
#2932 = CIRCLE ( 'NONE', #4001, 1.249999999999999300 ) ;
#2933 = DIRECTION ( 'NONE',  ( 0.0000000000000000000, 0.0000000000000000000, -1.000000000000000000 ) ) ;
#2934 = VECTOR ( 'NONE', #4042, 1000.000000000000000 ) ;
#2935 = EDGE_CURVE ( 'NONE', #1164, #1953, #4768, .T. ) ;
#2936 = ORIENTED_EDGE ( 'NONE', *, *, #3515, .F. ) ;
#2937 = DIRECTION ( 'NONE',  ( -0.0000000000000000000, 0.0000000000000000000, -1.000000000000000000 ) ) ;
#2938 =( LENGTH_UNIT ( ) NAMED_UNIT ( * ) SI_UNIT ( .MILLI., .METRE. ) );
#2939 = ADVANCED_FACE ( 'NONE', ( #4018 ), #2027, .T. ) ;
#2940 = EDGE_CURVE ( 'NONE', #2807, #553, #1791, .T. ) ;
#2941 = FILL_AREA_STYLE ('',( #3710 ) ) ;
#2942 = EDGE_CURVE ( 'NONE', #1188, #1609, #2798, .T. ) ;
#2943 = ORIENTED_EDGE ( 'NONE', *, *, #515, .F. ) ;
#2944 = DIRECTION ( 'NONE',  ( 0.0000000000000000000, 1.000000000000000000, 0.0000000000000000000 ) ) ;
#2945 = ORIENTED_EDGE ( 'NONE', *, *, #1416, .F. ) ;
#2946 = DIRECTION ( 'NONE',  ( 2.312964634635743100E-015, 1.000000000000000000, 0.0000000000000000000 ) ) ;
#2947 = DIRECTION ( 'NONE',  ( -0.0000000000000000000, -1.000000000000000000, -0.0000000000000000000 ) ) ;
#2948 = CARTESIAN_POINT ( 'NONE',  ( 17.50000000000000000, 0.0000000000000000000, -20.00000000000000000 ) ) ;
#2949 = ORIENTED_EDGE ( 'NONE', *, *, #3098, .F. ) ;
#2950 = EDGE_LOOP ( 'NONE', ( #835, #3029, #2212, #4646, #4648, #1843, #2317, #4499 ) ) ;
#2951 = DIRECTION ( 'NONE',  ( 0.0000000000000000000, 0.0000000000000000000, -1.000000000000000000 ) ) ;
#2952 = LINE ( 'NONE', #987, #3203 ) ;
#2953 = DIRECTION ( 'NONE',  ( 1.000000000000000000, -0.0000000000000000000, -0.0000000000000000000 ) ) ;
#2954 = ORIENTED_EDGE ( 'NONE', *, *, #3289, .F. ) ;
#2955 = ADVANCED_FACE ( 'NONE', ( #3674 ), #167, .F. ) ;
#2956 = ORIENTED_EDGE ( 'NONE', *, *, #3984, .F. ) ;
#2957 = VECTOR ( 'NONE', #4080, 1000.000000000000000 ) ;
#2958 = EDGE_CURVE ( 'NONE', #3318, #2753, #2665, .T. ) ;
#2959 = EDGE_LOOP ( 'NONE', ( #999, #1433 ) ) ;
#2960 = CARTESIAN_POINT ( 'NONE',  ( 27.25000000000000000, 1.292893218813453200, -3.000000000000000000 ) ) ;
#2961 = ORIENTED_EDGE ( 'NONE', *, *, #1385, .T. ) ;
#2962 = COLOUR_RGB ( '',1.000000000000000000, 1.000000000000000000, 1.000000000000000000 ) ;
#2963 = EDGE_CURVE ( 'NONE', #2298, #4316, #2909, .T. ) ;
#2964 = CIRCLE ( 'NONE', #4805, 17.50000000000000000 ) ;
#2965 = AXIS2_PLACEMENT_3D ( 'NONE', #251, #3259, #1008 ) ;
#2966 = CARTESIAN_POINT ( 'NONE',  ( -7.999999999999998200, 8.149999999999991500, -13.00000000000000200 ) ) ;
#2967 = CARTESIAN_POINT ( 'NONE',  ( 0.0000000000000000000, 0.0000000000000000000, 39.50010000000000300 ) ) ;
#2968 = ADVANCED_FACE ( 'NONE', ( #2560, #1684 ), #2804, .F. ) ;
#2969 = ORIENTED_EDGE ( 'NONE', *, *, #3340, .F. ) ;
#2970 =( GEOMETRIC_REPRESENTATION_CONTEXT ( 3 ) GLOBAL_UNCERTAINTY_ASSIGNED_CONTEXT ( ( #1304 ) ) GLOBAL_UNIT_ASSIGNED_CONTEXT ( ( #3709, #1454, #4069 ) ) REPRESENTATION_CONTEXT ( 'NONE', 'WORKASPACE' ) );
#2971 = LINE ( 'NONE', #78, #3852 ) ;
#2972 = VECTOR ( 'NONE', #2239, 1000.000000000000000 ) ;
#2973 = VECTOR ( 'NONE', #4565, 1000.000000000000000 ) ;
#2974 = ORIENTED_EDGE ( 'NONE', *, *, #2538, .T. ) ;
#2975 = VECTOR ( 'NONE', #3514, 1000.000000000000000 ) ;
#2976 = CARTESIAN_POINT ( 'NONE',  ( 19.00000000000000400, 6.999999999999999100, -5.000000000000000000 ) ) ;
#2977 = CARTESIAN_POINT ( 'NONE',  ( 13.00000000000000500, 20.14999999999999500, -13.00000000000000200 ) ) ;
#2978 = ORIENTED_EDGE ( 'NONE', *, *, #2448, .T. ) ;
#2979 = DIRECTION ( 'NONE',  ( -0.0000000000000000000, -0.0000000000000000000, 1.000000000000000000 ) ) ;
#2980 = CYLINDRICAL_SURFACE ( 'NONE', #2651, 14.49999999999999800 ) ;
#2981 = CARTESIAN_POINT ( 'NONE',  ( 11.14407328102380000, 15.74864148391653300, -16.88777612569863300 ) ) ;
#2982 = ORIENTED_EDGE ( 'NONE', *, *, #2993, .F. ) ;
#2983 = CARTESIAN_POINT ( 'NONE',  ( 10.71027907581148700, 15.50000000000000000, -20.00000000000000000 ) ) ;
#2984 = FACE_OUTER_BOUND ( 'NONE', #299, .T. ) ;
#2985 = COLOUR_RGB ( '',1.000000000000000000, 1.000000000000000000, 0.5019607843137254800 ) ;
#2986 = CIRCLE ( 'NONE', #4839, 17.50000000000000000 ) ;
#2987 = EDGE_CURVE ( 'NONE', #4683, #3994, #679, .T. ) ;
#2988 = CARTESIAN_POINT ( 'NONE',  ( -8.000000000000001800, 29.00000000000000000, -13.00000000000000200 ) ) ;
#2989 = ORIENTED_EDGE ( 'NONE', *, *, #4079, .F. ) ;
#2990 = VERTEX_POINT ( 'NONE', #187 ) ;
#2991 = LINE ( 'NONE', #356, #4852 ) ;
#2992 = ADVANCED_FACE ( 'NONE', ( #3425 ), #1435, .T. ) ;
#2993 = EDGE_CURVE ( 'NONE', #1162, #2304, #4406, .T. ) ;
#2994 = DIRECTION ( 'NONE',  ( 0.4972829678330667500, 0.8675884104246305300, 0.0000000000000000000 ) ) ;
#2995 = PLANE ( 'NONE',  #3436 ) ;
#2996 = DIRECTION ( 'NONE',  ( 1.000000000000000000, -2.775557561562896500E-015, 0.0000000000000000000 ) ) ;
#2997 = MECHANICAL_DESIGN_GEOMETRIC_PRESENTATION_REPRESENTATION (  '', ( #2501 ), #3253 ) ;
#2998 = EDGE_CURVE ( 'NONE', #960, #2142, #2451, .T. ) ;
#2999 = CARTESIAN_POINT ( 'NONE',  ( -8.600000000000003200, 20.14999999999999500, 0.0000000000000000000 ) ) ;
#3000 = DIRECTION ( 'NONE',  ( 0.0000000000000000000, -1.000000000000000000, -0.0000000000000000000 ) ) ;
#3001 = CARTESIAN_POINT ( 'NONE',  ( 18.30000000000000400, 2.500000000000000000, -5.000000000000000000 ) ) ;
#3002 = STYLED_ITEM ( 'NONE', ( #699 ), #58 ) ;
#3003 = DIRECTION ( 'NONE',  ( 0.0000000000000000000, -0.0000000000000000000, 1.000000000000000000 ) ) ;
#3004 =( GEOMETRIC_REPRESENTATION_CONTEXT ( 3 ) GLOBAL_UNCERTAINTY_ASSIGNED_CONTEXT ( ( #4076 ) ) GLOBAL_UNIT_ASSIGNED_CONTEXT ( ( #2227, #4817, #2593 ) ) REPRESENTATION_CONTEXT ( 'NONE', 'WORKASPACE' ) );
#3005 = ORIENTED_EDGE ( 'NONE', *, *, #4102, .T. ) ;
#3006 = CARTESIAN_POINT ( 'NONE',  ( 0.0000000000000000000, 2.500000000000000000, 0.0000000000000000000 ) ) ;
#3007 = AXIS2_PLACEMENT_3D ( 'NONE', #3647, #4012, #1766 ) ;
#3008 = VERTEX_POINT ( 'NONE', #953 ) ;
#3009 = CARTESIAN_POINT ( 'NONE',  ( -11.02991084855762200, 15.89398079631680500, -16.97847603733478600 ) ) ;
#3010 = DIRECTION ( 'NONE',  ( -1.734723475976806800E-016, 1.000000000000000000, 0.0000000000000000000 ) ) ;
#3011 = EDGE_LOOP ( 'NONE', ( #226, #1351, #3367, #61 ) ) ;
#3012 = DIRECTION ( 'NONE',  ( -1.000000000000000000, 0.0000000000000000000, 0.0000000000000000000 ) ) ;
#3013 = LINE ( 'NONE', #434, #1020 ) ;
#3014 = EDGE_LOOP ( 'NONE', ( #3637, #1655, #3313, #2601 ) ) ;
#3015 = CARTESIAN_POINT ( 'NONE',  ( -8.392893218813464200, -20.14999999999999500, -3.000000000000000000 ) ) ;
#3016 = FACE_OUTER_BOUND ( 'NONE', #3790, .T. ) ;
#3017 = EDGE_CURVE ( 'NONE', #4396, #1067, #2328, .T. ) ;
#3018 = VERTEX_POINT ( 'NONE', #3945 ) ;
#3019 = CIRCLE ( 'NONE', #4212, 1.249999999999999300 ) ;
#3020 = CYLINDRICAL_SURFACE ( 'NONE', #4385, 14.49999999999999800 ) ;
#3021 = CARTESIAN_POINT ( 'NONE',  ( 18.99999999999999600, -7.500000000000000000, -5.000000000000000000 ) ) ;
#3022 = EDGE_CURVE ( 'NONE', #3999, #660, #427, .T. ) ;
#3023 = CIRCLE ( 'NONE', #2014, 14.49999999999999800 ) ;
#3024 = DIRECTION ( 'NONE',  ( -0.0000000000000000000, -0.0000000000000000000, 1.000000000000000000 ) ) ;
#3025 = EDGE_LOOP ( 'NONE', ( #303, #1132, #2961, #3414, #4225, #4667 ) ) ;
#3026 = CARTESIAN_POINT ( 'NONE',  ( 8.000000000000005300, 20.14999999999999500, -13.00000000000000200 ) ) ;
#3027 = LINE ( 'NONE', #1461, #2919 ) ;
#3028 = ORIENTED_EDGE ( 'NONE', *, *, #1627, .T. ) ;
#3029 = ORIENTED_EDGE ( 'NONE', *, *, #2594, .F. ) ;
#3030 = ORIENTED_EDGE ( 'NONE', *, *, #4463, .F. ) ;
#3031 = UNCERTAINTY_MEASURE_WITH_UNIT (LENGTH_MEASURE( 1.000000000000000100E-005 ), #2433, 'distance_accuracy_value', 'NONE');
#3032 = LINE ( 'NONE', #766, #2812 ) ;
#3033 = PRESENTATION_LAYER_ASSIGNMENT (  '', '', ( #2796 ) ) ;
#3034 = ORIENTED_EDGE ( 'NONE', *, *, #750, .T. ) ;
#3035 = DIRECTION ( 'NONE',  ( -0.0000000000000000000, -0.0000000000000000000, -1.000000000000000000 ) ) ;
#3036 = LINE ( 'NONE', #711, #2928 ) ;
#3037 = FILL_AREA_STYLE ('',( #1150 ) ) ;
#3038 = VECTOR ( 'NONE', #1618, 1000.000000000000000 ) ;
#3039 = VERTEX_POINT ( 'NONE', #4688 ) ;
#3040 = CARTESIAN_POINT ( 'NONE',  ( -8.000000000000001800, 29.00000000000000000, -13.00000000000000200 ) ) ;
#3041 = VERTEX_POINT ( 'NONE', #3218 ) ;
#3042 = FACE_BOUND ( 'NONE', #111, .T. ) ;
#3043 = CARTESIAN_POINT ( 'NONE',  ( 17.32050807568877500, -2.500000000000000000, -20.00000000000000000 ) ) ;
#3044 = EDGE_LOOP ( 'NONE', ( #2898, #2841, #3308, #763 ) ) ;
#3045 = DIRECTION ( 'NONE',  ( 0.0000000000000000000, 0.0000000000000000000, -1.000000000000000000 ) ) ;
#3046 = LINE ( 'NONE', #3673, #47 ) ;
#3047 = CARTESIAN_POINT ( 'NONE',  ( 19.00000000000000400, 7.500000000000000000, -5.000000000000000000 ) ) ;
#3048 = EDGE_LOOP ( 'NONE', ( #4124, #1154, #837, #3389, #4305, #3121 ) ) ;
#3049 = CARTESIAN_POINT ( 'NONE',  ( -15.18279718243103600, 8.702451937078668800, -20.00000000000000000 ) ) ;
#3050 = CARTESIAN_POINT ( 'NONE',  ( -17.19999999999999900, -2.500000000000000000, -20.00000000000000000 ) ) ;
#3051 = EDGE_CURVE ( 'NONE', #3625, #4390, #3213, .T. ) ;
#3052 =( LENGTH_UNIT ( ) NAMED_UNIT ( * ) SI_UNIT ( .MILLI., .METRE. ) );
#3053 = ORIENTED_EDGE ( 'NONE', *, *, #1881, .F. ) ;
#3054 =( NAMED_UNIT ( * ) SI_UNIT ( $, .STERADIAN. ) SOLID_ANGLE_UNIT ( ) );
#3055 = EDGE_CURVE ( 'NONE', #3285, #3952, #317, .T. ) ;
#3056 = SURFACE_STYLE_USAGE ( .BOTH. , #419 ) ;
#3057 = DIRECTION ( 'NONE',  ( -1.239088197126291100E-016, -1.000000000000000000, 0.0000000000000000000 ) ) ;
#3058 = AXIS2_PLACEMENT_3D ( 'NONE', #2334, #3081, #826 ) ;
#3059 = DIRECTION ( 'NONE',  ( 0.0000000000000000000, 1.000000000000000000, 0.0000000000000000000 ) ) ;
#3060 = ORIENTED_EDGE ( 'NONE', *, *, #818, .T. ) ;
#3061 = ORIENTED_EDGE ( 'NONE', *, *, #2394, .F. ) ;
#3062 = CARTESIAN_POINT ( 'NONE',  ( -15.00000000000000200, -5.094315243958978300, 39.50010000000000300 ) ) ;
#3063 = DIRECTION ( 'NONE',  ( 1.000000000000000000, 0.0000000000000000000, 0.0000000000000000000 ) ) ;
#3064 = AXIS2_PLACEMENT_3D ( 'NONE', #926, #3558, #1308 ) ;
#3065 = CARTESIAN_POINT ( 'NONE',  ( -1.499999999999996700, -17.64999999999999900, -0.0000000000000000000 ) ) ;
#3066 = DIRECTION ( 'NONE',  ( -0.0000000000000000000, -0.0000000000000000000, 1.000000000000000000 ) ) ;
#3067 = ADVANCED_FACE ( 'NONE', ( #1207 ), #2470, .T. ) ;
#3068 = ORIENTED_EDGE ( 'NONE', *, *, #3776, .T. ) ;
#3069 = AXIS2_PLACEMENT_3D ( 'NONE', #3040, #4144, #801 ) ;
#3070 = ORIENTED_EDGE ( 'NONE', *, *, #1835, .F. ) ;
#3071 = DIRECTION ( 'NONE',  ( -0.0000000000000000000, -0.0000000000000000000, 1.000000000000000000 ) ) ;
#3072 = FILL_AREA_STYLE ('',( #3748 ) ) ;
#3073 = VECTOR ( 'NONE', #2836, 1000.000000000000000 ) ;
#3074 = ORIENTED_EDGE ( 'NONE', *, *, #2612, .F. ) ;
#3075 = DIRECTION ( 'NONE',  ( 2.017120320903262500E-016, 1.000000000000000000, 0.0000000000000000000 ) ) ;
#3076 = ORIENTED_EDGE ( 'NONE', *, *, #1103, .F. ) ;
#3077 = CARTESIAN_POINT ( 'NONE',  ( 8.000000000000001800, 29.00000000000000000, -14.25000000000000000 ) ) ;
#3078 = CARTESIAN_POINT ( 'NONE',  ( 26.75000000000000000, 1.292893218813453200, -3.000000000000000000 ) ) ;
#3079 = LINE ( 'NONE', #2960, #2957 ) ;
#3080 = ORIENTED_EDGE ( 'NONE', *, *, #1256, .T. ) ;
#3081 = DIRECTION ( 'NONE',  ( 0.7071067811865476800, -0.7071067811865474600, 0.0000000000000000000 ) ) ;
#3082 = ORIENTED_EDGE ( 'NONE', *, *, #1339, .F. ) ;
#3083 = CARTESIAN_POINT ( 'NONE',  ( -18.19999999999999900, -1.000000000000000000, -15.50000000000000000 ) ) ;
#3084 = EDGE_LOOP ( 'NONE', ( #1882, #2327, #2788, #3487 ) ) ;
#3085 = LINE ( 'NONE', #2125, #3319 ) ;
#3086 = CARTESIAN_POINT ( 'NONE',  ( 0.0000000000000000000, 0.0000000000000000000, -20.00000000000000000 ) ) ;
#3087 = CARTESIAN_POINT ( 'NONE',  ( 18.30000000000000400, 2.500000000000000000, -5.000000000000000900 ) ) ;
#3088 = PLANE ( 'NONE',  #4428 ) ;
#3089 = LINE ( 'NONE', #2825, #1087 ) ;
#3090 = DIRECTION ( 'NONE',  ( 1.000000000000000000, 1.734723475976806800E-016, -0.0000000000000000000 ) ) ;
#3091 = CARTESIAN_POINT ( 'NONE',  ( 19.00000000000000400, 7.500000000000000000, -5.000000000000000000 ) ) ;
#3092 = CARTESIAN_POINT ( 'NONE',  ( 17.19999999999999900, -2.500000000000000000, -20.00000000000000000 ) ) ;
#3093 = ADVANCED_FACE ( 'NONE', ( #4067 ), #976, .F. ) ;
#3094 = EDGE_CURVE ( 'NONE', #2445, #2472, #3085, .T. ) ;
#3095 = DIRECTION ( 'NONE',  ( 0.0000000000000000000, 1.000000000000000000, 0.0000000000000000000 ) ) ;
#3096 = ORIENTED_EDGE ( 'NONE', *, *, #4540, .T. ) ;
#3097 = CARTESIAN_POINT ( 'NONE',  ( -19.43997900946483900, 2.500000000000000000, -20.10000000000000100 ) ) ;
#3098 = EDGE_CURVE ( 'NONE', #4791, #118, #210, .T. ) ;
#3099 = CIRCLE ( 'NONE', #879, 0.5000000000000004400 ) ;
#3100 = CIRCLE ( 'NONE', #4663, 2.999999999999999100 ) ;
#3101 = SURFACE_SIDE_STYLE ('',( #3112 ) ) ;
#3102 = ORIENTED_EDGE ( 'NONE', *, *, #237, .F. ) ;
#3103 = ADVANCED_FACE ( 'NONE', ( #2099 ), #2859, .T. ) ;
#3104 = CARTESIAN_POINT ( 'NONE',  ( 18.49999999999999600, -6.999999999999999100, -5.000000000000000000 ) ) ;
#3105 = VECTOR ( 'NONE', #2698, 1000.000000000000000 ) ;
#3106 = ORIENTED_EDGE ( 'NONE', *, *, #2249, .T. ) ;
#3107 = CARTESIAN_POINT ( 'NONE',  ( 10.71027907581148700, 16.00000000000000000, -20.00000000000000000 ) ) ;
#3108 = EDGE_CURVE ( 'NONE', #3422, #3008, #3958, .T. ) ;
#3109 = VECTOR ( 'NONE', #3842, 1000.000000000000000 ) ;
#3110 = DIRECTION ( 'NONE',  ( -0.0000000000000000000, -1.000000000000000000, -0.0000000000000000000 ) ) ;
#3111 = CARTESIAN_POINT ( 'NONE',  ( -11.00000000000000000, 20.14999999999999500, -13.00000000000000200 ) ) ;
#3112 = SURFACE_STYLE_FILL_AREA ( #464 ) ;
#3113 = CARTESIAN_POINT ( 'NONE',  ( 18.80000000000000400, 2.500000000000000000, -8.500000000000000000 ) ) ;
#3114 = VECTOR ( 'NONE', #3532, 1000.000000000000000 ) ;
#3115 = ORIENTED_EDGE ( 'NONE', *, *, #992, .T. ) ;
#3116 = DIRECTION ( 'NONE',  ( -0.1283355114047462800, 0.0000000000000000000, 0.9917308084921443400 ) ) ;
#3117 = VECTOR ( 'NONE', #3484, 1000.000000000000100 ) ;
#3118 = STYLED_ITEM ( 'NONE', ( #2578 ), #1485 ) ;
#3119 = DIRECTION ( 'NONE',  ( -0.0000000000000000000, -0.0000000000000000000, -1.000000000000000000 ) ) ;
#3120 = FILL_AREA_STYLE ('',( #1603 ) ) ;
#3121 = ORIENTED_EDGE ( 'NONE', *, *, #2534, .F. ) ;
#3122 = VECTOR ( 'NONE', #3265, 1000.000000000000100 ) ;
#3123 = VECTOR ( 'NONE', #2883, 1000.000000000000000 ) ;
#3124 = CARTESIAN_POINT ( 'NONE',  ( 25.85000000000000100, 0.0000000000000000000, 0.0000000000000000000 ) ) ;
#3125 = DIRECTION ( 'NONE',  ( -0.0000000000000000000, 0.0000000000000000000, 1.000000000000000000 ) ) ;
#3126 = CARTESIAN_POINT ( 'NONE',  ( -2.000000000000001800, 16.64999999999999500, 0.0000000000000000000 ) ) ;
#3127 = CARTESIAN_POINT ( 'NONE',  ( 1.500000000000004400, -17.64999999999999900, 0.0000000000000000000 ) ) ;
#3128 = ORIENTED_EDGE ( 'NONE', *, *, #828, .F. ) ;
#3129 = VECTOR ( 'NONE', #2953, 1000.000000000000000 ) ;
#3130 = CARTESIAN_POINT ( 'NONE',  ( -8.000000000000001800, 29.00000000000000000, -13.00000000000000200 ) ) ;
#3131 = ADVANCED_FACE ( 'NONE', ( #1973 ), #1368, .T. ) ;
#3132 = DIRECTION ( 'NONE',  ( -0.0000000000000000000, 0.0000000000000000000, 1.000000000000000000 ) ) ;
#3133 = DIRECTION ( 'NONE',  ( -0.0000000000000000000, -0.0000000000000000000, -1.000000000000000000 ) ) ;
#3134 = LINE ( 'NONE', #2918, #2132 ) ;
#3135 = CARTESIAN_POINT ( 'NONE',  ( 22.64999999999999900, 1.959434878635767400E-016, -3.000000000000000000 ) ) ;
#3136 = CARTESIAN_POINT ( 'NONE',  ( 18.49999999999999600, -6.999999999999999100, -5.000000000000000000 ) ) ;
#3137 = EDGE_CURVE ( 'NONE', #4291, #3310, #609, .T. ) ;
#3138 = FILL_AREA_STYLE_COLOUR ( '', #4672 ) ;
#3139 = CARTESIAN_POINT ( 'NONE',  ( -1.499999999999996700, -18.14999999999999900, 8.000000000000000000 ) ) ;
#3140 = CARTESIAN_POINT ( 'NONE',  ( 8.000000000000001800, 29.00000000000000000, -11.75000000000000200 ) ) ;
#3141 = EDGE_CURVE ( 'NONE', #1505, #3172, #1623, .T. ) ;
#3142 = DIRECTION ( 'NONE',  ( -0.0000000000000000000, -0.0000000000000000000, 1.000000000000000000 ) ) ;
#3143 = ORIENTED_EDGE ( 'NONE', *, *, #2127, .T. ) ;
#3144 = AXIS2_PLACEMENT_3D ( 'NONE', #3959, #1714, #4314 ) ;
#3145 = DIRECTION ( 'NONE',  ( -1.000000000000000000, 0.0000000000000000000, 0.0000000000000000000 ) ) ;
#3146 = CARTESIAN_POINT ( 'NONE',  ( 19.00000000000000400, 7.500000000000000000, -3.000000000000000000 ) ) ;
#3147 = ORIENTED_EDGE ( 'NONE', *, *, #972, .T. ) ;
#3148 = DIRECTION ( 'NONE',  ( -1.000000000000000000, 0.0000000000000000000, 0.0000000000000000000 ) ) ;
#3149 = VERTEX_POINT ( 'NONE', #3500 ) ;
#3150 = AXIS2_PLACEMENT_3D ( 'NONE', #3113, #100, #833 ) ;
#3151 = CARTESIAN_POINT ( 'NONE',  ( -2.999999999999996900, 8.149999999999991500, -5.000000000000000900 ) ) ;
#3152 = AXIS2_PLACEMENT_3D ( 'NONE', #1710, #969, #3599 ) ;
#3153 = CARTESIAN_POINT ( 'NONE',  ( -12.99999999999999600, 8.149999999999991500, -3.000000000000000000 ) ) ;
#3154 = ORIENTED_EDGE ( 'NONE', *, *, #1881, .T. ) ;
#3155 = CARTESIAN_POINT ( 'NONE',  ( -22.64999999999999900, 0.0000000000000000000, 0.0000000000000000000 ) ) ;
#3156 = DIRECTION ( 'NONE',  ( 0.0000000000000000000, 0.0000000000000000000, -1.000000000000000000 ) ) ;
#3157 =( NAMED_UNIT ( * ) SI_UNIT ( $, .STERADIAN. ) SOLID_ANGLE_UNIT ( ) );
#3158 = ORIENTED_EDGE ( 'NONE', *, *, #1475, .T. ) ;
#3159 = FACE_OUTER_BOUND ( 'NONE', #447, .T. ) ;
#3160 = CARTESIAN_POINT ( 'NONE',  ( 0.0000000000000000000, 0.0000000000000000000, 39.50000000000000000 ) ) ;
#3161 =( NAMED_UNIT ( * ) PLANE_ANGLE_UNIT ( ) SI_UNIT ( $, .RADIAN. ) );
#3162 = EDGE_CURVE ( 'NONE', #3535, #2084, #3609, .T. ) ;
#3163 = ORIENTED_EDGE ( 'NONE', *, *, #4166, .T. ) ;
#3164 = CARTESIAN_POINT ( 'NONE',  ( -8.000000000000001800, 16.00000000000000000, -10.75000000000000000 ) ) ;
#3165 = COLOUR_RGB ( '',0.7921568627450980000, 0.8196078431372548800, 0.9333333333333333500 ) ;
#3166 = LINE ( 'NONE', #143, #2163 ) ;
#3167 = DIRECTION ( 'NONE',  ( 1.000000000000000000, 0.0000000000000000000, 0.0000000000000000000 ) ) ;
#3168 = EDGE_LOOP ( 'NONE', ( #903, #4026, #2917, #1708, #3028, #4278, #4425 ) ) ;
#3169 = FACE_OUTER_BOUND ( 'NONE', #952, .T. ) ;
#3170 = EDGE_CURVE ( 'NONE', #3935, #3039, #3502, .T. ) ;
#3171 = ORIENTED_EDGE ( 'NONE', *, *, #1654, .F. ) ;
#3172 = VERTEX_POINT ( 'NONE', #1652 ) ;
#3173 = CIRCLE ( 'NONE', #4005, 17.50000000000000000 ) ;
#3174 = ORIENTED_EDGE ( 'NONE', *, *, #3428, .F. ) ;
#3175 = PRESENTATION_LAYER_ASSIGNMENT (  '', '', ( #2161 ) ) ;
#3176 = ADVANCED_FACE ( 'NONE', ( #4337 ), #2038, .T. ) ;
#3177 = DIRECTION ( 'NONE',  ( -1.000000000000000000, 0.0000000000000000000, 0.0000000000000000000 ) ) ;
#3178 = MECHANICAL_DESIGN_GEOMETRIC_PRESENTATION_REPRESENTATION (  '', ( #2648 ), #3405 ) ;
#3179 = LINE ( 'NONE', #1219, #2178 ) ;
#3180 = ORIENTED_EDGE ( 'NONE', *, *, #4696, .T. ) ;
#3181 = CARTESIAN_POINT ( 'NONE',  ( -10.71027907581148900, 16.00000000000000000, -20.00000000000000000 ) ) ;
#3182 = AXIS2_PLACEMENT_3D ( 'NONE', #1380, #3639, #1759 ) ;
#3183 = EDGE_LOOP ( 'NONE', ( #4122, #2833, #4363, #124 ) ) ;
#3184 = VECTOR ( 'NONE', #2543, 1000.000000000000000 ) ;
#3185 = CARTESIAN_POINT ( 'NONE',  ( 3.000000000000005800, 8.149999999999991500, -13.00000000000000200 ) ) ;
#3186 = VERTEX_POINT ( 'NONE', #4261 ) ;
#3187 = LINE ( 'NONE', #1418, #4097 ) ;
#3188 = CARTESIAN_POINT ( 'NONE',  ( 11.09643147153985200, 15.83176011944923500, -16.92630440907071300 ) ) ;
#3189 = DIRECTION ( 'NONE',  ( -1.000000000000000000, 0.0000000000000000000, 0.0000000000000000000 ) ) ;
#3190 = SURFACE_STYLE_FILL_AREA ( #4263 ) ;
#3191 = ORIENTED_EDGE ( 'NONE', *, *, #1772, .T. ) ;
#3192 = DIRECTION ( 'NONE',  ( 0.0000000000000000000, 0.0000000000000000000, -1.000000000000000000 ) ) ;
#3193 = DIRECTION ( 'NONE',  ( 0.7071067811865473500, -0.7071067811865477900, -0.0000000000000000000 ) ) ;
#3194 = ADVANCED_FACE ( 'NONE', ( #3016 ), #2020, .T. ) ;
#3195 = ORIENTED_EDGE ( 'NONE', *, *, #2751, .F. ) ;
#3196 = PLANE ( 'NONE',  #4552 ) ;
#3197 = EDGE_CURVE ( 'NONE', #1067, #2627, #4010, .T. ) ;
#3198 = EDGE_CURVE ( 'NONE', #2884, #2159, #1024, .T. ) ;
#3199 = ORIENTED_EDGE ( 'NONE', *, *, #1723, .F. ) ;
#3200 = B_SPLINE_CURVE_WITH_KNOTS ( 'NONE', 3,
 ( #369, #2629, #2266, #3009, #754, #3380 ),
 .UNSPECIFIED., .F., .F.,
 ( 4, 2, 4 ),
 ( 1.734723475976807100E-018, 0.0003042644840242041300, 0.0006085289680484065200 ),
 .UNSPECIFIED. ) ;
#3201 = ORIENTED_EDGE ( 'NONE', *, *, #142, .T. ) ;
#3202 = EDGE_CURVE ( 'NONE', #1953, #1205, #156, .T. ) ;
#3203 = VECTOR ( 'NONE', #3611, 1000.000000000000000 ) ;
#3204 = ORIENTED_EDGE ( 'NONE', *, *, #1949, .T. ) ;
#3205 = STYLED_ITEM ( 'NONE', ( #2494 ), #3467 ) ;
#3206 = DIRECTION ( 'NONE',  ( -0.0000000000000000000, -1.000000000000000000, -0.0000000000000000000 ) ) ;
#3207 = EDGE_LOOP ( 'NONE', ( #1414, #2897, #3305, #2055 ) ) ;
#3208 = LINE ( 'NONE', #700, #310 ) ;
#3209 = ORIENTED_EDGE ( 'NONE', *, *, #105, .F. ) ;
#3210 = AXIS2_PLACEMENT_3D ( 'NONE', #1945, #4550, #2339 ) ;
#3211 = ORIENTED_EDGE ( 'NONE', *, *, #3282, .F. ) ;
#3212 = VERTEX_POINT ( 'NONE', #4658 ) ;
#3213 = CIRCLE ( 'NONE', #3144, 14.49999999999999800 ) ;
#3214 = DIRECTION ( 'NONE',  ( 0.0000000000000000000, 0.0000000000000000000, -1.000000000000000000 ) ) ;
#3215 = CIRCLE ( 'NONE', #3314, 0.5000000000000004400 ) ;
#3216 = COLOUR_RGB ( '',0.7529411764705882200, 0.7529411764705882200, 0.7529411764705882200 ) ;
#3217 = ORIENTED_EDGE ( 'NONE', *, *, #2899, .T. ) ;
#3218 = CARTESIAN_POINT ( 'NONE',  ( -11.14407328102380600, 15.74864148391652600, -16.88777612569862200 ) ) ;
#3219 = DIRECTION ( 'NONE',  ( -2.168404344971006900E-016, 1.000000000000000000, 0.0000000000000000000 ) ) ;
#3220 = CARTESIAN_POINT ( 'NONE',  ( 8.392893218813462400, -19.64999999999999900, 0.0000000000000000000 ) ) ;
#3221 = EDGE_LOOP ( 'NONE', ( #788, #1589, #2920, #3195 ) ) ;
#3222 = ORIENTED_EDGE ( 'NONE', *, *, #1742, .F. ) ;
#3223 = EDGE_CURVE ( 'NONE', #3693, #3149, #2900, .T. ) ;
#3224 = LINE ( 'NONE', #4541, #219 ) ;
#3225 = ORIENTED_EDGE ( 'NONE', *, *, #1109, .T. ) ;
#3226 = VECTOR ( 'NONE', #4183, 1000.000000000000000 ) ;
#3227 = PLANE ( 'NONE',  #3152 ) ;
#3228 = PLANE ( 'NONE',  #3350 ) ;
#3229 = LINE ( 'NONE', #3153, #4193 ) ;
#3230 = VERTEX_POINT ( 'NONE', #2065 ) ;
#3231 = EDGE_CURVE ( 'NONE', #1367, #1505, #2793, .T. ) ;
#3232 = LINE ( 'NONE', #471, #3117 ) ;
#3233 = CYLINDRICAL_SURFACE ( 'NONE', #4277, 1.249999999999999300 ) ;
#3234 = FACE_OUTER_BOUND ( 'NONE', #3410, .T. ) ;
#3235 = DIRECTION ( 'NONE',  ( -0.0000000000000000000, -0.0000000000000000000, 1.000000000000000000 ) ) ;
#3236 = DIRECTION ( 'NONE',  ( 0.9986740976945127600, -0.0000000000000000000, -0.05147860326437251500 ) ) ;
#3237 = ORIENTED_EDGE ( 'NONE', *, *, #2127, .F. ) ;
#3238 = AXIS2_PLACEMENT_3D ( 'NONE', #4479, #2270, #11 ) ;
#3239 = VECTOR ( 'NONE', #3712, 1000.000000000000200 ) ;
#3240 = VECTOR ( 'NONE', #1958, 1000.000000000000000 ) ;
#3241 = DIRECTION ( 'NONE',  ( 0.0000000000000000000, -1.000000000000000000, 0.0000000000000000000 ) ) ;
#3242 = PLANE ( 'NONE',  #2113 ) ;
#3243 = EDGE_CURVE ( 'NONE', #4471, #3616, #3774, .T. ) ;
#3244 = DIRECTION ( 'NONE',  ( 0.0000000000000000000, -1.000000000000000000, 0.0000000000000000000 ) ) ;
#3245 = CARTESIAN_POINT ( 'NONE',  ( 17.50000000000000000, 2.500000000000000000, -20.00000000000000000 ) ) ;
#3246 = DIRECTION ( 'NONE',  ( -0.0000000000000000000, -0.0000000000000000000, -1.000000000000000000 ) ) ;
#3247 = EDGE_CURVE ( 'NONE', #4420, #2525, #774, .T. ) ;
#3248 = FILL_AREA_STYLE_COLOUR ( '', #3165 ) ;
#3249 = DIRECTION ( 'NONE',  ( -0.0000000000000000000, 0.0000000000000000000, 1.000000000000000000 ) ) ;
#3250 = DIRECTION ( 'NONE',  ( 0.2156244908238079400, 0.0000000000000000000, 0.9764763586267583000 ) ) ;
#3251 = ORIENTED_EDGE ( 'NONE', *, *, #4470, .F. ) ;
#3252 = CARTESIAN_POINT ( 'NONE',  ( -24.25000000000000000, 0.0000000000000000000, 0.0000000000000000000 ) ) ;
#3253 =( GEOMETRIC_REPRESENTATION_CONTEXT ( 3 ) GLOBAL_UNCERTAINTY_ASSIGNED_CONTEXT ( ( #3704 ) ) GLOBAL_UNIT_ASSIGNED_CONTEXT ( ( #3052, #796, #3421 ) ) REPRESENTATION_CONTEXT ( 'NONE', 'WORKASPACE' ) );
#3254 = EDGE_CURVE ( 'NONE', #1057, #1683, #918, .T. ) ;
#3255 = DIRECTION ( 'NONE',  ( 0.0000000000000000000, 1.000000000000000000, 0.0000000000000000000 ) ) ;
#3256 = PRESENTATION_LAYER_ASSIGNMENT (  '', '', ( #3002 ) ) ;
#3257 = CARTESIAN_POINT ( 'NONE',  ( -15.00000000000000400, 5.505684756041020500, 39.00000000000000000 ) ) ;
#3258 =( NAMED_UNIT ( * ) SI_UNIT ( $, .STERADIAN. ) SOLID_ANGLE_UNIT ( ) );
#3259 = DIRECTION ( 'NONE',  ( 0.0000000000000000000, 0.0000000000000000000, -1.000000000000000000 ) ) ;
#3260 = DIRECTION ( 'NONE',  ( 0.0000000000000000000, 0.0000000000000000000, 1.000000000000000000 ) ) ;
#3261 = ORIENTED_EDGE ( 'NONE', *, *, #2834, .T. ) ;
#3262 = FACE_OUTER_BOUND ( 'NONE', #2137, .T. ) ;
#3263 = PRESENTATION_LAYER_ASSIGNMENT (  '', '', ( #2771 ) ) ;
#3264 =( LENGTH_UNIT ( ) NAMED_UNIT ( * ) SI_UNIT ( .MILLI., .METRE. ) );
#3265 = DIRECTION ( 'NONE',  ( -0.2156244908238079400, -0.0000000000000000000, -0.9764763586267583000 ) ) ;
#3266 = DIRECTION ( 'NONE',  ( -1.000000000000000000, 0.0000000000000000000, 0.0000000000000000000 ) ) ;
#3267 = DIRECTION ( 'NONE',  ( 0.0000000000000000000, 0.0000000000000000000, -1.000000000000000000 ) ) ;
#3268 = ORIENTED_EDGE ( 'NONE', *, *, #1861, .T. ) ;
#3269 = CARTESIAN_POINT ( 'NONE',  ( 8.000000000000001800, 29.00000000000000000, -13.00000000000000200 ) ) ;
#3270 = CARTESIAN_POINT ( 'NONE',  ( -20.30000000000000400, 2.500000000000000000, -6.735701647581717700 ) ) ;
#3271 = DIRECTION ( 'NONE',  ( 0.0000000000000000000, 0.0000000000000000000, 1.000000000000000000 ) ) ;
#3272 = VECTOR ( 'NONE', #497, 1000.000000000000000 ) ;
#3273 = CARTESIAN_POINT ( 'NONE',  ( -8.000000000000001800, 29.00000000000000000, -11.75000000000000200 ) ) ;
#3274 = LINE ( 'NONE', #2221, #375 ) ;
#3275 = VERTEX_POINT ( 'NONE', #3589 ) ;
#3276 = VECTOR ( 'NONE', #1064, 1000.000000000000000 ) ;
#3277 = ORIENTED_EDGE ( 'NONE', *, *, #2068, .T. ) ;
#3278 = ORIENTED_EDGE ( 'NONE', *, *, #142, .F. ) ;
#3279 = CARTESIAN_POINT ( 'NONE',  ( -22.64999999999999900, 0.0000000000000000000, -3.000000000000000000 ) ) ;
#3280 = ORIENTED_EDGE ( 'NONE', *, *, #4324, .F. ) ;
#3281 = DIRECTION ( 'NONE',  ( -1.000000000000000000, 0.0000000000000000000, 0.0000000000000000000 ) ) ;
#3282 = EDGE_CURVE ( 'NONE', #4291, #3952, #3668, .T. ) ;
#3283 = VERTEX_POINT ( 'NONE', #1332 ) ;
#3284 = VECTOR ( 'NONE', #1198, 1000.000000000000000 ) ;
#3285 = VERTEX_POINT ( 'NONE', #3946 ) ;
#3286 = VECTOR ( 'NONE', #2272, 1000.000000000000000 ) ;
#3287 =( NAMED_UNIT ( * ) PLANE_ANGLE_UNIT ( ) SI_UNIT ( $, .RADIAN. ) );
#3288 = DIRECTION ( 'NONE',  ( 0.0000000000000000000, 0.0000000000000000000, -1.000000000000000000 ) ) ;
#3289 = EDGE_CURVE ( 'NONE', #507, #1609, #4514, .T. ) ;
#3290 = LINE ( 'NONE', #4340, #2290 ) ;
#3291 = EDGE_LOOP ( 'NONE', ( #3372, #4133, #1011, #1640 ) ) ;
#3292 = LINE ( 'NONE', #4381, #4134 ) ;
#3293 = AXIS2_PLACEMENT_3D ( 'NONE', #2029, #4243, #1286 ) ;
#3294 = MECHANICAL_DESIGN_GEOMETRIC_PRESENTATION_REPRESENTATION (  '', ( #2796 ), #3557 ) ;
#3295 = CIRCLE ( 'NONE', #3485, 17.50000000000000000 ) ;
#3296 = VERTEX_POINT ( 'NONE', #577 ) ;
#3297 = DIRECTION ( 'NONE',  ( 1.000000000000000000, 0.0000000000000000000, 0.0000000000000000000 ) ) ;
#3298 = DIRECTION ( 'NONE',  ( 0.0000000000000000000, 0.0000000000000000000, -1.000000000000000000 ) ) ;
#3299 = CARTESIAN_POINT ( 'NONE',  ( -15.00000000000000200, -5.094315243958978300, 42.50000000000000000 ) ) ;
#3300 = DIRECTION ( 'NONE',  ( -0.0000000000000000000, 0.0000000000000000000, 1.000000000000000000 ) ) ;
#3301 = ORIENTED_EDGE ( 'NONE', *, *, #4272, .T. ) ;
#3302 = ORIENTED_EDGE ( 'NONE', *, *, #3713, .F. ) ;
#3303 = ADVANCED_FACE ( 'NONE', ( #1678 ), #2473, .T. ) ;
#3304 = EDGE_CURVE ( 'NONE', #2525, #4036, #2554, .T. ) ;
#3305 = ORIENTED_EDGE ( 'NONE', *, *, #1887, .T. ) ;
#3306 = DIRECTION ( 'NONE',  ( 0.7071067811865474600, 0.7071067811865476800, -0.0000000000000000000 ) ) ;
#3307 = VECTOR ( 'NONE', #3593, 1000.000000000000000 ) ;
#3308 = ORIENTED_EDGE ( 'NONE', *, *, #4589, .T. ) ;
#3309 =( NAMED_UNIT ( * ) SI_UNIT ( $, .STERADIAN. ) SOLID_ANGLE_UNIT ( ) );
#3310 = VERTEX_POINT ( 'NONE', #2845 ) ;
#3311 = EDGE_CURVE ( 'NONE', #2645, #968, #563, .T. ) ;
#3312 = FACE_OUTER_BOUND ( 'NONE', #3798, .T. ) ;
#3313 = ORIENTED_EDGE ( 'NONE', *, *, #3503, .F. ) ;
#3314 = AXIS2_PLACEMENT_3D ( 'NONE', #3104, #848, #3480 ) ;
#3315 = CARTESIAN_POINT ( 'NONE',  ( 0.0000000000000000000, 16.64999999999999500, -0.0000000000000000000 ) ) ;
#3316 = DIRECTION ( 'NONE',  ( 0.0000000000000000000, 0.0000000000000000000, 1.000000000000000000 ) ) ;
#3317 = ORIENTED_EDGE ( 'NONE', *, *, #3943, .T. ) ;
#3318 = VERTEX_POINT ( 'NONE', #3607 ) ;
#3319 = VECTOR ( 'NONE', #4710, 1000.000000000000000 ) ;
#3320 = AXIS2_PLACEMENT_3D ( 'NONE', #1670, #3167, #4644 ) ;
#3321 = AXIS2_PLACEMENT_3D ( 'NONE', #65, #3075, #821 ) ;
#3322 = CARTESIAN_POINT ( 'NONE',  ( 18.50000000000000400, 6.999999999999999100, -5.000000000000000000 ) ) ;
#3323 = VECTOR ( 'NONE', #1569, 1000.000000000000000 ) ;
#3324 = VECTOR ( 'NONE', #1936, 1000.000000000000000 ) ;
#3325 = SURFACE_SIDE_STYLE ('',( #3734 ) ) ;
#3326 = ORIENTED_EDGE ( 'NONE', *, *, #1018, .F. ) ;
#3327 = SURFACE_SIDE_STYLE ('',( #3651 ) ) ;
#3328 = ADVANCED_FACE ( 'NONE', ( #3418 ), #1429, .F. ) ;
#3329 = ORIENTED_EDGE ( 'NONE', *, *, #184, .T. ) ;
#3330 = ORIENTED_EDGE ( 'NONE', *, *, #288, .T. ) ;
#3331 = LINE ( 'NONE', #1184, #4188 ) ;
#3332 = CARTESIAN_POINT ( 'NONE',  ( 0.0000000000000000000, 0.0000000000000000000, -20.00000000000000000 ) ) ;
#3333 = ORIENTED_EDGE ( 'NONE', *, *, #4198, .F. ) ;
#3334 = PLANE ( 'NONE',  #3757 ) ;
#3335 = FACE_OUTER_BOUND ( 'NONE', #1387, .T. ) ;
#3336 = ORIENTED_EDGE ( 'NONE', *, *, #1473, .T. ) ;
#3337 = CIRCLE ( 'NONE', #649, 17.50000000000000000 ) ;
#3338 = CARTESIAN_POINT ( 'NONE',  ( 14.49999999999999800, 0.0000000000000000000, -23.50000000000000000 ) ) ;
#3339 = ADVANCED_FACE ( 'NONE', ( #1544 ), #4288, .T. ) ;
#3340 = EDGE_CURVE ( 'NONE', #1692, #2887, #2446, .T. ) ;
#3341 = FACE_OUTER_BOUND ( 'NONE', #3424, .T. ) ;
#3342 = EDGE_CURVE ( 'NONE', #2159, #1057, #420, .T. ) ;
#3343 = ORIENTED_EDGE ( 'NONE', *, *, #3986, .F. ) ;
#3344 = VECTOR ( 'NONE', #4374, 1000.000000000000000 ) ;
#3345 = LINE ( 'NONE', #1583, #3240 ) ;
#3346 = DIRECTION ( 'NONE',  ( 0.0000000000000000000, 1.000000000000000000, 0.0000000000000000000 ) ) ;
#3347 = DIRECTION ( 'NONE',  ( 1.000000000000000000, 0.0000000000000000000, -0.0000000000000000000 ) ) ;
#3348 = EDGE_CURVE ( 'NONE', #4149, #4050, #3563, .T. ) ;
#3349 = PLANE ( 'NONE',  #2079 ) ;
#3350 = AXIS2_PLACEMENT_3D ( 'NONE', #3600, #3964, #1721 ) ;
#3351 = AXIS2_PLACEMENT_3D ( 'NONE', #1756, #2886, #645 ) ;
#3352 = CARTESIAN_POINT ( 'NONE',  ( 17.19999999999999900, -0.9999999999999995600, -23.50000000000000000 ) ) ;
#3353 = CARTESIAN_POINT ( 'NONE',  ( -18.30000000000000400, 2.500000000000000000, -9.000000000000001800 ) ) ;
#3354 = ORIENTED_EDGE ( 'NONE', *, *, #899, .T. ) ;
#3355 = DIRECTION ( 'NONE',  ( -0.0000000000000000000, -0.0000000000000000000, 1.000000000000000000 ) ) ;
#3356 = ADVANCED_FACE ( 'NONE', ( #3312 ), #2493, .F. ) ;
#3357 = DIRECTION ( 'NONE',  ( 0.0000000000000000000, 0.0000000000000000000, 1.000000000000000000 ) ) ;
#3358 = VERTEX_POINT ( 'NONE', #1817 ) ;
#3359 = COLOUR_RGB ( '',1.000000000000000000, 1.000000000000000000, 1.000000000000000000 ) ;
#3360 = EDGE_CURVE ( 'NONE', #486, #4468, #4163, .T. ) ;
#3361 = CARTESIAN_POINT ( 'NONE',  ( -8.392893218813464200, -19.64999999999999500, -3.000000000000000000 ) ) ;
#3362 = DIRECTION ( 'NONE',  ( -0.7071067811865474600, 0.7071067811865474600, 0.0000000000000000000 ) ) ;
#3363 = PRESENTATION_STYLE_ASSIGNMENT (( #2775 ) ) ;
#3364 = DIRECTION ( 'NONE',  ( -0.0000000000000000000, -1.000000000000000000, -0.0000000000000000000 ) ) ;
#3365 = CARTESIAN_POINT ( 'NONE',  ( -17.19999999999999900, -2.500000000000000000, -23.50000000000000000 ) ) ;
#3366 = EDGE_CURVE ( 'NONE', #1445, #2748, #3208, .T. ) ;
#3367 = ORIENTED_EDGE ( 'NONE', *, *, #1177, .T. ) ;
#3368 = VECTOR ( 'NONE', #2314, 1000.000000000000000 ) ;
#3369 = AXIS2_PLACEMENT_3D ( 'NONE', #939, #2078, #3936 ) ;
#3370 = CARTESIAN_POINT ( 'NONE',  ( -8.746446609406739000, -20.00355339059326800, -3.000000000000000000 ) ) ;
#3371 = CARTESIAN_POINT ( 'NONE',  ( -19.43997900946483900, 2.500000000000000000, -20.10000000000000100 ) ) ;
#3372 = ORIENTED_EDGE ( 'NONE', *, *, #3737, .F. ) ;
#3373 = AXIS2_PLACEMENT_3D ( 'NONE', #853, #2741, #496 ) ;
#3374 = VECTOR ( 'NONE', #1246, 1000.000000000000000 ) ;
#3375 = AXIS2_PLACEMENT_3D ( 'NONE', #1362, #3980, #1731 ) ;
#3376 = DIRECTION ( 'NONE',  ( 0.0000000000000000000, 0.0000000000000000000, -1.000000000000000000 ) ) ;
#3377 = VERTEX_POINT ( 'NONE', #2220 ) ;
#3378 = LINE ( 'NONE', #3664, #2409 ) ;
#3379 = ORIENTED_EDGE ( 'NONE', *, *, #2155, .T. ) ;
#3380 = CARTESIAN_POINT ( 'NONE',  ( -11.14407328102380600, 15.74864148391652600, -16.88777612569862200 ) ) ;
#3381 = ORIENTED_EDGE ( 'NONE', *, *, #2738, .T. ) ;
#3382 = CARTESIAN_POINT ( 'NONE',  ( 17.19999999999999900, 2.500000000000000000, -23.50000000000000000 ) ) ;
#3383 = EDGE_CURVE ( 'NONE', #3656, #2298, #1326, .T. ) ;
#3384 = ORIENTED_EDGE ( 'NONE', *, *, #3366, .F. ) ;
#3385 = DIRECTION ( 'NONE',  ( -0.0000000000000000000, 0.0000000000000000000, -1.000000000000000000 ) ) ;
#3386 = ORIENTED_EDGE ( 'NONE', *, *, #3304, .T. ) ;
#3387 = DIRECTION ( 'NONE',  ( 0.0000000000000000000, 0.0000000000000000000, -1.000000000000000000 ) ) ;
#3388 = LINE ( 'NONE', #3829, #3284 ) ;
#3389 = ORIENTED_EDGE ( 'NONE', *, *, #3254, .F. ) ;
#3390 = LINE ( 'NONE', #4484, #388 ) ;
#3391 = EDGE_CURVE ( 'NONE', #2893, #4471, #1199, .T. ) ;
#3392 = CYLINDRICAL_SURFACE ( 'NONE', #2507, 14.49999999999999800 ) ;
#3393 = EDGE_CURVE ( 'NONE', #844, #1290, #206, .T. ) ;
#3394 = FACE_OUTER_BOUND ( 'NONE', #4509, .T. ) ;
#3395 = ORIENTED_EDGE ( 'NONE', *, *, #3698, .T. ) ;
#3396 = CIRCLE ( 'NONE', #4302, 1.600000000000000800 ) ;
#3397 = DIRECTION ( 'NONE',  ( 0.0000000000000000000, 0.0000000000000000000, 1.000000000000000000 ) ) ;
#3398 = EDGE_CURVE ( 'NONE', #521, #4618, #3079, .T. ) ;
#3399 = CARTESIAN_POINT ( 'NONE',  ( 13.00000000000000400, 15.75000000000000400, -3.000000000000000000 ) ) ;
#3400 = MECHANICAL_DESIGN_GEOMETRIC_PRESENTATION_REPRESENTATION (  '', ( #2161 ), #3663 ) ;
#3401 = ORIENTED_EDGE ( 'NONE', *, *, #1742, .T. ) ;
#3402 = DIRECTION ( 'NONE',  ( 0.0000000000000000000, 0.0000000000000000000, -1.000000000000000000 ) ) ;
#3403 = CARTESIAN_POINT ( 'NONE',  ( -4.999999999999995600, 20.14999999999999500, -5.000000000000000000 ) ) ;
#3404 = DIRECTION ( 'NONE',  ( 0.0000000000000000000, 0.0000000000000000000, -1.000000000000000000 ) ) ;
#3405 =( GEOMETRIC_REPRESENTATION_CONTEXT ( 3 ) GLOBAL_UNCERTAINTY_ASSIGNED_CONTEXT ( ( #602 ) ) GLOBAL_UNIT_ASSIGNED_CONTEXT ( ( #4100, #1869, #4462 ) ) REPRESENTATION_CONTEXT ( 'NONE', 'WORKASPACE' ) );
#3406 = AXIS2_PLACEMENT_3D ( 'NONE', #4378, #2540, #282 ) ;
#3407 = ORIENTED_EDGE ( 'NONE', *, *, #526, .T. ) ;
#3408 = VERTEX_POINT ( 'NONE', #4825 ) ;
#3409 = STYLED_ITEM ( 'NONE', ( #3623 ), #1856 ) ;
#3410 = EDGE_LOOP ( 'NONE', ( #1571, #2001, #4009, #261, #2949, #3417 ) ) ;
#3411 = VERTEX_POINT ( 'NONE', #2238 ) ;
#3412 = CARTESIAN_POINT ( 'NONE',  ( -18.19999999999999900, 1.000000000000000000, -20.03608286463847300 ) ) ;
#3413 = VECTOR ( 'NONE', #4647, 1000.000000000000000 ) ;
#3414 = ORIENTED_EDGE ( 'NONE', *, *, #1010, .T. ) ;
#3415 = CARTESIAN_POINT ( 'NONE',  ( -8.000000000000001800, 29.00000000000000000, -11.75000000000000200 ) ) ;
#3416 = ORIENTED_EDGE ( 'NONE', *, *, #3501, .T. ) ;
#3417 = ORIENTED_EDGE ( 'NONE', *, *, #608, .F. ) ;
#3418 = FACE_OUTER_BOUND ( 'NONE', #2649, .T. ) ;
#3419 = ORIENTED_EDGE ( 'NONE', *, *, #480, .T. ) ;
#3420 = UNCERTAINTY_MEASURE_WITH_UNIT (LENGTH_MEASURE( 1.000000000000000100E-005 ), #4474, 'distance_accuracy_value', 'NONE');
#3421 =( NAMED_UNIT ( * ) SI_UNIT ( $, .STERADIAN. ) SOLID_ANGLE_UNIT ( ) );
#3422 = VERTEX_POINT ( 'NONE', #350 ) ;
#3423 = EDGE_CURVE ( 'NONE', #4141, #3018, #3955, .T. ) ;
#3424 = EDGE_LOOP ( 'NONE', ( #1865, #1129, #491, #1722, #3163, #48, #1777, #2407 ) ) ;
#3425 = FACE_OUTER_BOUND ( 'NONE', #1570, .T. ) ;
#3426 = DIRECTION ( 'NONE',  ( -1.000000000000000000, 0.0000000000000000000, 0.0000000000000000000 ) ) ;
#3427 = CARTESIAN_POINT ( 'NONE',  ( -10.00000000000000200, 5.105684756041020100, 42.50000000000000000 ) ) ;
#3428 = EDGE_CURVE ( 'NONE', #36, #933, #1078, .T. ) ;
#3429 = CARTESIAN_POINT ( 'NONE',  ( 8.600000000000005000, -20.14999999999999900, -3.000000000000000000 ) ) ;
#3430 =( NAMED_UNIT ( * ) PLANE_ANGLE_UNIT ( ) SI_UNIT ( $, .RADIAN. ) );
#3431 = ADVANCED_FACE ( 'NONE', ( #2839 ), #4096, .T. ) ;
#3432 = CIRCLE ( 'NONE', #2313, 0.5000000000000000000 ) ;
#3433 = EDGE_CURVE ( 'NONE', #3932, #4149, #1840, .T. ) ;
#3434 = CYLINDRICAL_SURFACE ( 'NONE', #3992, 1.249999999999999300 ) ;
#3435 = SURFACE_STYLE_USAGE ( .BOTH. , #808 ) ;
#3436 = AXIS2_PLACEMENT_3D ( 'NONE', #370, #3010, #239 ) ;
#3437 = CARTESIAN_POINT ( 'NONE',  ( 0.0000000000000000000, 0.0000000000000000000, 0.0000000000000000000 ) ) ;
#3438 = VERTEX_POINT ( 'NONE', #361 ) ;
#3439 = CARTESIAN_POINT ( 'NONE',  ( -27.25000000000000400, -1.292893218813459400, -3.000000000000000000 ) ) ;
#3440 = DIRECTION ( 'NONE',  ( -0.0000000000000000000, -1.000000000000000000, -0.0000000000000000000 ) ) ;
#3441 = CARTESIAN_POINT ( 'NONE',  ( 19.00000000000000400, 2.500000000000000000, -6.015548772996655000 ) ) ;
#3442 = COLOUR_RGB ( '',1.000000000000000000, 1.000000000000000000, 0.5019607843137254800 ) ;
#3443 = ORIENTED_EDGE ( 'NONE', *, *, #1582, .T. ) ;
#3444 = CARTESIAN_POINT ( 'NONE',  ( -15.00000000000000400, 5.105684756041021000, 39.50010000000000300 ) ) ;
#3445 = LINE ( 'NONE', #4522, #2348 ) ;
#3446 = AXIS2_PLACEMENT_3D ( 'NONE', #1600, #4196, #1979 ) ;
#3447 = ORIENTED_EDGE ( 'NONE', *, *, #1242, .F. ) ;
#3448 = ORIENTED_EDGE ( 'NONE', *, *, #1660, .T. ) ;
#3449 = CARTESIAN_POINT ( 'NONE',  ( -15.00000000000000200, -5.094315243958978300, 42.50000000000000000 ) ) ;
#3450 = SURFACE_STYLE_USAGE ( .BOTH. , #815 ) ;
#3451 = LINE ( 'NONE', #4159, #1451 ) ;
#3452 = DIRECTION ( 'NONE',  ( 1.239088197126291100E-016, 1.000000000000000000, 0.0000000000000000000 ) ) ;
#3453 = ORIENTED_EDGE ( 'NONE', *, *, #2935, .T. ) ;
#3454 = CARTESIAN_POINT ( 'NONE',  ( -1.999999999999996700, -18.14999999999999900, 0.0000000000000000000 ) ) ;
#3455 = DIRECTION ( 'NONE',  ( -1.000000000000000000, 0.0000000000000000000, 0.0000000000000000000 ) ) ;
#3456 = LINE ( 'NONE', #4529, #1578 ) ;
#3457 = ORIENTED_EDGE ( 'NONE', *, *, #3137, .F. ) ;
#3458 = DIRECTION ( 'NONE',  ( -0.0000000000000000000, -0.0000000000000000000, 1.000000000000000000 ) ) ;
#3459 = CARTESIAN_POINT ( 'NONE',  ( -15.00000000000000400, 5.105684756041021000, 42.50000000000000000 ) ) ;
#3460 = ADVANCED_FACE ( 'NONE', ( #4701 ), #2995, .F. ) ;
#3461 = CARTESIAN_POINT ( 'NONE',  ( 2.000000000000004400, -18.14999999999999900, -2.999999999999999100 ) ) ;
#3462 = DIRECTION ( 'NONE',  ( -1.000000000000000000, 0.0000000000000000000, 0.0000000000000000000 ) ) ;
#3463 = PLANE ( 'NONE',  #2170 ) ;
#3464 = DIRECTION ( 'NONE',  ( -4.625929269271485900E-016, 1.000000000000000000, -0.0000000000000000000 ) ) ;
#3465 = CARTESIAN_POINT ( 'NONE',  ( -12.99999999999999600, 8.149999999999991500, -3.000000000000000000 ) ) ;
#3466 = EDGE_CURVE ( 'NONE', #4316, #3039, #4335, .T. ) ;
#3467 = ADVANCED_FACE ( 'NONE', ( #2396 ), #2325, .F. ) ;
#3468 = VERTEX_POINT ( 'NONE', #1937 ) ;
#3469 = LINE ( 'NONE', #1019, #4210 ) ;
#3470 = CARTESIAN_POINT ( 'NONE',  ( -18.30000000000000400, 2.500000000000000000, -5.000000000000000000 ) ) ;
#3471 = LINE ( 'NONE', #2722, #468 ) ;
#3472 = DIRECTION ( 'NONE',  ( -1.000000000000000000, 4.625929269271486900E-016, 0.0000000000000000000 ) ) ;
#3473 = DIRECTION ( 'NONE',  ( 1.000000000000000000, 0.0000000000000000000, 0.0000000000000000000 ) ) ;
#3474 = CARTESIAN_POINT ( 'NONE',  ( -2.000000000000001300, 20.14999999999999500, 8.000000000000000000 ) ) ;
#3475 = CARTESIAN_POINT ( 'NONE',  ( 8.000000000000001800, 29.00000000000000000, -13.00000000000000200 ) ) ;
#3476 = CARTESIAN_POINT ( 'NONE',  ( 3.000000000000006200, 16.00000000000000000, -20.00000000000000000 ) ) ;
#3477 = EDGE_CURVE ( 'NONE', #1164, #2719, #3013, .T. ) ;
#3478 = DIRECTION ( 'NONE',  ( -1.000000000000000000, 3.533065240719123400E-016, -0.0000000000000000000 ) ) ;
#3479 =( LENGTH_UNIT ( ) NAMED_UNIT ( * ) SI_UNIT ( .MILLI., .METRE. ) );
#3480 = DIRECTION ( 'NONE',  ( -1.000000000000000000, 0.0000000000000000000, 0.0000000000000000000 ) ) ;
#3481 = AXIS2_PLACEMENT_3D ( 'NONE', #2511, #4356, #2150 ) ;
#3482 = DIRECTION ( 'NONE',  ( -0.0000000000000000000, -0.0000000000000000000, -1.000000000000000000 ) ) ;
#3483 = CARTESIAN_POINT ( 'NONE',  ( -27.24999999999999600, 1.499999999999997800, 0.0000000000000000000 ) ) ;
#3484 = DIRECTION ( 'NONE',  ( 0.4972829678330660300, -0.8675884104246308600, 0.0000000000000000000 ) ) ;
#3485 = AXIS2_PLACEMENT_3D ( 'NONE', #2047, #4640, #2430 ) ;
#3486 = DIRECTION ( 'NONE',  ( -1.000000000000000000, -0.0000000000000000000, -0.0000000000000000000 ) ) ;
#3487 = ORIENTED_EDGE ( 'NONE', *, *, #2505, .T. ) ;
#3488 = AXIS2_PLACEMENT_3D ( 'NONE', #726, #3000, #744 ) ;
#3489 = VERTEX_POINT ( 'NONE', #3092 ) ;
#3490 = CARTESIAN_POINT ( 'NONE',  ( -4.999999999999997300, 16.00000000000000000, -13.00000000000000200 ) ) ;
#3491 = SURFACE_STYLE_USAGE ( .BOTH. , #859 ) ;
#3492 = DIRECTION ( 'NONE',  ( 0.0000000000000000000, -1.000000000000000000, -0.0000000000000000000 ) ) ;
#3493 = ADVANCED_FACE ( 'NONE', ( #152 ), #2895, .T. ) ;
#3494 = ORIENTED_EDGE ( 'NONE', *, *, #3503, .T. ) ;
#3495 = PLANE ( 'NONE',  #537 ) ;
#3496 = ORIENTED_EDGE ( 'NONE', *, *, #1736, .T. ) ;
#3497 = CARTESIAN_POINT ( 'NONE',  ( -15.00000000000000200, -5.094315243958978300, 42.50000000000000000 ) ) ;
#3498 = CARTESIAN_POINT ( 'NONE',  ( 19.80000000000000400, -2.500000000000000000, -9.000000000000001800 ) ) ;
#3499 = DIRECTION ( 'NONE',  ( 0.0000000000000000000, 0.0000000000000000000, 1.000000000000000000 ) ) ;
#3500 = CARTESIAN_POINT ( 'NONE',  ( -11.14407328102380200, 15.74864148391653300, -20.00000000000000000 ) ) ;
#3501 = EDGE_CURVE ( 'NONE', #1703, #3285, #2033, .T. ) ;
#3502 = LINE ( 'NONE', #141, #503 ) ;
#3503 = EDGE_CURVE ( 'NONE', #4239, #1831, #3898, .T. ) ;
#3504 = CARTESIAN_POINT ( 'NONE',  ( 5.000000000000002700, 20.14999999999999500, -13.00000000000000400 ) ) ;
#3505 = CARTESIAN_POINT ( 'NONE',  ( 11.00000000000000000, 16.00000000000000000, -3.000000000000000000 ) ) ;
#3506 = ORIENTED_EDGE ( 'NONE', *, *, #2958, .F. ) ;
#3507 = LINE ( 'NONE', #423, #4343 ) ;
#3508 = FILL_AREA_STYLE ('',( #3138 ) ) ;
#3509 = CARTESIAN_POINT ( 'NONE',  ( 0.0000000000000000000, 0.0000000000000000000, -5.000000000000000900 ) ) ;
#3510 = CARTESIAN_POINT ( 'NONE',  ( 11.14407328102380200, 15.74864148391653300, -20.00000000000000000 ) ) ;
#3511 = CIRCLE ( 'NONE', #1892, 17.50000000000000000 ) ;
#3512 = EDGE_CURVE ( 'NONE', #1341, #3519, #15, .T. ) ;
#3513 = EDGE_LOOP ( 'NONE', ( #2633, #1082, #107, #524 ) ) ;
#3514 = DIRECTION ( 'NONE',  ( -0.0000000000000000000, -0.0000000000000000000, -1.000000000000000000 ) ) ;
#3515 = EDGE_CURVE ( 'NONE', #957, #2035, #1893, .T. ) ;
#3516 = FACE_OUTER_BOUND ( 'NONE', #159, .T. ) ;
#3517 = FILL_AREA_STYLE_COLOUR ( '', #3699 ) ;
#3518 = LINE ( 'NONE', #1617, #3374 ) ;
#3519 = VERTEX_POINT ( 'NONE', #3860 ) ;
#3520 = DIRECTION ( 'NONE',  ( -0.0000000000000000000, -1.000000000000000000, -0.0000000000000000000 ) ) ;
#3521 = CARTESIAN_POINT ( 'NONE',  ( -7.999999999999998200, 16.00000000000000000, -13.00000000000000200 ) ) ;
#3522 = MECHANICAL_DESIGN_GEOMETRIC_PRESENTATION_REPRESENTATION (  '', ( #3002 ), #3755 ) ;
#3523 = LINE ( 'NONE', #4633, #4353 ) ;
#3524 = DIRECTION ( 'NONE',  ( -0.0000000000000000000, -0.0000000000000000000, -1.000000000000000000 ) ) ;
#3525 = ORIENTED_EDGE ( 'NONE', *, *, #2810, .F. ) ;
#3526 = ORIENTED_EDGE ( 'NONE', *, *, #3501, .F. ) ;
#3527 = VECTOR ( 'NONE', #255, 999.9999999999998900 ) ;
#3528 = ORIENTED_EDGE ( 'NONE', *, *, #3549, .T. ) ;
#3529 = CARTESIAN_POINT ( 'NONE',  ( -18.19999999999999900, -1.000000000000000000, -23.50000000000000000 ) ) ;
#3530 = SURFACE_STYLE_FILL_AREA ( #1431 ) ;
#3531 = MECHANICAL_DESIGN_GEOMETRIC_PRESENTATION_REPRESENTATION (  '', ( #2771 ), #3759 ) ;
#3532 = DIRECTION ( 'NONE',  ( 0.0000000000000000000, 0.0000000000000000000, 1.000000000000000000 ) ) ;
#3533 = DIRECTION ( 'NONE',  ( 1.000000000000000000, 0.0000000000000000000, 0.0000000000000000000 ) ) ;
#3534 = ORIENTED_EDGE ( 'NONE', *, *, #756, .F. ) ;
#3535 = VERTEX_POINT ( 'NONE', #1621 ) ;
#3536 = LINE ( 'NONE', #3371, #4485 ) ;
#3537 = VECTOR ( 'NONE', #1440, 1000.000000000000000 ) ;
#3538 = DIRECTION ( 'NONE',  ( 0.0000000000000000000, 0.0000000000000000000, -1.000000000000000000 ) ) ;
#3539 = VECTOR ( 'NONE', #1605, 1000.000000000000000 ) ;
#3540 = ORIENTED_EDGE ( 'NONE', *, *, #587, .F. ) ;
#3541 = TOROIDAL_SURFACE ( 'NONE', #212, 12.49999999999999800, 2.000000000000000000 ) ;
#3542 = DIRECTION ( 'NONE',  ( 1.000000000000000000, 0.0000000000000000000, 0.0000000000000000000 ) ) ;
#3543 = DIRECTION ( 'NONE',  ( -0.0000000000000000000, -0.0000000000000000000, 1.000000000000000000 ) ) ;
#3544 = ADVANCED_FACE ( 'NONE', ( #1782 ), #4645, .F. ) ;
#3545 = DIRECTION ( 'NONE',  ( -1.000000000000000000, 0.0000000000000000000, 1.734723475976806800E-016 ) ) ;
#3546 = EDGE_CURVE ( 'NONE', #2472, #4017, #4759, .T. ) ;
#3547 = CARTESIAN_POINT ( 'NONE',  ( 19.00000000000000400, 6.999999999999999100, -5.000000000000000000 ) ) ;
#3548 = ORIENTED_EDGE ( 'NONE', *, *, #288, .F. ) ;
#3549 = EDGE_CURVE ( 'NONE', #694, #1445, #2787, .T. ) ;
#3550 = ORIENTED_EDGE ( 'NONE', *, *, #3393, .T. ) ;
#3551 = AXIS2_PLACEMENT_3D ( 'NONE', #1665, #2429, #169 ) ;
#3552 = DIRECTION ( 'NONE',  ( 1.000000000000000000, -2.168404344971006900E-016, 0.0000000000000000000 ) ) ;
#3553 = ORIENTED_EDGE ( 'NONE', *, *, #3939, .T. ) ;
#3554 = CARTESIAN_POINT ( 'NONE',  ( 19.00000000000000000, -1.000000000000000000, -23.50000000000000000 ) ) ;
#3555 = DIRECTION ( 'NONE',  ( -0.0000000000000000000, -1.000000000000000000, -0.0000000000000000000 ) ) ;
#3556 = ORIENTED_EDGE ( 'NONE', *, *, #3847, .F. ) ;
#3557 =( GEOMETRIC_REPRESENTATION_CONTEXT ( 3 ) GLOBAL_UNCERTAINTY_ASSIGNED_CONTEXT ( ( #3565 ) ) GLOBAL_UNIT_ASSIGNED_CONTEXT ( ( #4238, #2026, #4624 ) ) REPRESENTATION_CONTEXT ( 'NONE', 'WORKASPACE' ) );
#3558 = DIRECTION ( 'NONE',  ( 0.0000000000000000000, 1.000000000000000000, 0.0000000000000000000 ) ) ;
#3559 = VECTOR ( 'NONE', #1278, 1000.000000000000000 ) ;
#3560 = VERTEX_POINT ( 'NONE', #2403 ) ;
#3561 = VERTEX_POINT ( 'NONE', #3510 ) ;
#3562 = DIRECTION ( 'NONE',  ( 0.0000000000000000000, 1.000000000000000000, 0.0000000000000000000 ) ) ;
#3563 = CIRCLE ( 'NONE', #4510, 0.5000000000000004400 ) ;
#3564 = ORIENTED_EDGE ( 'NONE', *, *, #177, .T. ) ;
#3565 = UNCERTAINTY_MEASURE_WITH_UNIT (LENGTH_MEASURE( 1.000000000000000100E-005 ), #4238, 'distance_accuracy_value', 'NONE');
#3566 = ADVANCED_FACE ( 'NONE', ( #769 ), #4619, .T. ) ;
#3567 = VERTEX_POINT ( 'NONE', #2773 ) ;
#3568 = EDGE_LOOP ( 'NONE', ( #1426, #600 ) ) ;
#3569 = VECTOR ( 'NONE', #4274, 1000.000000000000000 ) ;
#3570 = DIRECTION ( 'NONE',  ( 0.0000000000000000000, -0.0000000000000000000, -1.000000000000000000 ) ) ;
#3571 = DIRECTION ( 'NONE',  ( -2.775557561562896500E-015, -1.000000000000000000, 0.0000000000000000000 ) ) ;
#3572 = EDGE_CURVE ( 'NONE', #2286, #2922, #1675, .T. ) ;
#3573 = DIRECTION ( 'NONE',  ( -2.602085213965210600E-016, 0.0000000000000000000, -1.000000000000000000 ) ) ;
#3574 = VECTOR ( 'NONE', #2296, 1000.000000000000000 ) ;
#3575 = DIRECTION ( 'NONE',  ( 0.0000000000000000000, -0.0000000000000000000, 1.000000000000000000 ) ) ;
#3576 = ORIENTED_EDGE ( 'NONE', *, *, #936, .F. ) ;
#3577 = CARTESIAN_POINT ( 'NONE',  ( 10.88036493050417500, 15.97796122866594200, -17.08804516788040200 ) ) ;
#3578 = FACE_OUTER_BOUND ( 'NONE', #3011, .T. ) ;
#3579 = EDGE_CURVE ( 'NONE', #1676, #2445, #3665, .T. ) ;
#3580 = VERTEX_POINT ( 'NONE', #4252 ) ;
#3581 = EDGE_LOOP ( 'NONE', ( #4084, #570, #1376, #3068, #4762, #2903, #1323, #1883, #4418, #1337, #3278, #71, #636, #886, #3209, #4448, #1178, #3076, #1634, #4375, #4103, #872, #276, #183, #2417, #4504, #3889, #316, #1784, #1829, #1420, #25, #2700, #4025, #404, #586, #3457, #1395 ) ) ;
#3582 = AXIS2_PLACEMENT_3D ( 'NONE', #1590, #3458, #1214 ) ;
#3583 = ORIENTED_EDGE ( 'NONE', *, *, #2786, .T. ) ;
#3584 = VECTOR ( 'NONE', #2164, 1000.000000000000000 ) ;
#3585 = DIRECTION ( 'NONE',  ( -0.0000000000000000000, -1.000000000000000000, -0.0000000000000000000 ) ) ;
#3586 = AXIS2_PLACEMENT_3D ( 'NONE', #948, #3575, #1320 ) ;
#3587 = VECTOR ( 'NONE', #2747, 1000.000000000000200 ) ;
#3588 = EDGE_LOOP ( 'NONE', ( #1232, #406, #4342, #199 ) ) ;
#3589 = CARTESIAN_POINT ( 'NONE',  ( 1.999999999999998200, 16.64999999999999500, -5.000000000000000000 ) ) ;
#3590 = VECTOR ( 'NONE', #3764, 1000.000000000000200 ) ;
#3591 = STYLED_ITEM ( 'NONE', ( #983 ), #4407 ) ;
#3592 = PRESENTATION_STYLE_ASSIGNMENT (( #1647 ) ) ;
#3593 = DIRECTION ( 'NONE',  ( 0.0000000000000000000, 0.0000000000000000000, 1.000000000000000000 ) ) ;
#3594 = ORIENTED_EDGE ( 'NONE', *, *, #2682, .T. ) ;
#3595 = VECTOR ( 'NONE', #4830, 1000.000000000000000 ) ;
#3596 = VECTOR ( 'NONE', #4216, 1000.000000000000000 ) ;
#3597 = DIRECTION ( 'NONE',  ( -1.000000000000000000, 0.0000000000000000000, 0.0000000000000000000 ) ) ;
#3598 = EDGE_CURVE ( 'NONE', #4399, #4184, #4508, .T. ) ;
#3599 = DIRECTION ( 'NONE',  ( -1.000000000000000000, 0.0000000000000000000, 0.0000000000000000000 ) ) ;
#3600 = CARTESIAN_POINT ( 'NONE',  ( 17.19999999999999900, 2.500000000000000000, -20.00000000000000000 ) ) ;
#3601 = EDGE_CURVE ( 'NONE', #2399, #3567, #663, .T. ) ;
#3602 = ORIENTED_EDGE ( 'NONE', *, *, #1964, .T. ) ;
#3603 = EDGE_CURVE ( 'NONE', #2084, #1770, #2550, .T. ) ;
#3604 = ORIENTED_EDGE ( 'NONE', *, *, #4229, .T. ) ;
#3605 = AXIS2_PLACEMENT_3D ( 'NONE', #4334, #2131, #4721 ) ;
#3606 = DIRECTION ( 'NONE',  ( -0.8747477539092658500, 0.0000000000000000000, -0.4845785457804486800 ) ) ;
#3607 = CARTESIAN_POINT ( 'NONE',  ( -17.32050807568877500, 2.500000000000000000, -20.00000000000000000 ) ) ;
#3608 = PRESENTATION_LAYER_ASSIGNMENT (  '', '', ( #3118 ) ) ;
#3609 = LINE ( 'NONE', #893, #2497 ) ;
#3610 = CARTESIAN_POINT ( 'NONE',  ( -19.00000000000000000, 2.500000000000000000, -23.50000000000000000 ) ) ;
#3611 = DIRECTION ( 'NONE',  ( -0.0000000000000000000, -0.0000000000000000000, 1.000000000000000000 ) ) ;
#3612 = DIRECTION ( 'NONE',  ( -0.9917308084921443400, 0.0000000000000000000, 0.1283355114047462800 ) ) ;
#3613 = ORIENTED_EDGE ( 'NONE', *, *, #2413, .F. ) ;
#3614 = FACE_OUTER_BOUND ( 'NONE', #1449, .T. ) ;
#3615 = PRESENTATION_STYLE_ASSIGNMENT (( #50 ) ) ;
#3616 = VERTEX_POINT ( 'NONE', #552 ) ;
#3617 = CARTESIAN_POINT ( 'NONE',  ( -15.00000000000000400, 5.505684756041020500, 39.50010000000000300 ) ) ;
#3618 = DIRECTION ( 'NONE',  ( 0.0000000000000000000, -0.0000000000000000000, 1.000000000000000000 ) ) ;
#3619 = FACE_OUTER_BOUND ( 'NONE', #4164, .T. ) ;
#3620 = DIRECTION ( 'NONE',  ( -0.0000000000000000000, -1.000000000000000000, -0.0000000000000000000 ) ) ;
#3621 = CYLINDRICAL_SURFACE ( 'NONE', #2329, 1.600000000000000800 ) ;
#3622 = EDGE_CURVE ( 'NONE', #3149, #715, #4393, .T. ) ;
#3623 = PRESENTATION_STYLE_ASSIGNMENT (( #1073 ) ) ;
#3624 = ORIENTED_EDGE ( 'NONE', *, *, #2738, .F. ) ;
#3625 = VERTEX_POINT ( 'NONE', #2053 ) ;
#3626 = CARTESIAN_POINT ( 'NONE',  ( -27.25000000000000400, -1.292893218813459400, -3.000000000000000000 ) ) ;
#3627 = CARTESIAN_POINT ( 'NONE',  ( -12.99999999999999800, 8.149999999999991500, -13.00000000000000200 ) ) ;
#3628 = DIRECTION ( 'NONE',  ( -1.000000000000000000, 0.0000000000000000000, 0.0000000000000000000 ) ) ;
#3629 = VECTOR ( 'NONE', #2381, 1000.000000000000000 ) ;
#3630 = CARTESIAN_POINT ( 'NONE',  ( -10.00000000000000000, -5.094315243958977400, 39.50010000000000300 ) ) ;
#3631 = ORIENTED_EDGE ( 'NONE', *, *, #4767, .T. ) ;
#3632 = EDGE_CURVE ( 'NONE', #3937, #2808, #413, .T. ) ;
#3633 = DIRECTION ( 'NONE',  ( 0.0000000000000000000, 1.000000000000000000, -0.0000000000000000000 ) ) ;
#3634 = VECTOR ( 'NONE', #3654, 1000.000000000000000 ) ;
#3635 = DIRECTION ( 'NONE',  ( 0.0000000000000000000, -1.000000000000000000, 0.0000000000000000000 ) ) ;
#3636 = EDGE_LOOP ( 'NONE', ( #2989, #1430, #3718, #1938, #4161, #2740 ) ) ;
#3637 = ORIENTED_EDGE ( 'NONE', *, *, #4828, .F. ) ;
#3638 = VECTOR ( 'NONE', #3316, 1000.000000000000000 ) ;
#3639 = DIRECTION ( 'NONE',  ( 0.0000000000000000000, 0.0000000000000000000, -1.000000000000000000 ) ) ;
#3640 = AXIS2_PLACEMENT_3D ( 'NONE', #4561, #2353, #89 ) ;
#3641 = CARTESIAN_POINT ( 'NONE',  ( 19.00000000000000400, -2.500000000000000000, -5.000000000000000000 ) ) ;
#3642 = EDGE_LOOP ( 'NONE', ( #3825, #773, #1680, #2088, #4388, #331, #3963, #4490 ) ) ;
#3643 = AXIS2_PLACEMENT_3D ( 'NONE', #4320, #596, #2116 ) ;
#3644 = LINE ( 'NONE', #3610, #4376 ) ;
#3645 =( NAMED_UNIT ( * ) SI_UNIT ( $, .STERADIAN. ) SOLID_ANGLE_UNIT ( ) );
#3646 = CARTESIAN_POINT ( 'NONE',  ( -19.43997900946483900, 0.9999999999999997800, -20.10000000000000100 ) ) ;
#3647 = CARTESIAN_POINT ( 'NONE',  ( 18.99999999999999600, -7.500000000000000000, -5.000000000000000000 ) ) ;
#3648 = CARTESIAN_POINT ( 'NONE',  ( -12.99999999999999800, 15.75000000000000000, -3.000000000000000000 ) ) ;
#3649 = EDGE_CURVE ( 'NONE', #3616, #507, #1425, .T. ) ;
#3650 = DIRECTION ( 'NONE',  ( 0.0000000000000000000, 0.0000000000000000000, 1.000000000000000000 ) ) ;
#3651 = SURFACE_STYLE_FILL_AREA ( #702 ) ;
#3652 = CARTESIAN_POINT ( 'NONE',  ( -19.00000000000000400, 6.999999999999999100, -5.000000000000000000 ) ) ;
#3653 = EDGE_CURVE ( 'NONE', #4580, #2732, #376, .T. ) ;
#3654 = DIRECTION ( 'NONE',  ( -0.0000000000000000000, -0.0000000000000000000, 1.000000000000000000 ) ) ;
#3655 = EDGE_LOOP ( 'NONE', ( #1417, #4398 ) ) ;
#3656 = VERTEX_POINT ( 'NONE', #178 ) ;
#3657 = CARTESIAN_POINT ( 'NONE',  ( 19.88660249082663300, 2.500000000000000000, -8.607812245411903300 ) ) ;
#3658 = ORIENTED_EDGE ( 'NONE', *, *, #398, .F. ) ;
#3659 = DIRECTION ( 'NONE',  ( -4.336808689942021200E-016, 0.0000000000000000000, 1.000000000000000000 ) ) ;
#3660 = ORIENTED_EDGE ( 'NONE', *, *, #1917, .T. ) ;
#3661 = EDGE_CURVE ( 'NONE', #4532, #2453, #2316, .T. ) ;
#3662 = ORIENTED_EDGE ( 'NONE', *, *, #4577, .T. ) ;
#3663 =( GEOMETRIC_REPRESENTATION_CONTEXT ( 3 ) GLOBAL_UNCERTAINTY_ASSIGNED_CONTEXT ( ( #1952 ) ) GLOBAL_UNIT_ASSIGNED_CONTEXT ( ( #2674, #415, #3054 ) ) REPRESENTATION_CONTEXT ( 'NONE', 'WORKASPACE' ) );
#3664 = CARTESIAN_POINT ( 'NONE',  ( -15.00000000000000400, 5.105684756041021000, 39.50010000000000300 ) ) ;
#3665 = LINE ( 'NONE', #2036, #3559 ) ;
#3666 = ORIENTED_EDGE ( 'NONE', *, *, #1200, .T. ) ;
#3667 = VERTEX_POINT ( 'NONE', #203 ) ;
#3668 = CIRCLE ( 'NONE', #3779, 0.5000000000000000000 ) ;
#3669 = ORIENTED_EDGE ( 'NONE', *, *, #1826, .F. ) ;
#3670 = AXIS2_PLACEMENT_3D ( 'NONE', #2557, #297, #2933 ) ;
#3671 = DIRECTION ( 'NONE',  ( 0.0000000000000000000, 0.0000000000000000000, -1.000000000000000000 ) ) ;
#3672 = ORIENTED_EDGE ( 'NONE', *, *, #3051, .T. ) ;
#3673 = CARTESIAN_POINT ( 'NONE',  ( -19.00000000000000000, -2.500000000000000000, -23.50000000000000000 ) ) ;
#3674 = FACE_OUTER_BOUND ( 'NONE', #4695, .T. ) ;
#3675 = AXIS2_PLACEMENT_3D ( 'NONE', #4787, #1062, #3689 ) ;
#3676 = PLANE ( 'NONE',  #3675 ) ;
#3677 = DIRECTION ( 'NONE',  ( -1.000000000000000000, 0.0000000000000000000, 0.0000000000000000000 ) ) ;
#3678 = ADVANCED_FACE ( 'NONE', ( #307 ), #2085, .F. ) ;
#3679 = VECTOR ( 'NONE', #863, 1000.000000000000000 ) ;
#3680 = VECTOR ( 'NONE', #1890, 1000.000000000000000 ) ;
#3681 = CARTESIAN_POINT ( 'NONE',  ( 8.746446609406735500, -20.00355339059326800, -3.000000000000000000 ) ) ;
#3682 = ORIENTED_EDGE ( 'NONE', *, *, #23, .T. ) ;
#3683 = VECTOR ( 'NONE', #4087, 1000.000000000000000 ) ;
#3684 = ORIENTED_EDGE ( 'NONE', *, *, #2307, .F. ) ;
#3685 = PLANE ( 'NONE',  #794 ) ;
#3686 = ORIENTED_EDGE ( 'NONE', *, *, #2009, .T. ) ;
#3687 = EDGE_CURVE ( 'NONE', #2326, #4330, #1537, .T. ) ;
#3688 = EDGE_CURVE ( 'NONE', #1545, #1889, #4156, .T. ) ;
#3689 = DIRECTION ( 'NONE',  ( 2.602085213965210600E-016, 0.0000000000000000000, 1.000000000000000000 ) ) ;
#3690 = CARTESIAN_POINT ( 'NONE',  ( -15.00000000000000400, 5.505684756041020500, 39.50000000000000000 ) ) ;
#3691 = VECTOR ( 'NONE', #3997, 1000.000000000000000 ) ;
#3692 = CIRCLE ( 'NONE', #4691, 14.49999999999999800 ) ;
#3693 = VERTEX_POINT ( 'NONE', #3953 ) ;
#3694 = EDGE_CURVE ( 'NONE', #4634, #3468, #2202, .T. ) ;
#3695 = CIRCLE ( 'NONE', #157, 5.000000000000000900 ) ;
#3696 = CARTESIAN_POINT ( 'NONE',  ( 8.746446609406735500, -20.00355339059327200, -3.000000000000000000 ) ) ;
#3697 = CARTESIAN_POINT ( 'NONE',  ( -11.00000000000000000, 16.00000000000000000, -20.00000000000000000 ) ) ;
#3698 = EDGE_CURVE ( 'NONE', #968, #2610, #201, .T. ) ;
#3699 = COLOUR_RGB ( '',1.000000000000000000, 1.000000000000000000, 0.5019607843137254800 ) ;
#3700 = VECTOR ( 'NONE', #140, 1000.000000000000000 ) ;
#3701 = PRESENTATION_LAYER_ASSIGNMENT (  '', '', ( #3205 ) ) ;
#3702 = ADVANCED_FACE ( 'NONE', ( #74 ), #3228, .F. ) ;
#3703 = ORIENTED_EDGE ( 'NONE', *, *, #665, .T. ) ;
#3704 = UNCERTAINTY_MEASURE_WITH_UNIT (LENGTH_MEASURE( 1.000000000000000100E-005 ), #3052, 'distance_accuracy_value', 'NONE');
#3705 = DIRECTION ( 'NONE',  ( 0.0000000000000000000, 0.0000000000000000000, 1.000000000000000000 ) ) ;
#3706 = AXIS2_PLACEMENT_3D ( 'NONE', #2345, #82, #2706 ) ;
#3707 = VECTOR ( 'NONE', #3573, 1000.000000000000000 ) ;
#3708 =( LENGTH_UNIT ( ) NAMED_UNIT ( * ) SI_UNIT ( .MILLI., .METRE. ) );
#3709 =( LENGTH_UNIT ( ) NAMED_UNIT ( * ) SI_UNIT ( .MILLI., .METRE. ) );
#3710 = FILL_AREA_STYLE_COLOUR ( '', #4366 ) ;
#3711 = ADVANCED_FACE ( 'NONE', ( #1071 ), #4704, .F. ) ;
#3712 = DIRECTION ( 'NONE',  ( 0.8747477539092658500, -0.0000000000000000000, -0.4845785457804486800 ) ) ;
#3713 = EDGE_CURVE ( 'NONE', #4399, #2922, #2952, .T. ) ;
#3714 = ORIENTED_EDGE ( 'NONE', *, *, #3769, .T. ) ;
#3715 = ORIENTED_EDGE ( 'NONE', *, *, #230, .F. ) ;
#3716 = ORIENTED_EDGE ( 'NONE', *, *, #2155, .F. ) ;
#3717 = CARTESIAN_POINT ( 'NONE',  ( 19.39836431151325500, -2.500000000000000000, -9.000000000000001800 ) ) ;
#3718 = ORIENTED_EDGE ( 'NONE', *, *, #775, .T. ) ;
#3719 = ORIENTED_EDGE ( 'NONE', *, *, #1853, .F. ) ;
#3720 = EDGE_CURVE ( 'NONE', #3285, #3937, #3950, .T. ) ;
#3721 = CARTESIAN_POINT ( 'NONE',  ( 19.00000000000000000, 1.000000000000000000, -23.50000000000000000 ) ) ;
#3722 = AXIS2_PLACEMENT_3D ( 'NONE', #4431, #2223, #193 ) ;
#3723 = AXIS2_PLACEMENT_3D ( 'NONE', #758, #3385, #1140 ) ;
#3724 = ORIENTED_EDGE ( 'NONE', *, *, #4166, .F. ) ;
#3725 = LINE ( 'NONE', #240, #725 ) ;
#3726 = ADVANCED_FACE ( 'NONE', ( #1957 ), #607, .F. ) ;
#3727 = VECTOR ( 'NONE', #4617, 1000.000000000000000 ) ;
#3728 = DIRECTION ( 'NONE',  ( 0.0000000000000000000, 0.0000000000000000000, -1.000000000000000000 ) ) ;
#3729 = DIRECTION ( 'NONE',  ( 0.0000000000000000000, -0.0000000000000000000, 1.000000000000000000 ) ) ;
#3730 = ORIENTED_EDGE ( 'NONE', *, *, #1303, .T. ) ;
#3731 = LINE ( 'NONE', #123, #2611 ) ;
#3732 = DIRECTION ( 'NONE',  ( 0.0000000000000000000, 0.0000000000000000000, -1.000000000000000000 ) ) ;
#3733 = CIRCLE ( 'NONE', #1559, 0.5000000000000000000 ) ;
#3734 = SURFACE_STYLE_FILL_AREA ( #701 ) ;
#3735 = ORIENTED_EDGE ( 'NONE', *, *, #1052, .F. ) ;
#3736 = CARTESIAN_POINT ( 'NONE',  ( 0.0000000000000000000, 0.0000000000000000000, 0.0000000000000000000 ) ) ;
#3737 = EDGE_CURVE ( 'NONE', #813, #844, #959, .T. ) ;
#3738 = CARTESIAN_POINT ( 'NONE',  ( 13.00000000000000700, 12.51068519718183400, -20.00000000000000000 ) ) ;
#3739 = ORIENTED_EDGE ( 'NONE', *, *, #4089, .T. ) ;
#3740 = LINE ( 'NONE', #1401, #4615 ) ;
#3741 = DIRECTION ( 'NONE',  ( 0.0000000000000000000, -0.0000000000000000000, 1.000000000000000000 ) ) ;
#3742 = EDGE_LOOP ( 'NONE', ( #2262, #4686, #2838, #371 ) ) ;
#3743 = SURFACE_STYLE_FILL_AREA ( #4507 ) ;
#3744 = ORIENTED_EDGE ( 'NONE', *, *, #4506, .F. ) ;
#3745 = EDGE_CURVE ( 'NONE', #2291, #4158, #2986, .T. ) ;
#3746 = DIRECTION ( 'NONE',  ( -1.000000000000000000, 3.533065240719123400E-016, -0.0000000000000000000 ) ) ;
#3747 = LINE ( 'NONE', #1423, #995 ) ;
#3748 = FILL_AREA_STYLE_COLOUR ( '', #3359 ) ;
#3749 = ORIENTED_EDGE ( 'NONE', *, *, #2254, .F. ) ;
#3750 = EDGE_CURVE ( 'NONE', #3924, #2288, #4847, .T. ) ;
#3751 = ORIENTED_EDGE ( 'NONE', *, *, #554, .F. ) ;
#3752 = CIRCLE ( 'NONE', #3064, 1.249999999999999300 ) ;
#3753 = CARTESIAN_POINT ( 'NONE',  ( -10.00000000000000200, 5.105684756041020100, 42.50000000000000000 ) ) ;
#3754 = DIRECTION ( 'NONE',  ( 0.0000000000000000000, 0.0000000000000000000, -1.000000000000000000 ) ) ;
#3755 =( GEOMETRIC_REPRESENTATION_CONTEXT ( 3 ) GLOBAL_UNCERTAINTY_ASSIGNED_CONTEXT ( ( #3031 ) ) GLOBAL_UNIT_ASSIGNED_CONTEXT ( ( #2433, #181, #2801 ) ) REPRESENTATION_CONTEXT ( 'NONE', 'WORKASPACE' ) );
#3756 = DIRECTION ( 'NONE',  ( -0.7071067811865474600, 0.7071067811865474600, 0.0000000000000000000 ) ) ;
#3757 = AXIS2_PLACEMENT_3D ( 'NONE', #2967, #716, #3347 ) ;
#3758 = SURFACE_STYLE_USAGE ( .BOTH. , #2377 ) ;
#3759 =( GEOMETRIC_REPRESENTATION_CONTEXT ( 3 ) GLOBAL_UNCERTAINTY_ASSIGNED_CONTEXT ( ( #4048 ) ) GLOBAL_UNIT_ASSIGNED_CONTEXT ( ( #655, #3287, #1035 ) ) REPRESENTATION_CONTEXT ( 'NONE', 'WORKASPACE' ) );
#3760 = CARTESIAN_POINT ( 'NONE',  ( 0.0000000000000000000, 0.0000000000000000000, 39.00000000000000000 ) ) ;
#3761 = EDGE_LOOP ( 'NONE', ( #2478, #930, #1181, #1349, #3061, #3506 ) ) ;
#3762 = VERTEX_POINT ( 'NONE', #2143 ) ;
#3763 = DIRECTION ( 'NONE',  ( -0.0000000000000000000, -1.000000000000000000, -0.0000000000000000000 ) ) ;
#3764 = DIRECTION ( 'NONE',  ( 0.9986740976945127600, -0.0000000000000000000, -0.05147860326437251500 ) ) ;
#3765 = EDGE_LOOP ( 'NONE', ( #2280, #958 ) ) ;
#3766 = EDGE_LOOP ( 'NONE', ( #2321, #862, #4625, #2095 ) ) ;
#3767 = ORIENTED_EDGE ( 'NONE', *, *, #2958, .T. ) ;
#3768 = VECTOR ( 'NONE', #477, 1000.000000000000000 ) ;
#3769 = EDGE_CURVE ( 'NONE', #715, #2404, #2867, .T. ) ;
#3770 = VERTEX_POINT ( 'NONE', #3630 ) ;
#3771 = CARTESIAN_POINT ( 'NONE',  ( 26.75000000000000000, -1.292893218813455400, -3.000000000000000000 ) ) ;
#3772 = EDGE_LOOP ( 'NONE', ( #424, #2165, #3447, #2278 ) ) ;
#3773 = DIRECTION ( 'NONE',  ( 2.312964634635743400E-015, 1.000000000000000000, -0.0000000000000000000 ) ) ;
#3774 = CIRCLE ( 'NONE', #2789, 0.5000000000000004400 ) ;
#3775 = EDGE_LOOP ( 'NONE', ( #3005, #761, #1727, #1907 ) ) ;
#3776 = EDGE_CURVE ( 'NONE', #2808, #3932, #2011, .T. ) ;
#3777 = DIRECTION ( 'NONE',  ( 3.154042683594195100E-016, -1.000000000000000000, 0.0000000000000000000 ) ) ;
#3778 = VECTOR ( 'NONE', #2427, 1000.000000000000200 ) ;
#3779 = AXIS2_PLACEMENT_3D ( 'NONE', #4303, #2092, #4690 ) ;
#3780 = CARTESIAN_POINT ( 'NONE',  ( -14.49999999999999800, 0.0000000000000000000, 39.00000000000000000 ) ) ;
#3781 = VECTOR ( 'NONE', #91, 1000.000000000000200 ) ;
#3782 = LINE ( 'NONE', #2642, #3680 ) ;
#3783 = CARTESIAN_POINT ( 'NONE',  ( 19.39836431151325500, 2.500000000000000000, -9.000000000000001800 ) ) ;
#3784 = FACE_OUTER_BOUND ( 'NONE', #1111, .T. ) ;
#3785 = ORIENTED_EDGE ( 'NONE', *, *, #2421, .F. ) ;
#3786 = DIRECTION ( 'NONE',  ( -8.673617379884034200E-017, 0.0000000000000000000, -1.000000000000000000 ) ) ;
#3787 = CYLINDRICAL_SURFACE ( 'NONE', #2235, 17.50000000000000000 ) ;
#3788 = ORIENTED_EDGE ( 'NONE', *, *, #326, .T. ) ;
#3789 = ORIENTED_EDGE ( 'NONE', *, *, #637, .F. ) ;
#3790 = EDGE_LOOP ( 'NONE', ( #4282, #2599, #1083 ) ) ;
#3791 = DIRECTION ( 'NONE',  ( 0.0000000000000000000, 0.0000000000000000000, 1.000000000000000000 ) ) ;
#3792 = FACE_OUTER_BOUND ( 'NONE', #2784, .T. ) ;
#3793 = ORIENTED_EDGE ( 'NONE', *, *, #4804, .F. ) ;
#3794 = PLANE ( 'NONE',  #1699 ) ;
#3795 = LINE ( 'NONE', #3338, #4786 ) ;
#3796 = DIRECTION ( 'NONE',  ( -0.0000000000000000000, -1.000000000000000000, -0.0000000000000000000 ) ) ;
#3797 = VECTOR ( 'NONE', #3090, 1000.000000000000000 ) ;
#3798 = EDGE_LOOP ( 'NONE', ( #313, #3225, #3631, #4473 ) ) ;
#3799 = CARTESIAN_POINT ( 'NONE',  ( -24.25000000000000000, 0.0000000000000000000, -3.000000000000000000 ) ) ;
#3800 = FACE_BOUND ( 'NONE', #3655, .T. ) ;
#3801 = EDGE_CURVE ( 'NONE', #3924, #1379, #3871, .T. ) ;
#3802 = ADVANCED_FACE ( 'NONE', ( #2766 ), #749, .F. ) ;
#3803 = DIRECTION ( 'NONE',  ( 0.0000000000000000000, 0.0000000000000000000, -1.000000000000000000 ) ) ;
#3804 = CYLINDRICAL_SURFACE ( 'NONE', #2048, 0.5000000000000000000 ) ;
#3805 = LINE ( 'NONE', #3146, #809 ) ;
#3806 = CARTESIAN_POINT ( 'NONE',  ( 3.000000000000005800, 20.14999999999999500, -13.00000000000000200 ) ) ;
#3807 = EDGE_CURVE ( 'NONE', #1667, #2990, #3747, .T. ) ;
#3808 = DIRECTION ( 'NONE',  ( -1.000000000000000000, 0.0000000000000000000, 0.0000000000000000000 ) ) ;
#3809 = ORIENTED_EDGE ( 'NONE', *, *, #398, .T. ) ;
#3810 =( NAMED_UNIT ( * ) PLANE_ANGLE_UNIT ( ) SI_UNIT ( $, .RADIAN. ) );
#3811 = DIRECTION ( 'NONE',  ( -1.000000000000000000, 0.0000000000000000000, 0.0000000000000000000 ) ) ;
#3812 = AXIS2_PLACEMENT_3D ( 'NONE', #1115, #2850, #606 ) ;
#3813 = CARTESIAN_POINT ( 'NONE',  ( -11.00000000000000000, 8.149999999999991500, -13.00000000000000200 ) ) ;
#3814 = CARTESIAN_POINT ( 'NONE',  ( -27.10355339059327300, 1.646446609406718900, -3.000000000000000000 ) ) ;
#3815 = DIRECTION ( 'NONE',  ( 0.0000000000000000000, 0.0000000000000000000, -1.000000000000000000 ) ) ;
#3816 = AXIS2_PLACEMENT_3D ( 'NONE', #2015, #2393, #138 ) ;
#3817 =( NAMED_UNIT ( * ) PLANE_ANGLE_UNIT ( ) SI_UNIT ( $, .RADIAN. ) );
#3818 = ADVANCED_FACE ( 'NONE', ( #885 ), #1808, .F. ) ;
#3819 = DIRECTION ( 'NONE',  ( 0.0000000000000000000, -0.0000000000000000000, 1.000000000000000000 ) ) ;
#3820 = DIRECTION ( 'NONE',  ( 1.000000000000000000, -2.017120320903262500E-016, 0.0000000000000000000 ) ) ;
#3821 = DIRECTION ( 'NONE',  ( -1.000000000000000000, 2.017120320903262500E-016, 0.0000000000000000000 ) ) ;
#3822 = CARTESIAN_POINT ( 'NONE',  ( -1.999999999999996700, -18.14999999999999900, 0.0000000000000000000 ) ) ;
#3823 = ADVANCED_FACE ( 'NONE', ( #4621 ), #639, .T. ) ;
#3824 = LINE ( 'NONE', #2145, #798 ) ;
#3825 = ORIENTED_EDGE ( 'NONE', *, *, #4047, .T. ) ;
#3826 = CARTESIAN_POINT ( 'NONE',  ( -17.50000000000000000, 2.143131898507868200E-015, -5.000000000000000900 ) ) ;
#3827 = ORIENTED_EDGE ( 'NONE', *, *, #3383, .T. ) ;
#3828 = DIRECTION ( 'NONE',  ( 0.0000000000000000000, 1.000000000000000000, 0.0000000000000000000 ) ) ;
#3829 = CARTESIAN_POINT ( 'NONE',  ( -10.00000000000000000, -5.094315243958977400, 42.50000000000000000 ) ) ;
#3830 = ORIENTED_EDGE ( 'NONE', *, *, #956, .F. ) ;
#3831 = PLANE ( 'NONE',  #2622 ) ;
#3832 = DIRECTION ( 'NONE',  ( -0.0000000000000000000, -1.000000000000000000, -0.0000000000000000000 ) ) ;
#3833 = ORIENTED_EDGE ( 'NONE', *, *, #29, .F. ) ;
#3834 = DIRECTION ( 'NONE',  ( -0.0000000000000000000, -0.0000000000000000000, 1.000000000000000000 ) ) ;
#3835 = PRESENTATION_STYLE_ASSIGNMENT (( #1878 ) ) ;
#3836 = CARTESIAN_POINT ( 'NONE',  ( -8.000000000000001800, 16.00000000000000000, -14.25000000000000000 ) ) ;
#3837 = DIRECTION ( 'NONE',  ( 0.0000000000000000000, 0.0000000000000000000, 1.000000000000000000 ) ) ;
#3838 = EDGE_CURVE ( 'NONE', #166, #1579, #1753, .T. ) ;
#3839 = ORIENTED_EDGE ( 'NONE', *, *, #1534, .F. ) ;
#3840 = DIRECTION ( 'NONE',  ( 0.0000000000000000000, 0.0000000000000000000, 1.000000000000000000 ) ) ;
#3841 = CARTESIAN_POINT ( 'NONE',  ( -27.10355339059327000, -1.646446609406736300, 0.0000000000000000000 ) ) ;
#3842 = DIRECTION ( 'NONE',  ( 8.673617379884034200E-017, 0.0000000000000000000, -1.000000000000000000 ) ) ;
#3843 = EDGE_CURVE ( 'NONE', #3999, #4634, #2630, .T. ) ;
#3844 =( NAMED_UNIT ( * ) SI_UNIT ( $, .STERADIAN. ) SOLID_ANGLE_UNIT ( ) );
#3845 = CARTESIAN_POINT ( 'NONE',  ( -12.33832468927535000, 13.66508192536726100, -15.92197618709387200 ) ) ;
#3846 = FACE_OUTER_BOUND ( 'NONE', #516, .T. ) ;
#3847 = EDGE_CURVE ( 'NONE', #3018, #4141, #4486, .T. ) ;
#3848 = ADVANCED_FACE ( 'NONE', ( #1653 ), #3392, .T. ) ;
#3849 = LINE ( 'NONE', #4234, #3727 ) ;
#3850 = AXIS2_PLACEMENT_3D ( 'NONE', #4321, #1354, #232 ) ;
#3851 = ORIENTED_EDGE ( 'NONE', *, *, #405, .T. ) ;
#3852 = VECTOR ( 'NONE', #4151, 1000.000000000000000 ) ;
#3853 = CARTESIAN_POINT ( 'NONE',  ( 18.30000000000000400, -2.500000000000000000, -9.000000000000001800 ) ) ;
#3854 = VECTOR ( 'NONE', #3364, 1000.000000000000000 ) ;
#3855 = LINE ( 'NONE', #4802, #734 ) ;
#3856 = MECHANICAL_DESIGN_GEOMETRIC_PRESENTATION_REPRESENTATION (  '', ( #3118 ), #4095 ) ;
#3857 = CARTESIAN_POINT ( 'NONE',  ( -19.43997900946483900, -2.500000000000000000, -20.10000000000000100 ) ) ;
#3858 = ORIENTED_EDGE ( 'NONE', *, *, #3340, .T. ) ;
#3859 =( NAMED_UNIT ( * ) PLANE_ANGLE_UNIT ( ) SI_UNIT ( $, .RADIAN. ) );
#3860 = CARTESIAN_POINT ( 'NONE',  ( -8.000000000000001800, 16.00000000000000000, -11.75000000000000200 ) ) ;
#3861 = LINE ( 'NONE', #887, #2975 ) ;
#3862 = ORIENTED_EDGE ( 'NONE', *, *, #2075, .F. ) ;
#3863 = CARTESIAN_POINT ( 'NONE',  ( -2.000000000000004000, 2.478176394252587100E-016, 0.0000000000000000000 ) ) ;
#3864 = DIRECTION ( 'NONE',  ( -0.2156244908238079400, -0.0000000000000000000, -0.9764763586267583000 ) ) ;
#3865 = LINE ( 'NONE', #4730, #878 ) ;
#3866 = ADVANCED_FACE ( 'NONE', ( #1516 ), #3334, .T. ) ;
#3867 = VERTEX_POINT ( 'NONE', #1462 ) ;
#3868 = DIRECTION ( 'NONE',  ( 1.000000000000000000, -2.017120320903262500E-016, -0.0000000000000000000 ) ) ;
#3869 = FACE_OUTER_BOUND ( 'NONE', #2717, .T. ) ;
#3870 = FACE_BOUND ( 'NONE', #964, .T. ) ;
#3871 = LINE ( 'NONE', #1390, #4728 ) ;
#3872 = CARTESIAN_POINT ( 'NONE',  ( -24.25000000000000000, 0.0000000000000000000, -3.000000000000000000 ) ) ;
#3873 = ORIENTED_EDGE ( 'NONE', *, *, #3022, .T. ) ;
#3874 = CARTESIAN_POINT ( 'NONE',  ( 20.30000000000000400, 2.500000000000000000, -6.735701647581717700 ) ) ;
#3875 = CARTESIAN_POINT ( 'NONE',  ( -18.19999999999999900, 2.500000000000000000, -20.03608286463847700 ) ) ;
#3876 = EDGE_CURVE ( 'NONE', #4532, #3275, #182, .T. ) ;
#3877 = ORIENTED_EDGE ( 'NONE', *, *, #1762, .T. ) ;
#3878 = FACE_OUTER_BOUND ( 'NONE', #4761, .T. ) ;
#3879 = SURFACE_STYLE_USAGE ( .BOTH. , #1267 ) ;
#3880 = DIRECTION ( 'NONE',  ( -1.000000000000000000, 0.0000000000000000000, 0.0000000000000000000 ) ) ;
#3881 = CARTESIAN_POINT ( 'NONE',  ( 8.000000000000001800, 29.00000000000000000, -13.00000000000000200 ) ) ;
#3882 = EDGE_CURVE ( 'NONE', #4254, #1186, #4038, .T. ) ;
#3883 = SURFACE_SIDE_STYLE ('',( #3934 ) ) ;
#3884 = AXIS2_PLACEMENT_3D ( 'NONE', #2106, #223, #2843 ) ;
#3885 = DIRECTION ( 'NONE',  ( 0.0000000000000000000, 0.0000000000000000000, -1.000000000000000000 ) ) ;
#3886 = FILL_AREA_STYLE_COLOUR ( '', #4453 ) ;
#3887 = AXIS2_PLACEMENT_3D ( 'NONE', #436, #819, #3452 ) ;
#3888 = CARTESIAN_POINT ( 'NONE',  ( -19.00000000000000400, 7.500000000000000000, -5.000000000000000000 ) ) ;
#3889 = ORIENTED_EDGE ( 'NONE', *, *, #1594, .T. ) ;
#3890 = ORIENTED_EDGE ( 'NONE', *, *, #1385, .F. ) ;
#3891 = AXIS2_PLACEMENT_3D ( 'NONE', #4718, #2496, #243 ) ;
#3892 = PRODUCT_DEFINITION_CONTEXT ( 'detailed design', #2156, 'design' ) ;
#3893 = ORIENTED_EDGE ( 'NONE', *, *, #2993, .T. ) ;
#3894 = VERTEX_POINT ( 'NONE', #2603 ) ;
#3895 = ORIENTED_EDGE ( 'NONE', *, *, #4053, .T. ) ;
#3896 = DIRECTION ( 'NONE',  ( 0.0000000000000000000, -1.000000000000000000, -0.0000000000000000000 ) ) ;
#3897 = ADVANCED_FACE ( 'NONE', ( #1054 ), #1925, .T. ) ;
#3898 = CIRCLE ( 'NONE', #329, 0.5000000000000004400 ) ;
#3899 = EDGE_LOOP ( 'NONE', ( #4515, #1959 ) ) ;
#3900 = DIRECTION ( 'NONE',  ( -1.000000000000000000, 0.0000000000000000000, -0.0000000000000000000 ) ) ;
#3901 = EDGE_LOOP ( 'NONE', ( #520, #1771, #42, #43 ) ) ;
#3902 = DIRECTION ( 'NONE',  ( 1.000000000000000000, 0.0000000000000000000, 4.336808689942021200E-016 ) ) ;
#3903 = VECTOR ( 'NONE', #3917, 1000.000000000000100 ) ;
#3904 = EDGE_CURVE ( 'NONE', #4700, #4764, #2932, .T. ) ;
#3905 = CARTESIAN_POINT ( 'NONE',  ( 19.00000000000000400, 2.500000000000000000, -6.015548772996655000 ) ) ;
#3906 = ORIENTED_EDGE ( 'NONE', *, *, #4347, .F. ) ;
#3907 = VECTOR ( 'NONE', #3868, 1000.000000000000000 ) ;
#3908 = CARTESIAN_POINT ( 'NONE',  ( -24.25000000000000000, 0.0000000000000000000, -3.000000000000000000 ) ) ;
#3909 = VECTOR ( 'NONE', #2697, 1000.000000000000000 ) ;
#3910 = EDGE_CURVE ( 'NONE', #1527, #1442, #44, .T. ) ;
#3911 = LINE ( 'NONE', #740, #2913 ) ;
#3912 = LINE ( 'NONE', #3905, #2914 ) ;
#3913 = VERTEX_POINT ( 'NONE', #1484 ) ;
#3914 = CARTESIAN_POINT ( 'NONE',  ( 11.00000000000000400, 20.14999999999999500, -13.00000000000000500 ) ) ;
#3915 = AXIS2_PLACEMENT_3D ( 'NONE', #1110, #3732, #1481 ) ;
#3916 = FACE_OUTER_BOUND ( 'NONE', #2681, .T. ) ;
#3917 = DIRECTION ( 'NONE',  ( 0.1283355114047462800, -2.782832805441280000E-017, 0.9917308084921443400 ) ) ;
#3918 = VERTEX_POINT ( 'NONE', #2 ) ;
#3919 = ORIENTED_EDGE ( 'NONE', *, *, #2713, .T. ) ;
#3920 = VERTEX_POINT ( 'NONE', #3001 ) ;
#3921 = SURFACE_SIDE_STYLE ('',( #3190 ) ) ;
#3922 = AXIS2_PLACEMENT_3D ( 'NONE', #662, #4765, #3671 ) ;
#3923 = VECTOR ( 'NONE', #389, 1000.000000000000000 ) ;
#3924 = VERTEX_POINT ( 'NONE', #2617 ) ;
#3925 = ADVANCED_FACE ( 'NONE', ( #2820, #1812, #3800, #3042 ), #1125, .F. ) ;
#3926 = CARTESIAN_POINT ( 'NONE',  ( -17.32050807568877500, -2.500000000000000000, -20.00000000000000000 ) ) ;
#3927 = FACE_OUTER_BOUND ( 'NONE', #3513, .T. ) ;
#3928 = PRESENTATION_LAYER_ASSIGNMENT (  '', '', ( #3409 ) ) ;
#3929 = DIRECTION ( 'NONE',  ( 0.0000000000000000000, 0.0000000000000000000, -1.000000000000000000 ) ) ;
#3930 = FACE_OUTER_BOUND ( 'NONE', #2450, .T. ) ;
#3931 = EDGE_LOOP ( 'NONE', ( #208, #220, #632, #1506, #3201, #747 ) ) ;
#3932 = VERTEX_POINT ( 'NONE', #3370 ) ;
#3933 = LINE ( 'NONE', #395, #3590 ) ;
#3934 = SURFACE_STYLE_FILL_AREA ( #506 ) ;
#3935 = VERTEX_POINT ( 'NONE', #1880 ) ;
#3936 = DIRECTION ( 'NONE',  ( 1.000000000000000000, 0.0000000000000000000, 0.0000000000000000000 ) ) ;
#3937 = VERTEX_POINT ( 'NONE', #4481 ) ;
#3938 = CARTESIAN_POINT ( 'NONE',  ( 0.0000000000000000000, -2.500000000000000000, 0.0000000000000000000 ) ) ;
#3939 = EDGE_CURVE ( 'NONE', #2404, #3561, #2690, .T. ) ;
#3940 = CARTESIAN_POINT ( 'NONE',  ( 10.71027907581148700, 16.00000000000000000, -17.20171242842944500 ) ) ;
#3941 = EDGE_CURVE ( 'NONE', #4758, #4668, #4792, .T. ) ;
#3942 = ORIENTED_EDGE ( 'NONE', *, *, #2640, .F. ) ;
#3943 = EDGE_CURVE ( 'NONE', #3377, #2808, #805, .T. ) ;
#3944 = MECHANICAL_DESIGN_GEOMETRIC_PRESENTATION_REPRESENTATION (  '', ( #3205 ), #4171 ) ;
#3945 = CARTESIAN_POINT ( 'NONE',  ( 25.85000000000000100, 0.0000000000000000000, -3.000000000000000000 ) ) ;
#3946 = CARTESIAN_POINT ( 'NONE',  ( -2.000000000000000000, -19.64999999999999500, -3.000000000000000000 ) ) ;
#3947 = ORIENTED_EDGE ( 'NONE', *, *, #1682, .F. ) ;
#3948 = ORIENTED_EDGE ( 'NONE', *, *, #322, .F. ) ;
#3949 = ORIENTED_EDGE ( 'NONE', *, *, #365, .F. ) ;
#3950 = CIRCLE ( 'NONE', #3605, 0.5000000000000000000 ) ;
#3951 = DIRECTION ( 'NONE',  ( -0.0000000000000000000, -0.0000000000000000000, -1.000000000000000000 ) ) ;
#3952 = VERTEX_POINT ( 'NONE', #4496 ) ;
#3953 = CARTESIAN_POINT ( 'NONE',  ( -15.18279718243103600, 8.702451937078668800, -20.00000000000000000 ) ) ;
#3954 = ORIENTED_EDGE ( 'NONE', *, *, #4441, .T. ) ;
#3955 = CIRCLE ( 'NONE', #938, 1.600000000000000800 ) ;
#3956 = ORIENTED_EDGE ( 'NONE', *, *, #3477, .F. ) ;
#3957 = EDGE_LOOP ( 'NONE', ( #578, #2341, #235, #677 ) ) ;
#3958 = LINE ( 'NONE', #3617, #88 ) ;
#3959 = CARTESIAN_POINT ( 'NONE',  ( 0.0000000000000000000, 0.0000000000000000000, -20.00000000000000000 ) ) ;
#3960 = DIRECTION ( 'NONE',  ( 0.0000000000000000000, 0.0000000000000000000, -1.000000000000000000 ) ) ;
#3961 = EDGE_CURVE ( 'NONE', #1923, #4167, #3695, .T. ) ;
#3962 = VECTOR ( 'NONE', #1694, 1000.000000000000000 ) ;
#3963 = ORIENTED_EDGE ( 'NONE', *, *, #3197, .T. ) ;
#3964 = DIRECTION ( 'NONE',  ( 1.000000000000000000, -0.0000000000000000000, 0.0000000000000000000 ) ) ;
#3965 = CIRCLE ( 'NONE', #1371, 17.50000000000000000 ) ;
#3966 = EDGE_CURVE ( 'NONE', #1434, #1057, #3933, .T. ) ;
#3967 = LINE ( 'NONE', #3352, #2972 ) ;
#3968 = FACE_OUTER_BOUND ( 'NONE', #1733, .T. ) ;
#3969 = AXIS2_PLACEMENT_3D ( 'NONE', #4747, #3045, #787 ) ;
#3970 = ORIENTED_EDGE ( 'NONE', *, *, #2612, .T. ) ;
#3971 = VECTOR ( 'NONE', #112, 1000.000000000000000 ) ;
#3972 = PRESENTATION_STYLE_ASSIGNMENT (( #846 ) ) ;
#3973 = CARTESIAN_POINT ( 'NONE',  ( -20.30000000000000400, 2.500000000000000000, -6.735701647581717700 ) ) ;
#3974 = DIRECTION ( 'NONE',  ( -1.000000000000000000, 0.0000000000000000000, -0.0000000000000000000 ) ) ;
#3975 = VERTEX_POINT ( 'NONE', #1160 ) ;
#3976 = LINE ( 'NONE', #3504, #4841 ) ;
#3977 = ORIENTED_EDGE ( 'NONE', *, *, #1081, .T. ) ;
#3978 = VECTOR ( 'NONE', #2157, 999.9999999999998900 ) ;
#3979 = VECTOR ( 'NONE', #1017, 1000.000000000000000 ) ;
#3980 = DIRECTION ( 'NONE',  ( -0.0000000000000000000, 1.000000000000000000, 0.0000000000000000000 ) ) ;
#3981 = CARTESIAN_POINT ( 'NONE',  ( 15.18279718243103100, 8.702451937078665300, -3.000000000000000000 ) ) ;
#3982 = VERTEX_POINT ( 'NONE', #3780 ) ;
#3983 = CYLINDRICAL_SURFACE ( 'NONE', #1315, 17.50000000000000000 ) ;
#3984 = EDGE_CURVE ( 'NONE', #2013, #1923, #695, .T. ) ;
#3985 = PRESENTATION_STYLE_ASSIGNMENT (( #302 ) ) ;
#3986 = EDGE_CURVE ( 'NONE', #362, #166, #4542, .T. ) ;
#3987 =( NAMED_UNIT ( * ) PLANE_ANGLE_UNIT ( ) SI_UNIT ( $, .RADIAN. ) );
#3988 = CARTESIAN_POINT ( 'NONE',  ( 25.85000000000000100, 0.0000000000000000000, -3.000000000000000000 ) ) ;
#3989 = DIRECTION ( 'NONE',  ( -1.000000000000000000, 0.0000000000000000000, 0.0000000000000000000 ) ) ;
#3990 = DIRECTION ( 'NONE',  ( -0.0000000000000000000, 0.0000000000000000000, -1.000000000000000000 ) ) ;
#3991 = UNCERTAINTY_MEASURE_WITH_UNIT (LENGTH_MEASURE( 1.000000000000000100E-005 ), #985, 'distance_accuracy_value', 'NONE');
#3992 = AXIS2_PLACEMENT_3D ( 'NONE', #1915, #4517, #3803 ) ;
#3993 = EDGE_CURVE ( 'NONE', #660, #982, #4426, .T. ) ;
#3994 = VERTEX_POINT ( 'NONE', #789 ) ;
#3995 = ORIENTED_EDGE ( 'NONE', *, *, #1712, .T. ) ;
#3996 = CARTESIAN_POINT ( 'NONE',  ( -2.999999999999997800, 20.14999999999999500, -13.00000000000000200 ) ) ;
#3997 = DIRECTION ( 'NONE',  ( -0.0000000000000000000, -1.000000000000000000, -0.0000000000000000000 ) ) ;
#3998 = EDGE_LOOP ( 'NONE', ( #3995, #1490, #3199, #1895 ) ) ;
#3999 = VERTEX_POINT ( 'NONE', #4136 ) ;
#4000 = EDGE_LOOP ( 'NONE', ( #3716, #387, #218, #3977 ) ) ;
#4001 = AXIS2_PLACEMENT_3D ( 'NONE', #1866, #4459, #2258 ) ;
#4002 = PLANE ( 'NONE',  #3481 ) ;
#4003 = CARTESIAN_POINT ( 'NONE',  ( -2.000000000000001800, 16.64999999999999500, -5.000000000000000000 ) ) ;
#4004 = VECTOR ( 'NONE', #1604, 1000.000000000000000 ) ;
#4005 = AXIS2_PLACEMENT_3D ( 'NONE', #4104, #1877, #4472 ) ;
#4006 = ORIENTED_EDGE ( 'NONE', *, *, #3622, .T. ) ;
#4007 = ORIENTED_EDGE ( 'NONE', *, *, #3423, .T. ) ;
#4008 = DIRECTION ( 'NONE',  ( 0.0000000000000000000, 0.0000000000000000000, 1.000000000000000000 ) ) ;
#4009 = ORIENTED_EDGE ( 'NONE', *, *, #259, .F. ) ;
#4010 = LINE ( 'NONE', #2792, #1136 ) ;
#4011 = CARTESIAN_POINT ( 'NONE',  ( -19.00000000000000000, 2.500000000000000000, -23.50000000000000000 ) ) ;
#4012 = DIRECTION ( 'NONE',  ( 0.0000000000000000000, 1.000000000000000000, 0.0000000000000000000 ) ) ;
#4013 = CARTESIAN_POINT ( 'NONE',  ( 15.81138830084190000, -7.500000000000000000, -20.00000000000000000 ) ) ;
#4014 = DIRECTION ( 'NONE',  ( 1.000000000000000000, -0.0000000000000000000, -0.0000000000000000000 ) ) ;
#4015 = CARTESIAN_POINT ( 'NONE',  ( 0.0000000000000000000, 0.0000000000000000000, -5.000000000000000000 ) ) ;
#4016 = DIRECTION ( 'NONE',  ( -0.0000000000000000000, 0.0000000000000000000, -1.000000000000000000 ) ) ;
#4017 = VERTEX_POINT ( 'NONE', #3050 ) ;
#4018 = FACE_OUTER_BOUND ( 'NONE', #4442, .T. ) ;
#4019 = LINE ( 'NONE', #1182, #1143 ) ;
#4020 = DIRECTION ( 'NONE',  ( -1.000000000000000000, -0.0000000000000000000, -0.0000000000000000000 ) ) ;
#4021 = LINE ( 'NONE', #2778, #2274 ) ;
#4022 = EDGE_CURVE ( 'NONE', #970, #3230, #1458, .T. ) ;
#4023 = EDGE_LOOP ( 'NONE', ( #745, #908, #4578, #2559, #153, #3890, #4502, #2276, #689 ) ) ;
#4024 = VECTOR ( 'NONE', #4056, 1000.000000000000000 ) ;
#4025 = ORIENTED_EDGE ( 'NONE', *, *, #2889, .T. ) ;
#4026 = ORIENTED_EDGE ( 'NONE', *, *, #3745, .F. ) ;
#4027 = EDGE_LOOP ( 'NONE', ( #4827, #4734, #2211, #1223 ) ) ;
#4028 = DIRECTION ( 'NONE',  ( 0.7071067811865475700, 0.7071067811865475700, 0.0000000000000000000 ) ) ;
#4029 = CYLINDRICAL_SURFACE ( 'NONE', #4493, 1.249999999999999300 ) ;
#4030 = ORIENTED_EDGE ( 'NONE', *, *, #3366, .T. ) ;
#4031 = EDGE_CURVE ( 'NONE', #2610, #1186, #3456, .T. ) ;
#4032 = LINE ( 'NONE', #1447, #1158 ) ;
#4033 = AXIS2_PLACEMENT_3D ( 'NONE', #3220, #965, #3597 ) ;
#4034 = ADVANCED_FACE ( 'NONE', ( #2362 ), #340, .T. ) ;
#4035 = LINE ( 'NONE', #3853, #41 ) ;
#4036 = VERTEX_POINT ( 'NONE', #1195 ) ;
#4037 = ORIENTED_EDGE ( 'NONE', *, *, #4228, .F. ) ;
#4038 = LINE ( 'NONE', #3721, #1163 ) ;
#4039 = ORIENTED_EDGE ( 'NONE', *, *, #4702, .T. ) ;
#4040 = AXIS2_PLACEMENT_3D ( 'NONE', #4737, #2520, #254 ) ;
#4041 = LINE ( 'NONE', #284, #283 ) ;
#4042 = DIRECTION ( 'NONE',  ( -0.0000000000000000000, -1.000000000000000000, -0.0000000000000000000 ) ) ;
#4043 = ORIENTED_EDGE ( 'NONE', *, *, #148, .F. ) ;
#4044 = CARTESIAN_POINT ( 'NONE',  ( 19.88660249082663300, -2.500000000000000000, -8.607812245411903300 ) ) ;
#4045 = DIRECTION ( 'NONE',  ( -0.0000000000000000000, -0.0000000000000000000, -1.000000000000000000 ) ) ;
#4046 = ORIENTED_EDGE ( 'NONE', *, *, #866, .F. ) ;
#4047 = EDGE_CURVE ( 'NONE', #309, #614, #1350, .T. ) ;
#4048 = UNCERTAINTY_MEASURE_WITH_UNIT (LENGTH_MEASURE( 1.000000000000000100E-005 ), #655, 'distance_accuracy_value', 'NONE');
#4049 = SURFACE_SIDE_STYLE ('',( #3530 ) ) ;
#4050 = VERTEX_POINT ( 'NONE', #3439 ) ;
#4051 = DIRECTION ( 'NONE',  ( 1.000000000000000000, -3.533065240719123400E-016, 0.0000000000000000000 ) ) ;
#4052 = ADVANCED_FACE ( 'NONE', ( #2474, #2234 ), #79, .F. ) ;
#4053 = EDGE_CURVE ( 'NONE', #678, #2574, #3337, .T. ) ;
#4054 = ORIENTED_EDGE ( 'NONE', *, *, #526, .F. ) ;
#4055 = ORIENTED_EDGE ( 'NONE', *, *, #3108, .T. ) ;
#4056 = DIRECTION ( 'NONE',  ( -0.0000000000000000000, 0.0000000000000000000, -1.000000000000000000 ) ) ;
#4057 = VECTOR ( 'NONE', #973, 999.9999999999998900 ) ;
#4058 = ORIENTED_EDGE ( 'NONE', *, *, #936, .T. ) ;
#4059 = VERTEX_POINT ( 'NONE', #832 ) ;
#4060 = VECTOR ( 'NONE', #337, 1000.000000000000000 ) ;
#4061 = ORIENTED_EDGE ( 'NONE', *, *, #2676, .F. ) ;
#4062 = PRESENTATION_LAYER_ASSIGNMENT (  '', '', ( #3591 ) ) ;
#4063 = DIRECTION ( 'NONE',  ( -0.0000000000000000000, -0.0000000000000000000, 1.000000000000000000 ) ) ;
#4064 = ADVANCED_FACE ( 'NONE', ( #1236 ), #3463, .F. ) ;
#4065 = EDGE_LOOP ( 'NONE', ( #1613, #4046, #1197, #731 ) ) ;
#4066 = ORIENTED_EDGE ( 'NONE', *, *, #2247, .T. ) ;
#4067 = FACE_OUTER_BOUND ( 'NONE', #4785, .T. ) ;
#4068 =( NAMED_UNIT ( * ) SI_UNIT ( $, .STERADIAN. ) SOLID_ANGLE_UNIT ( ) );
#4069 =( NAMED_UNIT ( * ) SI_UNIT ( $, .STERADIAN. ) SOLID_ANGLE_UNIT ( ) );
#4070 = FACE_OUTER_BOUND ( 'NONE', #2179, .T. ) ;
#4071 = CARTESIAN_POINT ( 'NONE',  ( -18.50000000000000400, 6.999999999999999100, -3.000000000000000000 ) ) ;
#4072 = VERTEX_POINT ( 'NONE', #4569 ) ;
#4073 = ORIENTED_EDGE ( 'NONE', *, *, #326, .F. ) ;
#4074 = CARTESIAN_POINT ( 'NONE',  ( 19.39836431151325500, 2.500000000000000000, -8.500000000000000000 ) ) ;
#4075 = LINE ( 'NONE', #2176, #1993 ) ;
#4076 = UNCERTAINTY_MEASURE_WITH_UNIT (LENGTH_MEASURE( 1.000000000000000100E-005 ), #2227, 'distance_accuracy_value', 'NONE');
#4077 = EDGE_LOOP ( 'NONE', ( #2070, #3386, #1674 ) ) ;
#4078 = VECTOR ( 'NONE', #483, 1000.000000000000000 ) ;
#4079 = EDGE_CURVE ( 'NONE', #3561, #1527, #3232, .T. ) ;
#4080 = DIRECTION ( 'NONE',  ( 0.0000000000000000000, 0.0000000000000000000, 1.000000000000000000 ) ) ;
#4081 = DIRECTION ( 'NONE',  ( -0.0000000000000000000, 0.0000000000000000000, -1.000000000000000000 ) ) ;
#4082 = COLOUR_RGB ( '',0.2509803921568627400, 0.2509803921568627400, 0.2509803921568627400 ) ;
#4083 = VECTOR ( 'NONE', #136, 1000.000000000000000 ) ;
#4084 = ORIENTED_EDGE ( 'NONE', *, *, #3055, .F. ) ;
#4085 = EDGE_CURVE ( 'NONE', #4758, #660, #4086, .T. ) ;
#4086 = LINE ( 'NONE', #3111, #4197 ) ;
#4087 = DIRECTION ( 'NONE',  ( -0.0000000000000000000, -0.0000000000000000000, 1.000000000000000000 ) ) ;
#4088 = ADVANCED_FACE ( 'NONE', ( #115 ), #2980, .T. ) ;
#4089 = EDGE_CURVE ( 'NONE', #2414, #4149, #1102, .T. ) ;
#4090 = FACE_OUTER_BOUND ( 'NONE', #4534, .T. ) ;
#4091 = CIRCLE ( 'NONE', #1396, 0.5000000000000004400 ) ;
#4092 = DIRECTION ( 'NONE',  ( -0.0000000000000000000, -0.0000000000000000000, 1.000000000000000000 ) ) ;
#4093 = ORIENTED_EDGE ( 'NONE', *, *, #1475, .F. ) ;
#4094 = CIRCLE ( 'NONE', #560, 2.250000000000000400 ) ;
#4095 =( GEOMETRIC_REPRESENTATION_CONTEXT ( 3 ) GLOBAL_UNCERTAINTY_ASSIGNED_CONTEXT ( ( #945 ) ) GLOBAL_UNIT_ASSIGNED_CONTEXT ( ( #804, #3430, #1185 ) ) REPRESENTATION_CONTEXT ( 'NONE', 'WORKASPACE' ) );
#4096 = PLANE ( 'NONE',  #1930 ) ;
#4097 = VECTOR ( 'NONE', #3297, 1000.000000000000000 ) ;
#4098 = CARTESIAN_POINT ( 'NONE',  ( -19.80000000000000400, 2.500000000000000000, -9.000000000000001800 ) ) ;
#4099 = CARTESIAN_POINT ( 'NONE',  ( 15.18279718243103100, 8.702451937078665300, -20.00000000000000000 ) ) ;
#4100 =( LENGTH_UNIT ( ) NAMED_UNIT ( * ) SI_UNIT ( .MILLI., .METRE. ) );
#4101 = DIRECTION ( 'NONE',  ( -0.4845785457804486800, 0.0000000000000000000, 0.8747477539092659600 ) ) ;
#4102 = EDGE_CURVE ( 'NONE', #4184, #4399, #2120, .T. ) ;
#4103 = ORIENTED_EDGE ( 'NONE', *, *, #899, .F. ) ;
#4104 = CARTESIAN_POINT ( 'NONE',  ( 0.0000000000000000000, 0.0000000000000000000, -3.000000000000000000 ) ) ;
#4105 = SURFACE_SIDE_STYLE ('',( #1968 ) ) ;
#4106 = ORIENTED_EDGE ( 'NONE', *, *, #4616, .F. ) ;
#4107 = EDGE_CURVE ( 'NONE', #1386, #4727, #3976, .T. ) ;
#4108 = VERTEX_POINT ( 'NONE', #2384 ) ;
#4109 = DIRECTION ( 'NONE',  ( -1.000000000000000000, 0.0000000000000000000, 1.239088197126292200E-015 ) ) ;
#4110 = ORIENTED_EDGE ( 'NONE', *, *, #3170, .T. ) ;
#4111 = DIRECTION ( 'NONE',  ( -4.625929269271485900E-016, 1.000000000000000000, -0.0000000000000000000 ) ) ;
#4112 = VECTOR ( 'NONE', #3482, 1000.000000000000000 ) ;
#4113 = CARTESIAN_POINT ( 'NONE',  ( 19.39836431151325500, 2.500000000000000000, -9.000000000000001800 ) ) ;
#4114 = CARTESIAN_POINT ( 'NONE',  ( 19.00000000000000000, -2.500000000000000000, -23.50000000000000000 ) ) ;
#4115 = EDGE_LOOP ( 'NONE', ( #2025, #3662, #4405, #1421 ) ) ;
#4116 = DIRECTION ( 'NONE',  ( 1.000000000000000000, 0.0000000000000000000, 0.0000000000000000000 ) ) ;
#4117 = VECTOR ( 'NONE', #538, 1000.000000000000000 ) ;
#4118 = CARTESIAN_POINT ( 'NONE',  ( -19.80000000000000400, 2.500000000000000000, -9.000000000000001800 ) ) ;
#4119 = ORIENTED_EDGE ( 'NONE', *, *, #2538, .F. ) ;
#4120 = LINE ( 'NONE', #4806, #1040 ) ;
#4121 = EDGE_LOOP ( 'NONE', ( #3080, #4332, #1306, #1963 ) ) ;
#4122 = ORIENTED_EDGE ( 'NONE', *, *, #2421, .T. ) ;
#4123 = EDGE_CURVE ( 'NONE', #3172, #4108, #2003, .T. ) ;
#4124 = ORIENTED_EDGE ( 'NONE', *, *, #352, .F. ) ;
#4125 = DIRECTION ( 'NONE',  ( 1.000000000000000000, 0.0000000000000000000, 0.0000000000000000000 ) ) ;
#4126 = CIRCLE ( 'NONE', #3446, 14.49999999999999800 ) ;
#4127 = ORIENTED_EDGE ( 'NONE', *, *, #4828, .T. ) ;
#4128 = EDGE_CURVE ( 'NONE', #362, #1340, #3865, .T. ) ;
#4129 = CARTESIAN_POINT ( 'NONE',  ( -2.000000000000000000, -19.64999999999999500, 0.0000000000000000000 ) ) ;
#4130 = VERTEX_POINT ( 'NONE', #3257 ) ;
#4131 = LINE ( 'NONE', #3657, #3184 ) ;
#4132 = CARTESIAN_POINT ( 'NONE',  ( -12.54501635579234500, 5.505684756041019600, 39.00000000000000000 ) ) ;
#4133 = ORIENTED_EDGE ( 'NONE', *, *, #440, .F. ) ;
#4134 = VECTOR ( 'NONE', #4770, 1000.000000000000000 ) ;
#4135 = SURFACE_STYLE_USAGE ( .BOTH. , #1531 ) ;
#4136 = CARTESIAN_POINT ( 'NONE',  ( -11.00000000000000000, 16.00000000000000000, -13.00000000000000200 ) ) ;
#4137 = AXIS2_PLACEMENT_3D ( 'NONE', #2618, #364, #3003 ) ;
#4138 = STYLED_ITEM ( 'NONE', ( #4359 ), #4202 ) ;
#4139 = FACE_OUTER_BOUND ( 'NONE', #3772, .T. ) ;
#4140 = CARTESIAN_POINT ( 'NONE',  ( 18.80000000000000400, -2.500000000000000000, -9.000000000000001800 ) ) ;
#4141 = VERTEX_POINT ( 'NONE', #1007 ) ;
#4142 = MECHANICAL_DESIGN_GEOMETRIC_PRESENTATION_REPRESENTATION (  '', ( #3409 ), #4394 ) ;
#4143 = DIRECTION ( 'NONE',  ( -0.0000000000000000000, -0.0000000000000000000, -1.000000000000000000 ) ) ;
#4144 = DIRECTION ( 'NONE',  ( -0.0000000000000000000, -1.000000000000000000, -0.0000000000000000000 ) ) ;
#4145 = CARTESIAN_POINT ( 'NONE',  ( -1.499999999999996700, -17.64999999999999900, -2.999999999999999100 ) ) ;
#4146 = ADVANCED_FACE ( 'NONE', ( #2861 ), #1749, .T. ) ;
#4147 = DIRECTION ( 'NONE',  ( 1.000000000000000000, 0.0000000000000000000, 0.0000000000000000000 ) ) ;
#4148 = DIRECTION ( 'NONE',  ( 0.9986740976945128700, -1.082764626325390700E-016, -0.05147860326437251500 ) ) ;
#4149 = VERTEX_POINT ( 'NONE', #2149 ) ;
#4150 = DIRECTION ( 'NONE',  ( 0.0000000000000000000, 1.000000000000000000, 0.0000000000000000000 ) ) ;
#4151 = DIRECTION ( 'NONE',  ( 0.0000000000000000000, 0.0000000000000000000, 1.000000000000000000 ) ) ;
#4152 = PLANE ( 'NONE',  #1818 ) ;
#4153 = ORIENTED_EDGE ( 'NONE', *, *, #696, .T. ) ;
#4154 = ORIENTED_EDGE ( 'NONE', *, *, #2413, .T. ) ;
#4155 = CARTESIAN_POINT ( 'NONE',  ( 18.30000000000000400, 2.500000000000000000, -5.000000000000000900 ) ) ;
#4156 = LINE ( 'NONE', #1711, #1192 ) ;
#4157 = EDGE_CURVE ( 'NONE', #3275, #970, #2758, .T. ) ;
#4158 = VERTEX_POINT ( 'NONE', #265 ) ;
#4159 = CARTESIAN_POINT ( 'NONE',  ( 8.600000000000005000, -20.14999999999999900, -0.0000000000000000000 ) ) ;
#4160 = EDGE_CURVE ( 'NONE', #1994, #1505, #1862, .T. ) ;
#4161 = ORIENTED_EDGE ( 'NONE', *, *, #2041, .T. ) ;
#4162 = DIRECTION ( 'NONE',  ( 1.000000000000000000, 3.154042683594195100E-016, -0.0000000000000000000 ) ) ;
#4163 = LINE ( 'NONE', #998, #2208 ) ;
#4164 = EDGE_LOOP ( 'NONE', ( #3583, #2978, #1135, #1275, #3948, #562, #776, #202, #3550, #4304, #217 ) ) ;
#4165 = CARTESIAN_POINT ( 'NONE',  ( -19.00000000000000400, -2.500000000000000000, -6.015548772996655000 ) ) ;
#4166 = EDGE_CURVE ( 'NONE', #455, #2256, #3740, .T. ) ;
#4167 = VERTEX_POINT ( 'NONE', #1025 ) ;
#4168 = ADVANCED_FACE ( 'NONE', ( #743 ), #1779, .F. ) ;
#4169 = ORIENTED_EDGE ( 'NONE', *, *, #4102, .F. ) ;
#4170 = VECTOR ( 'NONE', #211, 1000.000000000000000 ) ;
#4171 =( GEOMETRIC_REPRESENTATION_CONTEXT ( 3 ) GLOBAL_UNCERTAINTY_ASSIGNED_CONTEXT ( ( #298 ) ) GLOBAL_UNIT_ASSIGNED_CONTEXT ( ( #1204, #3817, #1581 ) ) REPRESENTATION_CONTEXT ( 'NONE', 'WORKASPACE' ) );
#4172 = ORIENTED_EDGE ( 'NONE', *, *, #2672, .T. ) ;
#4173 = CARTESIAN_POINT ( 'NONE',  ( 8.600000000000012100, 20.14999999999999100, 0.0000000000000000000 ) ) ;
#4174 = CARTESIAN_POINT ( 'NONE',  ( 12.33832468927535000, 13.66508192536725200, -15.92197618709388600 ) ) ;
#4175 = ADVANCED_FACE ( 'NONE', ( #634 ), #1045, .T. ) ;
#4176 = FACE_OUTER_BOUND ( 'NONE', #3775, .T. ) ;
#4177 = STYLED_ITEM ( 'NONE', ( #693 ), #1407 ) ;
#4178 = CARTESIAN_POINT ( 'NONE',  ( 0.0000000000000000000, 2.500000000000000000, 0.0000000000000000000 ) ) ;
#4179 = FACE_OUTER_BOUND ( 'NONE', #4664, .T. ) ;
#4180 = DIRECTION ( 'NONE',  ( 0.0000000000000000000, 0.0000000000000000000, 1.000000000000000000 ) ) ;
#4181 = CARTESIAN_POINT ( 'NONE',  ( -19.80000000000000400, -2.500000000000000000, -9.000000000000001800 ) ) ;
#4182 = ORIENTED_EDGE ( 'NONE', *, *, #4198, .T. ) ;
#4183 = DIRECTION ( 'NONE',  ( -0.0000000000000000000, -0.0000000000000000000, 1.000000000000000000 ) ) ;
#4184 = VERTEX_POINT ( 'NONE', #3279 ) ;
#4185 = CARTESIAN_POINT ( 'NONE',  ( -15.00000000000000000, -5.094315243958978300, 39.50010000000000300 ) ) ;
#4186 = CARTESIAN_POINT ( 'NONE',  ( 8.000000000000005300, 16.00000000000000000, -13.00000000000000200 ) ) ;
#4187 = EDGE_CURVE ( 'NONE', #246, #2169, #4478, .T. ) ;
#4188 = VECTOR ( 'NONE', #803, 1000.000000000000000 ) ;
#4189 = ORIENTED_EDGE ( 'NONE', *, *, #4584, .F. ) ;
#4190 = LINE ( 'NONE', #3454, #2228 ) ;
#4191 = DIRECTION ( 'NONE',  ( -0.0000000000000000000, 0.0000000000000000000, -1.000000000000000000 ) ) ;
#4192 = DIRECTION ( 'NONE',  ( 0.0000000000000000000, 1.000000000000000000, 0.0000000000000000000 ) ) ;
#4193 = VECTOR ( 'NONE', #4323, 1000.000000000000000 ) ;
#4194 = VERTEX_POINT ( 'NONE', #1412 ) ;
#4195 = CARTESIAN_POINT ( 'NONE',  ( 8.000000000000001800, 29.00000000000000000, -11.75000000000000200 ) ) ;
#4196 = DIRECTION ( 'NONE',  ( -0.0000000000000000000, -0.0000000000000000000, 1.000000000000000000 ) ) ;
#4197 = VECTOR ( 'NONE', #1244, 1000.000000000000000 ) ;
#4198 = EDGE_CURVE ( 'NONE', #4421, #309, #2526, .T. ) ;
#4199 = CARTESIAN_POINT ( 'NONE',  ( -15.00000000000000000, -5.494315243958978600, 39.00000000000000000 ) ) ;
#4200 = CARTESIAN_POINT ( 'NONE',  ( -2.000000000000000000, -19.64999999999999500, 8.000000000000000000 ) ) ;
#4201 = FACE_OUTER_BOUND ( 'NONE', #1131, .T. ) ;
#4202 = ADVANCED_FACE ( 'NONE', ( #1648, #2624 ), #3685, .T. ) ;
#4203 = VECTOR ( 'NONE', #3189, 1000.000000000000000 ) ;
#4204 = CARTESIAN_POINT ( 'NONE',  ( 19.00000000000000400, 7.500000000000000000, -3.000000000000000000 ) ) ;
#4205 = CARTESIAN_POINT ( 'NONE',  ( 0.0000000000000000000, 0.0000000000000000000, -23.50000000000000000 ) ) ;
#4206 = EDGE_CURVE ( 'NONE', #4420, #1533, #4032, .T. ) ;
#4207 = CARTESIAN_POINT ( 'NONE',  ( -12.99999999999999600, 20.14999999999999500, -3.000000000000000000 ) ) ;
#4208 = CARTESIAN_POINT ( 'NONE',  ( 19.00000000000000400, 7.500000000000000000, -5.000000000000000000 ) ) ;
#4209 = VERTEX_POINT ( 'NONE', #1070 ) ;
#4210 = VECTOR ( 'NONE', #4742, 1000.000000000000000 ) ;
#4211 = CYLINDRICAL_SURFACE ( 'NONE', #300, 2.250000000000000400 ) ;
#4212 = AXIS2_PLACEMENT_3D ( 'NONE', #3130, #873, #3499 ) ;
#4213 = PLANE ( 'NONE',  #2625 ) ;
#4214 = DIRECTION ( 'NONE',  ( 1.000000000000000000, 0.0000000000000000000, 0.0000000000000000000 ) ) ;
#4215 = STYLED_ITEM ( 'NONE', ( #1305 ), #719 ) ;
#4216 = DIRECTION ( 'NONE',  ( -1.000000000000000000, 0.0000000000000000000, 0.0000000000000000000 ) ) ;
#4217 = CARTESIAN_POINT ( 'NONE',  ( 19.00000000000000400, -2.500000000000000000, -6.015548772996655000 ) ) ;
#4218 = CARTESIAN_POINT ( 'NONE',  ( -15.00000000000000000, -5.494315243958978600, 39.00000000000000000 ) ) ;
#4219 = STYLED_ITEM ( 'NONE', ( #439 ), #4669 ) ;
#4220 = ADVANCED_FACE ( 'NONE', ( #2174 ), #39, .T. ) ;
#4221 = CARTESIAN_POINT ( 'NONE',  ( -8.000000000000001800, 16.00000000000000000, -13.00000000000000200 ) ) ;
#4222 = DIRECTION ( 'NONE',  ( -1.239088197126291100E-016, -1.000000000000000000, 0.0000000000000000000 ) ) ;
#4223 = PLANE ( 'NONE',  #1312 ) ;
#4224 = DIRECTION ( 'NONE',  ( 1.239088197126291100E-016, 1.000000000000000000, 0.0000000000000000000 ) ) ;
#4225 = ORIENTED_EDGE ( 'NONE', *, *, #3094, .T. ) ;
#4226 = CARTESIAN_POINT ( 'NONE',  ( 27.10355339059327300, 1.646446609406726700, -3.000000000000000000 ) ) ;
#4227 = DIRECTION ( 'NONE',  ( 1.000000000000000000, -0.0000000000000000000, 0.0000000000000000000 ) ) ;
#4228 = EDGE_CURVE ( 'NONE', #928, #1341, #1049, .T. ) ;
#4229 = EDGE_CURVE ( 'NONE', #2748, #2785, #3036, .T. ) ;
#4230 = ORIENTED_EDGE ( 'NONE', *, *, #346, .T. ) ;
#4231 = DIRECTION ( 'NONE',  ( -1.000000000000000000, 0.0000000000000000000, 0.0000000000000000000 ) ) ;
#4232 = PLANE ( 'NONE',  #2253 ) ;
#4233 =( NAMED_UNIT ( * ) PLANE_ANGLE_UNIT ( ) SI_UNIT ( $, .RADIAN. ) );
#4234 = CARTESIAN_POINT ( 'NONE',  ( -11.14407328102380200, 15.74864148391653300, -20.00000000000000000 ) ) ;
#4235 = DIRECTION ( 'NONE',  ( 0.0000000000000000000, 0.0000000000000000000, 1.000000000000000000 ) ) ;
#4236 = EDGE_CURVE ( 'NONE', #1527, #2291, #176, .T. ) ;
#4237 = AXIS2_PLACEMENT_3D ( 'NONE', #4178, #1954, #4559 ) ;
#4238 =( LENGTH_UNIT ( ) NAMED_UNIT ( * ) SI_UNIT ( .MILLI., .METRE. ) );
#4239 = VERTEX_POINT ( 'NONE', #3717 ) ;
#4240 = VECTOR ( 'NONE', #3808, 1000.000000000000000 ) ;
#4241 = DIRECTION ( 'NONE',  ( 0.9986740976945127600, 0.0000000000000000000, 0.05147860326437251500 ) ) ;
#4242 = AXIS2_PLACEMENT_3D ( 'NONE', #1119, #3741, #1491 ) ;
#4243 = DIRECTION ( 'NONE',  ( -0.0000000000000000000, -0.0000000000000000000, -1.000000000000000000 ) ) ;
#4244 = AXIS2_PLACEMENT_3D ( 'NONE', #2983, #1848, #354 ) ;
#4245 = ORIENTED_EDGE ( 'NONE', *, *, #3579, .F. ) ;
#4246 = CARTESIAN_POINT ( 'NONE',  ( 17.19999999999999900, -2.500000000000000000, -23.50000000000000000 ) ) ;
#4247 = ADVANCED_FACE ( 'NONE', ( #1916 ), #2815, .T. ) ;
#4248 = VECTOR ( 'NONE', #895, 1000.000000000000000 ) ;
#4249 = CARTESIAN_POINT ( 'NONE',  ( -10.71027907581148900, 15.50000000000000000, -20.00000000000000000 ) ) ;
#4250 = CIRCLE ( 'NONE', #49, 0.5000000000000004400 ) ;
#4251 = ORIENTED_EDGE ( 'NONE', *, *, #2096, .T. ) ;
#4252 = CARTESIAN_POINT ( 'NONE',  ( -10.71027907581149000, 16.00000000000000000, -17.20171242842943800 ) ) ;
#4253 = FACE_OUTER_BOUND ( 'NONE', #1567, .T. ) ;
#4254 = VERTEX_POINT ( 'NONE', #781 ) ;
#4255 = ORIENTED_EDGE ( 'NONE', *, *, #3549, .F. ) ;
#4256 = ORIENTED_EDGE ( 'NONE', *, *, #1594, .F. ) ;
#4257 = DIRECTION ( 'NONE',  ( -0.0000000000000000000, -1.000000000000000000, -0.0000000000000000000 ) ) ;
#4258 = ORIENTED_EDGE ( 'NONE', *, *, #1200, .F. ) ;
#4259 = FACE_OUTER_BOUND ( 'NONE', #2105, .T. ) ;
#4260 = ORIENTED_EDGE ( 'NONE', *, *, #2781, .T. ) ;
#4261 = CARTESIAN_POINT ( 'NONE',  ( -17.50000000000000400, 0.0000000000000000000, -20.00000000000000000 ) ) ;
#4262 = FACE_OUTER_BOUND ( 'NONE', #4309, .T. ) ;
#4263 = FILL_AREA_STYLE ('',( #548 ) ) ;
#4264 = CIRCLE ( 'NONE', #760, 13.69999999999999900 ) ;
#4265 = EDGE_CURVE ( 'NONE', #1459, #3625, #3795, .T. ) ;
#4266 = ORIENTED_EDGE ( 'NONE', *, *, #4438, .T. ) ;
#4267 = VECTOR ( 'NONE', #256, 1000.000000000000000 ) ;
#4268 = DIRECTION ( 'NONE',  ( -1.000000000000000000, 0.0000000000000000000, 0.0000000000000000000 ) ) ;
#4269 = PLANE ( 'NONE',  #4482 ) ;
#4270 = LINE ( 'NONE', #811, #1709 ) ;
#4271 = ADVANCED_FACE ( 'NONE', ( #3927 ), #4310, .T. ) ;
#4272 = EDGE_CURVE ( 'NONE', #507, #3172, #3451, .T. ) ;
#4273 = ORIENTED_EDGE ( 'NONE', *, *, #1258, .F. ) ;
#4274 = DIRECTION ( 'NONE',  ( -0.0000000000000000000, -1.000000000000000000, -0.0000000000000000000 ) ) ;
#4275 = CARTESIAN_POINT ( 'NONE',  ( 2.000000000000054600, -5.551115123125944400E-015, -0.0000000000000000000 ) ) ;
#4276 =( LENGTH_UNIT ( ) NAMED_UNIT ( * ) SI_UNIT ( .MILLI., .METRE. ) );
#4277 = AXIS2_PLACEMENT_3D ( 'NONE', #888, #2868, #618 ) ;
#4278 = ORIENTED_EDGE ( 'NONE', *, *, #4296, .F. ) ;
#4279 = CARTESIAN_POINT ( 'NONE',  ( 19.00000000000000400, 2.500000000000000000, -6.015548772996655000 ) ) ;
#4280 = ORIENTED_EDGE ( 'NONE', *, *, #1446, .F. ) ;
#4281 = CARTESIAN_POINT ( 'NONE',  ( 8.392893218813462400, -20.14999999999999900, -3.000000000000000000 ) ) ;
#4282 = ORIENTED_EDGE ( 'NONE', *, *, #1586, .T. ) ;
#4283 = VECTOR ( 'NONE', #2074, 1000.000000000000000 ) ;
#4284 = ORIENTED_EDGE ( 'NONE', *, *, #3428, .T. ) ;
#4285 = CARTESIAN_POINT ( 'NONE',  ( 19.00000000000000000, 2.500000000000000000, -23.50000000000000000 ) ) ;
#4286 = ORIENTED_EDGE ( 'NONE', *, *, #2837, .F. ) ;
#4287 = DIRECTION ( 'NONE',  ( -0.1283355114047462800, -0.0000000000000000000, -0.9917308084921444600 ) ) ;
#4288 = CYLINDRICAL_SURFACE ( 'NONE', #680, 0.5000000000000004400 ) ;
#4289 = EDGE_CURVE ( 'NONE', #2435, #3212, #2469, .T. ) ;
#4290 = DIRECTION ( 'NONE',  ( 0.0000000000000000000, -0.0000000000000000000, 1.000000000000000000 ) ) ;
#4291 = VERTEX_POINT ( 'NONE', #1562 ) ;
#4292 = ADVANCED_FACE ( 'NONE', ( #3335 ), #2331, .F. ) ;
#4293 = EDGE_LOOP ( 'NONE', ( #3222, #881, #2030, #3494, #4585, #1145, #2936, #765 ) ) ;
#4294 = VERTEX_POINT ( 'NONE', #1183 ) ;
#4295 = VECTOR ( 'NONE', #3585, 1000.000000000000000 ) ;
#4296 = EDGE_CURVE ( 'NONE', #714, #2111, #451, .T. ) ;
#4297 = CIRCLE ( 'NONE', #4298, 5.000000000000000900 ) ;
#4298 = AXIS2_PLACEMENT_3D ( 'NONE', #4673, #2455, #196 ) ;
#4299 = VECTOR ( 'NONE', #3071, 1000.000000000000000 ) ;
#4300 = VERTEX_POINT ( 'NONE', #1211 ) ;
#4301 = DIRECTION ( 'NONE',  ( 1.734723475976806800E-016, 0.0000000000000000000, 1.000000000000000000 ) ) ;
#4302 = AXIS2_PLACEMENT_3D ( 'NONE', #3252, #1004, #3628 ) ;
#4303 = CARTESIAN_POINT ( 'NONE',  ( -1.499999999999996700, -18.14999999999999900, -2.999999999999999100 ) ) ;
#4304 = ORIENTED_EDGE ( 'NONE', *, *, #2247, .F. ) ;
#4305 = ORIENTED_EDGE ( 'NONE', *, *, #3966, .F. ) ;
#4306 = MECHANICAL_DESIGN_GEOMETRIC_PRESENTATION_REPRESENTATION (  '', ( #3591 ), #4556 ) ;
#4307 = VECTOR ( 'NONE', #1543, 1000.000000000000000 ) ;
#4308 = EDGE_LOOP ( 'NONE', ( #4652, #4058, #2544, #3329, #3096, #4851 ) ) ;
#4309 = EDGE_LOOP ( 'NONE', ( #3268, #186, #2888, #2515, #1914, #4781, #4443, #4127 ) ) ;
#4310 = CYLINDRICAL_SURFACE ( 'NONE', #3069, 2.250000000000000400 ) ;
#4311 = ORIENTED_EDGE ( 'NONE', *, *, #66, .T. ) ;
#4312 = VECTOR ( 'NONE', #1574, 1000.000000000000000 ) ;
#4313 = ORIENTED_EDGE ( 'NONE', *, *, #1303, .F. ) ;
#4314 = DIRECTION ( 'NONE',  ( -1.000000000000000000, 0.0000000000000000000, 0.0000000000000000000 ) ) ;
#4315 = DIRECTION ( 'NONE',  ( -0.9986740976945128700, 2.165529252650781500E-016, 0.05147860326437251500 ) ) ;
#4316 = VERTEX_POINT ( 'NONE', #1962 ) ;
#4317 = CIRCLE ( 'NONE', #4656, 1.249999999999999300 ) ;
#4318 = FACE_OUTER_BOUND ( 'NONE', #4352, .T. ) ;
#4319 = EDGE_CURVE ( 'NONE', #844, #4294, #336, .T. ) ;
#4320 = CARTESIAN_POINT ( 'NONE',  ( 18.30000000000000400, 2.500000000000000000, -9.000000000000001800 ) ) ;
#4321 = CARTESIAN_POINT ( 'NONE',  ( 19.00000000000000000, 2.500000000000000000, -23.50000000000000000 ) ) ;
#4322 = EDGE_CURVE ( 'NONE', #3952, #1512, #4190, .T. ) ;
#4323 = DIRECTION ( 'NONE',  ( 0.0000000000000000000, 1.000000000000000000, 0.0000000000000000000 ) ) ;
#4324 = EDGE_CURVE ( 'NONE', #2256, #3560, #221, .T. ) ;
#4325 = AXIS2_PLACEMENT_3D ( 'NONE', #1373, #3990, #1755 ) ;
#4326 = CARTESIAN_POINT ( 'NONE',  ( 0.0000000000000000000, -2.500000000000000000, 0.0000000000000000000 ) ) ;
#4327 = CARTESIAN_POINT ( 'NONE',  ( 19.43997900946483900, 2.500000000000000000, -20.10000000000000100 ) ) ;
#4328 = VERTEX_POINT ( 'NONE', #92 ) ;
#4329 = ORIENTED_EDGE ( 'NONE', *, *, #2834, .F. ) ;
#4330 = VERTEX_POINT ( 'NONE', #1233 ) ;
#4331 = CARTESIAN_POINT ( 'NONE',  ( 19.80000000000000400, 2.500000000000000000, -9.000000000000001800 ) ) ;
#4332 = ORIENTED_EDGE ( 'NONE', *, *, #4729, .T. ) ;
#4333 = CARTESIAN_POINT ( 'NONE',  ( -19.00000000000000000, -2.500000000000000400, -5.000000000000000000 ) ) ;
#4334 = CARTESIAN_POINT ( 'NONE',  ( -2.499999999999998700, -19.64999999999999500, -3.000000000000000000 ) ) ;
#4335 = LINE ( 'NONE', #60, #1482 ) ;
#4336 = VERTEX_POINT ( 'NONE', #1608 ) ;
#4337 = FACE_OUTER_BOUND ( 'NONE', #149, .T. ) ;
#4338 = VERTEX_POINT ( 'NONE', #462 ) ;
#4339 = PLANE ( 'NONE',  #2481 ) ;
#4340 = CARTESIAN_POINT ( 'NONE',  ( -19.00000000000000400, -2.500000000000000000, -6.015548772996655000 ) ) ;
#4341 = EDGE_CURVE ( 'NONE', #1676, #2098, #109, .T. ) ;
#4342 = ORIENTED_EDGE ( 'NONE', *, *, #259, .T. ) ;
#4343 = VECTOR ( 'NONE', #3059, 1000.000000000000000 ) ;
#4344 = FACE_OUTER_BOUND ( 'NONE', #1669, .T. ) ;
#4345 = DIRECTION ( 'NONE',  ( 0.0000000000000000000, 1.000000000000000000, 0.0000000000000000000 ) ) ;
#4346 = ORIENTED_EDGE ( 'NONE', *, *, #1999, .T. ) ;
#4347 = EDGE_CURVE ( 'NONE', #2893, #1188, #1099, .T. ) ;
#4348 = DIRECTION ( 'NONE',  ( 1.000000000000000000, 0.0000000000000000000, 0.0000000000000000000 ) ) ;
#4349 = VECTOR ( 'NONE', #1263, 1000.000000000000100 ) ;
#4350 = CARTESIAN_POINT ( 'NONE',  ( 14.49999999999999800, 0.0000000000000000000, -21.50000000000000000 ) ) ;
#4351 = AXIS2_PLACEMENT_3D ( 'NONE', #597, #2089, #1358 ) ;
#4352 = EDGE_LOOP ( 'NONE', ( #2528, #1245, #1202, #2491 ) ) ;
#4353 = VECTOR ( 'NONE', #3896, 1000.000000000000000 ) ;
#4354 = EDGE_LOOP ( 'NONE', ( #2678, #4414, #347, #3672 ) ) ;
#4355 = VERTEX_POINT ( 'NONE', #3126 ) ;
#4356 = DIRECTION ( 'NONE',  ( 0.0000000000000000000, -0.0000000000000000000, 1.000000000000000000 ) ) ;
#4357 = ORIENTED_EDGE ( 'NONE', *, *, #3993, .F. ) ;
#4358 = CARTESIAN_POINT ( 'NONE',  ( 0.0000000000000000000, 0.0000000000000000000, 39.00000000000000000 ) ) ;
#4359 = PRESENTATION_STYLE_ASSIGNMENT (( #1814 ) ) ;
#4360 =( GEOMETRIC_REPRESENTATION_CONTEXT ( 3 ) GLOBAL_UNCERTAINTY_ASSIGNED_CONTEXT ( ( #3991 ) ) GLOBAL_UNIT_ASSIGNED_CONTEXT ( ( #985, #3987, #1752 ) ) REPRESENTATION_CONTEXT ( 'NONE', 'WORKASPACE' ) );
#4361 = VERTEX_POINT ( 'NONE', #864 ) ;
#4362 = VECTOR ( 'NONE', #829, 1000.000000000000000 ) ;
#4363 = ORIENTED_EDGE ( 'NONE', *, *, #1256, .F. ) ;
#4364 = VECTOR ( 'NONE', #1127, 1000.000000000000000 ) ;
#4365 = PRODUCT_CONTEXT ( 'NONE', #2518, 'mechanical' ) ;
#4366 = COLOUR_RGB ( '',1.000000000000000000, 1.000000000000000000, 1.000000000000000000 ) ;
#4367 = CARTESIAN_POINT ( 'NONE',  ( -12.54999999999999900, -5.494315243958978600, 39.50000000000000000 ) ) ;
#4368 = CARTESIAN_POINT ( 'NONE',  ( 8.000000000000001800, 29.00000000000000000, -13.00000000000000200 ) ) ;
#4369 = CARTESIAN_POINT ( 'NONE',  ( -8.000000000000001800, 16.00000000000000000, -13.00000000000000200 ) ) ;
#4370 = CARTESIAN_POINT ( 'NONE',  ( 24.25000000000000000, 0.0000000000000000000, -3.000000000000000000 ) ) ;
#4371 = DIRECTION ( 'NONE',  ( -1.000000000000000000, 0.0000000000000000000, -0.0000000000000000000 ) ) ;
#4372 = EDGE_LOOP ( 'NONE', ( #2468, #2860, #2486, #2152 ) ) ;
#4373 = FACE_OUTER_BOUND ( 'NONE', #718, .T. ) ;
#4374 = DIRECTION ( 'NONE',  ( -0.0000000000000000000, -1.000000000000000000, -0.0000000000000000000 ) ) ;
#4375 = ORIENTED_EDGE ( 'NONE', *, *, #720, .T. ) ;
#4376 = VECTOR ( 'NONE', #2130, 999.9999999999998900 ) ;
#4377 = EDGE_CURVE ( 'NONE', #4355, #614, #2115, .T. ) ;
#4378 = CARTESIAN_POINT ( 'NONE',  ( 17.19999999999999900, 2.500000000000000000, -23.50000000000000000 ) ) ;
#4379 = EDGE_LOOP ( 'NONE', ( #1860, #478, #1138, #1830, #2791, #673, #1074, #3949 ) ) ;
#4380 = CARTESIAN_POINT ( 'NONE',  ( -27.24999999999999600, 1.292893218813451000, 0.0000000000000000000 ) ) ;
#4381 = CARTESIAN_POINT ( 'NONE',  ( -19.43997900946483900, 2.500000000000000000, -20.10000000000000100 ) ) ;
#4382 = ADVANCED_FACE ( 'NONE', ( #4837 ), #1626, .T. ) ;
#4383 = EDGE_CURVE ( 'NONE', #3982, #2832, #3861, .T. ) ;
#4384 = CARTESIAN_POINT ( 'NONE',  ( -15.00000000000000400, 5.505684756041020500, 39.00000000000000000 ) ) ;
#4385 = AXIS2_PLACEMENT_3D ( 'NONE', #1918, #1539, #3426 ) ;
#4386 = CARTESIAN_POINT ( 'NONE',  ( -8.392893218813464200, -19.64999999999999500, -3.000000000000000000 ) ) ;
#4387 = VERTEX_POINT ( 'NONE', #3140 ) ;
#4388 = ORIENTED_EDGE ( 'NONE', *, *, #2605, .T. ) ;
#4389 = ORIENTED_EDGE ( 'NONE', *, *, #1274, .F. ) ;
#4390 = VERTEX_POINT ( 'NONE', #2755 ) ;
#4391 = PRESENTATION_LAYER_ASSIGNMENT (  '', '', ( #4138 ) ) ;
#4392 =( BOUNDED_CURVE ( )  B_SPLINE_CURVE ( 3, ( #4553, #4174, #1947, #2342 ),
 .UNSPECIFIED., .F., .T. ) 
 B_SPLINE_CURVE_WITH_KNOTS ( ( 4, 4 ),
 ( 2.250824147253495300, 3.141592653589793100 ),
 .UNSPECIFIED. ) 
 CURVE ( )  GEOMETRIC_REPRESENTATION_ITEM ( )  RATIONAL_B_SPLINE_CURVE ( ( 1.000000000000000000, 0.9349634626403241500, 0.9349634626403241500, 1.000000000000000000 ) ) 
 REPRESENTATION_ITEM ( '' )  );
#4393 = CIRCLE ( 'NONE', #2104, 0.5000000000000004400 ) ;
#4394 =( GEOMETRIC_REPRESENTATION_CONTEXT ( 3 ) GLOBAL_UNCERTAINTY_ASSIGNED_CONTEXT ( ( #4545 ) ) GLOBAL_UNIT_ASSIGNED_CONTEXT ( ( #3708, #1453, #4068 ) ) REPRESENTATION_CONTEXT ( 'NONE', 'WORKASPACE' ) );
#4395 = DIRECTION ( 'NONE',  ( 0.0000000000000000000, 1.000000000000000000, 0.0000000000000000000 ) ) ;
#4396 = VERTEX_POINT ( 'NONE', #4604 ) ;
#4397 = PLANE ( 'NONE',  #2231 ) ;
#4398 = ORIENTED_EDGE ( 'NONE', *, *, #956, .T. ) ;
#4399 = VERTEX_POINT ( 'NONE', #505 ) ;
#4400 = VECTOR ( 'NONE', #3236, 1000.000000000000200 ) ;
#4401 = ORIENTED_EDGE ( 'NONE', *, *, #1081, .F. ) ;
#4402 = CARTESIAN_POINT ( 'NONE',  ( 13.00000000000000500, 8.149999999999991500, -13.00000000000000200 ) ) ;
#4403 = DIRECTION ( 'NONE',  ( -0.7071067811865477900, -0.7071067811865473500, 0.0000000000000000000 ) ) ;
#4404 = ORIENTED_EDGE ( 'NONE', *, *, #4031, .F. ) ;
#4405 = ORIENTED_EDGE ( 'NONE', *, *, #4411, .T. ) ;
#4406 = LINE ( 'NONE', #574, #1552 ) ;
#4407 = ADVANCED_FACE ( 'NONE', ( #1997 ), #519, .F. ) ;
#4408 =( LENGTH_UNIT ( ) NAMED_UNIT ( * ) SI_UNIT ( .MILLI., .METRE. ) );
#4409 = FACE_OUTER_BOUND ( 'NONE', #2835, .T. ) ;
#4410 = LINE ( 'NONE', #1557, #1558 ) ;
#4411 = EDGE_CURVE ( 'NONE', #4390, #3625, #1503, .T. ) ;
#4412 = CARTESIAN_POINT ( 'NONE',  ( -27.24999999999999600, 1.499999999999997800, -3.000000000000000000 ) ) ;
#4413 = CARTESIAN_POINT ( 'NONE',  ( 18.30000000000000400, 2.500000000000000000, -8.500000000000000000 ) ) ;
#4414 = ORIENTED_EDGE ( 'NONE', *, *, #1274, .T. ) ;
#4415 = CARTESIAN_POINT ( 'NONE',  ( -17.19999999999999900, 2.500000000000000000, -20.00000000000000000 ) ) ;
#4416 = EDGE_CURVE ( 'NONE', #521, #2990, #3523, .T. ) ;
#4417 = VECTOR ( 'NONE', #2646, 1000.000000000000000 ) ;
#4418 = ORIENTED_EDGE ( 'NONE', *, *, #1480, .T. ) ;
#4419 = LINE ( 'NONE', #4145, #2466 ) ;
#4420 = VERTEX_POINT ( 'NONE', #657 ) ;
#4421 = VERTEX_POINT ( 'NONE', #1036 ) ;
#4422 = EDGE_CURVE ( 'NONE', #118, #553, #1384, .T. ) ;
#4423 = CARTESIAN_POINT ( 'NONE',  ( -19.43997900946483900, -1.000000000000000400, -20.10000000000000100 ) ) ;
#4424 = FACE_OUTER_BOUND ( 'NONE', #4635, .T. ) ;
#4425 = ORIENTED_EDGE ( 'NONE', *, *, #2640, .T. ) ;
#4426 = CIRCLE ( 'NONE', #381, 3.000000000000000900 ) ;
#4427 = DIRECTION ( 'NONE',  ( -0.0000000000000000000, -1.000000000000000000, -0.0000000000000000000 ) ) ;
#4428 = AXIS2_PLACEMENT_3D ( 'NONE', #4572, #474, #3116 ) ;
#4429 = DIRECTION ( 'NONE',  ( -0.0000000000000000000, -0.0000000000000000000, -1.000000000000000000 ) ) ;
#4430 = DIRECTION ( 'NONE',  ( 0.0000000000000000000, 0.0000000000000000000, -1.000000000000000000 ) ) ;
#4431 = CARTESIAN_POINT ( 'NONE',  ( 0.0000000000000000000, 0.0000000000000000000, 39.50000000000000000 ) ) ;
#4432 = ORIENTED_EDGE ( 'NONE', *, *, #2215, .T. ) ;
#4433 = VECTOR ( 'NONE', #2979, 1000.000000000000000 ) ;
#4434 = FACE_OUTER_BOUND ( 'NONE', #2411, .T. ) ;
#4435 = DIRECTION ( 'NONE',  ( -1.000000000000000000, 0.0000000000000000000, 0.0000000000000000000 ) ) ;
#4436 = SURFACE_STYLE_USAGE ( .BOTH. , #1833 ) ;
#4437 = DIRECTION ( 'NONE',  ( 1.000000000000000000, 0.0000000000000000000, 0.0000000000000000000 ) ) ;
#4438 = EDGE_CURVE ( 'NONE', #3667, #1265, #3378, .T. ) ;
#4439 = ADVANCED_FACE ( 'NONE', ( #4253 ), #2548, .F. ) ;
#4440 = DIRECTION ( 'NONE',  ( 0.0000000000000000000, 0.0000000000000000000, 1.000000000000000000 ) ) ;
#4441 = EDGE_CURVE ( 'NONE', #1609, #4471, #2277, .T. ) ;
#4442 = EDGE_LOOP ( 'NONE', ( #4260, #3330, #2982, #1270, #4800, #1839, #4245, #1168 ) ) ;
#4443 = ORIENTED_EDGE ( 'NONE', *, *, #1133, .T. ) ;
#4444 = AXIS2_PLACEMENT_3D ( 'NONE', #1189, #1943, #4548 ) ;
#4445 = DIRECTION ( 'NONE',  ( -1.000000000000000000, 1.084202172485503400E-016, 0.0000000000000000000 ) ) ;
#4446 = DIRECTION ( 'NONE',  ( -0.1283355114047462800, 1.391416402720640000E-017, -0.9917308084921443400 ) ) ;
#4447 = CARTESIAN_POINT ( 'NONE',  ( -8.000000000000001800, 29.00000000000000000, -13.00000000000000200 ) ) ;
#4448 = ORIENTED_EDGE ( 'NONE', *, *, #515, .T. ) ;
#4449 = AXIS2_PLACEMENT_3D ( 'NONE', #1666, #172, #2794 ) ;
#4450 = AXIS2_PLACEMENT_3D ( 'NONE', #4118, #2285, #21 ) ;
#4451 = DIRECTION ( 'NONE',  ( -0.0000000000000000000, -0.0000000000000000000, -1.000000000000000000 ) ) ;
#4452 = FILL_AREA_STYLE_COLOUR ( '', #847 ) ;
#4453 = COLOUR_RGB ( '',0.7529411764705882200, 0.7529411764705882200, 0.7529411764705882200 ) ;
#4454 = EDGE_CURVE ( 'NONE', #2205, #2435, #4469, .T. ) ;
#4455 = DIRECTION ( 'NONE',  ( -1.000000000000000000, -1.084202172485503400E-016, 0.0000000000000000000 ) ) ;
#4456 = EDGE_LOOP ( 'NONE', ( #4810, #3660, #4251, #3686, #3379, #762, #2930, #2066, #1649, #4756, #2268, #69, #2552, #2795, #1193, #1123, #441, #1216, #2017, #2449, #3333, #877, #75, #2042, #3715, #916 ) ) ;
#4457 = FACE_OUTER_BOUND ( 'NONE', #1530, .T. ) ;
#4458 = DIRECTION ( 'NONE',  ( -0.0000000000000000000, 0.0000000000000000000, -1.000000000000000000 ) ) ;
#4459 = DIRECTION ( 'NONE',  ( 0.0000000000000000000, 1.000000000000000000, 0.0000000000000000000 ) ) ;
#4460 = ADVANCED_FACE ( 'NONE', ( #3169 ), #1807, .T. ) ;
#4461 = COLOUR_RGB ( '',0.7529411764705882200, 0.7529411764705882200, 0.7529411764705882200 ) ;
#4462 =( NAMED_UNIT ( * ) SI_UNIT ( $, .STERADIAN. ) SOLID_ANGLE_UNIT ( ) );
#4463 = EDGE_CURVE ( 'NONE', #2311, #4355, #2167, .T. ) ;
#4464 = ORIENTED_EDGE ( 'NONE', *, *, #2637, .F. ) ;
#4465 = VECTOR ( 'NONE', #4703, 1000.000000000000000 ) ;
#4466 = LINE ( 'NONE', #4571, #514 ) ;
#4467 = CARTESIAN_POINT ( 'NONE',  ( 0.0000000000000000000, 0.0000000000000000000, -20.00000000000000000 ) ) ;
#4468 = VERTEX_POINT ( 'NONE', #690 ) ;
#4469 = LINE ( 'NONE', #3299, #271 ) ;
#4470 = EDGE_CURVE ( 'NONE', #4194, #3762, #168, .T. ) ;
#4471 = VERTEX_POINT ( 'NONE', #3696 ) ;
#4472 = DIRECTION ( 'NONE',  ( -1.000000000000000000, 0.0000000000000000000, 0.0000000000000000000 ) ) ;
#4473 = ORIENTED_EDGE ( 'NONE', *, *, #1518, .T. ) ;
#4474 =( LENGTH_UNIT ( ) NAMED_UNIT ( * ) SI_UNIT ( .MILLI., .METRE. ) );
#4475 = PRESENTATION_STYLE_ASSIGNMENT (( #2902 ) ) ;
#4476 = EDGE_LOOP ( 'NONE', ( #273, #3827, #532, #536 ) ) ;
#4477 = AXIS2_PLACEMENT_3D ( 'NONE', #108, #2729, #476 ) ;
#4478 = CIRCLE ( 'NONE', #3670, 0.5000000000000004400 ) ;
#4479 = CARTESIAN_POINT ( 'NONE',  ( -26.74999999999999600, 1.292893218813449900, 0.0000000000000000000 ) ) ;
#4480 = EDGE_LOOP ( 'NONE', ( #3556, #1009 ) ) ;
#4481 = CARTESIAN_POINT ( 'NONE',  ( -2.499999999999998700, -20.14999999999999500, -3.000000000000000000 ) ) ;
#4482 = AXIS2_PLACEMENT_3D ( 'NONE', #932, #3562, #1311 ) ;
#4483 = ORIENTED_EDGE ( 'NONE', *, *, #280, .T. ) ;
#4484 = CARTESIAN_POINT ( 'NONE',  ( -19.00000000000000400, 2.500000000000000000, -5.000000000000000000 ) ) ;
#4485 = VECTOR ( 'NONE', #748, 1000.000000000000000 ) ;
#4486 = CIRCLE ( 'NONE', #1743, 1.600000000000000800 ) ;
#4487 = AXIS2_PLACEMENT_3D ( 'NONE', #759, #3387, #1141 ) ;
#4488 = ADVANCED_BREP_SHAPE_REPRESENTATION ( 'DFR0523', ( #1526, #1845 ), #4360 ) ;
#4489 = LINE ( 'NONE', #840, #3539 ) ;
#4490 = ORIENTED_EDGE ( 'NONE', *, *, #828, .T. ) ;
#4491 = VECTOR ( 'NONE', #4662, 1000.000000000000000 ) ;
#4492 = CARTESIAN_POINT ( 'NONE',  ( -19.00000000000000400, 7.500000000000000000, -3.000000000000000000 ) ) ;
#4493 = AXIS2_PLACEMENT_3D ( 'NONE', #4368, #1732, #1409 ) ;
#4494 = DIRECTION ( 'NONE',  ( 0.0000000000000000000, -1.000000000000000000, 0.0000000000000000000 ) ) ;
#4495 = FILL_AREA_STYLE_COLOUR ( '', #1804 ) ;
#4496 = CARTESIAN_POINT ( 'NONE',  ( -1.999999999999996700, -18.14999999999999900, -3.000000000000000000 ) ) ;
#4497 = ORIENTED_EDGE ( 'NONE', *, *, #252, .F. ) ;
#4498 = EDGE_CURVE ( 'NONE', #2304, #905, #1285, .T. ) ;
#4499 = ORIENTED_EDGE ( 'NONE', *, *, #2358, .T. ) ;
#4500 = DIRECTION ( 'NONE',  ( 0.0000000000000000000, 0.0000000000000000000, -1.000000000000000000 ) ) ;
#4501 = CARTESIAN_POINT ( 'NONE',  ( 0.0000000000000000000, 0.0000000000000000000, -20.00000000000000000 ) ) ;
#4502 = ORIENTED_EDGE ( 'NONE', *, *, #1800, .F. ) ;
#4503 = SURFACE_SIDE_STYLE ('',( #4783 ) ) ;
#4504 = ORIENTED_EDGE ( 'NONE', *, *, #1926, .T. ) ;
#4505 = CARTESIAN_POINT ( 'NONE',  ( 17.50000000000000000, -2.500000000000000000, -20.00000000000000000 ) ) ;
#4506 = EDGE_CURVE ( 'NONE', #3937, #4777, #4120, .T. ) ;
#4507 = FILL_AREA_STYLE ('',( #55 ) ) ;
#4508 = CIRCLE ( 'NONE', #1838, 1.600000000000000800 ) ;
#4509 = EDGE_LOOP ( 'NONE', ( #3604, #2077, #3624, #4030 ) ) ;
#4510 = AXIS2_PLACEMENT_3D ( 'NONE', #2203, #4801, #2575 ) ;
#4511 =( NAMED_UNIT ( * ) PLANE_ANGLE_UNIT ( ) SI_UNIT ( $, .RADIAN. ) );
#4512 = DIRECTION ( 'NONE',  ( 0.0000000000000000000, 1.000000000000000000, 0.0000000000000000000 ) ) ;
#4513 = ORIENTED_EDGE ( 'NONE', *, *, #1510, .T. ) ;
#4514 = CIRCLE ( 'NONE', #4033, 0.5000000000000004400 ) ;
#4515 = ORIENTED_EDGE ( 'NONE', *, *, #3572, .T. ) ;
#4516 = AXIS2_PLACEMENT_3D ( 'NONE', #2923, #672, #3298 ) ;
#4517 = DIRECTION ( 'NONE',  ( -0.0000000000000000000, -1.000000000000000000, -0.0000000000000000000 ) ) ;
#4518 = EDGE_LOOP ( 'NONE', ( #549, #4528, #778, #3613 ) ) ;
#4519 = ORIENTED_EDGE ( 'NONE', *, *, #2502, .T. ) ;
#4520 = VECTOR ( 'NONE', #2062, 1000.000000000000000 ) ;
#4521 = SURFACE_SIDE_STYLE ('',( #937 ) ) ;
#4522 = CARTESIAN_POINT ( 'NONE',  ( 19.00000000000000400, 2.500000000000000000, -5.000000000000000000 ) ) ;
#4523 = PLANE ( 'NONE',  #4842 ) ;
#4524 = CARTESIAN_POINT ( 'NONE',  ( -7.999999999999998200, 8.149999999999991500, -13.00000000000000200 ) ) ;
#4525 = LINE ( 'NONE', #1174, #682 ) ;
#4526 = CARTESIAN_POINT ( 'NONE',  ( -9.250000000000003600, 5.505684756041019600, 39.50000000000000000 ) ) ;
#4527 = DIRECTION ( 'NONE',  ( 0.0000000000000000000, -1.000000000000000000, -0.0000000000000000000 ) ) ;
#4528 = ORIENTED_EDGE ( 'NONE', *, *, #2016, .T. ) ;
#4529 = CARTESIAN_POINT ( 'NONE',  ( 19.00000000000000000, 2.500000000000000000, -23.50000000000000000 ) ) ;
#4530 = DIRECTION ( 'NONE',  ( 0.0000000000000000000, 0.0000000000000000000, -1.000000000000000000 ) ) ;
#4531 = CIRCLE ( 'NONE', #3238, 0.5000000000000004400 ) ;
#4532 = VERTEX_POINT ( 'NONE', #324 ) ;
#4533 = EDGE_CURVE ( 'NONE', #4294, #1673, #28, .T. ) ;
#4534 = EDGE_LOOP ( 'NONE', ( #1717, #4389, #2052, #445 ) ) ;
#4535 = PLANE ( 'NONE',  #3887 ) ;
#4536 = DIRECTION ( 'NONE',  ( -8.673617379884034200E-017, 0.0000000000000000000, 1.000000000000000000 ) ) ;
#4537 = LINE ( 'NONE', #1021, #3584 ) ;
#4538 = LINE ( 'NONE', #3857, #3587 ) ;
#4539 = ORIENTED_EDGE ( 'NONE', *, *, #4736, .F. ) ;
#4540 = EDGE_CURVE ( 'NONE', #4361, #166, #3027, .T. ) ;
#4541 = CARTESIAN_POINT ( 'NONE',  ( 17.19999999999999900, 2.500000000000000000, -23.50000000000000000 ) ) ;
#4542 = LINE ( 'NONE', #2301, #2581 ) ;
#4543 = ORIENTED_EDGE ( 'NONE', *, *, #1103, .T. ) ;
#4544 = ADVANCED_FACE ( 'NONE', ( #2054 ), #3787, .T. ) ;
#4545 = UNCERTAINTY_MEASURE_WITH_UNIT (LENGTH_MEASURE( 1.000000000000000100E-005 ), #3708, 'distance_accuracy_value', 'NONE');
#4546 = CARTESIAN_POINT ( 'NONE',  ( 19.88660249082663300, 2.500000000000000000, -8.607812245411903300 ) ) ;
#4547 = AXIS2_PLACEMENT_3D ( 'NONE', #116, #868, #3570 ) ;
#4548 = DIRECTION ( 'NONE',  ( 0.0000000000000000000, -0.0000000000000000000, 1.000000000000000000 ) ) ;
#4549 = CIRCLE ( 'NONE', #4040, 17.50000000000000000 ) ;
#4550 = DIRECTION ( 'NONE',  ( 0.0000000000000000000, 0.0000000000000000000, 1.000000000000000000 ) ) ;
#4551 = DIRECTION ( 'NONE',  ( 0.0000000000000000000, 0.0000000000000000000, -1.000000000000000000 ) ) ;
#4552 = AXIS2_PLACEMENT_3D ( 'NONE', #3938, #3241, #986 ) ;
#4553 = CARTESIAN_POINT ( 'NONE',  ( 11.14407328102380000, 15.74864148391653300, -16.88777612569863300 ) ) ;
#4554 = PLANE ( 'NONE',  #3706 ) ;
#4555 = ORIENTED_EDGE ( 'NONE', *, *, #2819, .F. ) ;
#4556 =( GEOMETRIC_REPRESENTATION_CONTEXT ( 3 ) GLOBAL_UNCERTAINTY_ASSIGNED_CONTEXT ( ( #1027 ) ) GLOBAL_UNIT_ASSIGNED_CONTEXT ( ( #2774, #525, #3157 ) ) REPRESENTATION_CONTEXT ( 'NONE', 'WORKASPACE' ) );
#4557 = LINE ( 'NONE', #3353, #3595 ) ;
#4558 = VECTOR ( 'NONE', #430, 1000.000000000000000 ) ;
#4559 = DIRECTION ( 'NONE',  ( 0.0000000000000000000, 0.0000000000000000000, -1.000000000000000000 ) ) ;
#4560 = DIRECTION ( 'NONE',  ( -1.734723475976806800E-016, -1.000000000000000000, 0.0000000000000000000 ) ) ;
#4561 = CARTESIAN_POINT ( 'NONE',  ( 0.0000000000000000000, 0.0000000000000000000, -23.50000000000000000 ) ) ;
#4562 = CARTESIAN_POINT ( 'NONE',  ( -2.999999999999997800, 8.149999999999991500, -13.00000000000000200 ) ) ;
#4563 = CARTESIAN_POINT ( 'NONE',  ( -17.19999999999999900, 2.500000000000000000, -23.50000000000000000 ) ) ;
#4564 = DIRECTION ( 'NONE',  ( 0.0000000000000000000, 0.0000000000000000000, 1.000000000000000000 ) ) ;
#4565 = DIRECTION ( 'NONE',  ( -0.0000000000000000000, -0.0000000000000000000, -1.000000000000000000 ) ) ;
#4566 = DIRECTION ( 'NONE',  ( 0.0000000000000000000, 0.0000000000000000000, -1.000000000000000000 ) ) ;
#4567 = CARTESIAN_POINT ( 'NONE',  ( 18.19999999999999900, 2.500000000000000000, -20.03608286463847700 ) ) ;
#4568 = ADVANCED_FACE ( 'NONE', ( #3916 ), #1799, .T. ) ;
#4569 = CARTESIAN_POINT ( 'NONE',  ( -13.41407601615174400, 5.505684756041019600, 39.00000000000000000 ) ) ;
#4570 = DIRECTION ( 'NONE',  ( 1.000000000000000000, 0.0000000000000000000, -1.734723475976806800E-016 ) ) ;
#4571 = CARTESIAN_POINT ( 'NONE',  ( -19.00000000000000400, -2.500000000000000000, -5.000000000000000000 ) ) ;
#4572 = CARTESIAN_POINT ( 'NONE',  ( -19.00000000000000000, 2.500000000000000000, -23.50000000000000000 ) ) ;
#4573 = ADVANCED_FACE ( 'NONE', ( #4778 ), #1471, .F. ) ;
#4574 = VERTEX_POINT ( 'NONE', #4816 ) ;
#4575 = VERTEX_POINT ( 'NONE', #4834 ) ;
#4576 = PLANE ( 'NONE',  #1662 ) ;
#4577 = EDGE_CURVE ( 'NONE', #2863, #4390, #929, .T. ) ;
#4578 = ORIENTED_EDGE ( 'NONE', *, *, #1335, .T. ) ;
#4579 = DIRECTION ( 'NONE',  ( -4.625929269271485900E-016, -1.000000000000000000, 0.0000000000000000000 ) ) ;
#4580 = VERTEX_POINT ( 'NONE', #2981 ) ;
#4581 = FILL_AREA_STYLE ('',( #1606 ) ) ;
#4582 = DIRECTION ( 'NONE',  ( -0.0000000000000000000, -1.000000000000000000, -0.0000000000000000000 ) ) ;
#4583 = CARTESIAN_POINT ( 'NONE',  ( 27.10355339059327300, -1.646446609406728900, -3.000000000000000000 ) ) ;
#4584 = EDGE_CURVE ( 'NONE', #2990, #2893, #2805, .T. ) ;
#4585 = ORIENTED_EDGE ( 'NONE', *, *, #1072, .F. ) ;
#4586 = DIRECTION ( 'NONE',  ( 0.0000000000000000000, -0.0000000000000000000, 1.000000000000000000 ) ) ;
#4587 = CARTESIAN_POINT ( 'NONE',  ( -12.99999999999999600, 12.51068519718185500, -3.000000000000000000 ) ) ;
#4588 = DIRECTION ( 'NONE',  ( 0.0000000000000000000, -0.0000000000000000000, 1.000000000000000000 ) ) ;
#4589 = EDGE_CURVE ( 'NONE', #118, #3975, #791, .T. ) ;
#4590 = AXIS2_PLACEMENT_3D ( 'NONE', #1734, #2500, #245 ) ;
#4591 = DIRECTION ( 'NONE',  ( 8.673617379884034200E-017, 0.0000000000000000000, 1.000000000000000000 ) ) ;
#4592 = DIRECTION ( 'NONE',  ( 1.734723475976806800E-016, -0.0000000000000000000, -1.000000000000000000 ) ) ;
#4593 = DIRECTION ( 'NONE',  ( 0.0000000000000000000, -0.0000000000000000000, 1.000000000000000000 ) ) ;
#4594 = ORIENTED_EDGE ( 'NONE', *, *, #2477, .T. ) ;
#4595 = VECTOR ( 'NONE', #651, 1000.000000000000000 ) ;
#4596 = AXIS2_PLACEMENT_3D ( 'NONE', #3078, #824, #3455 ) ;
#4597 = DIRECTION ( 'NONE',  ( -0.0000000000000000000, 0.0000000000000000000, -1.000000000000000000 ) ) ;
#4598 = DIRECTION ( 'NONE',  ( 0.0000000000000000000, 0.0000000000000000000, 1.000000000000000000 ) ) ;
#4599 = DIRECTION ( 'NONE',  ( 0.0000000000000000000, 0.0000000000000000000, 1.000000000000000000 ) ) ;
#4600 = ADVANCED_FACE ( 'NONE', ( #2677, #4666 ), #2615, .F. ) ;
#4601 = LINE ( 'NONE', #4113, #2608 ) ;
#4602 = ORIENTED_EDGE ( 'NONE', *, *, #2191, .F. ) ;
#4603 = DIRECTION ( 'NONE',  ( -1.000000000000000000, 0.0000000000000000000, -0.0000000000000000000 ) ) ;
#4604 = CARTESIAN_POINT ( 'NONE',  ( -12.99999999999999800, 20.14999999999999500, -13.00000000000000200 ) ) ;
#4605 = VECTOR ( 'NONE', #3951, 1000.000000000000000 ) ;
#4606 = CARTESIAN_POINT ( 'NONE',  ( -27.24999999999999600, 1.292893218813451000, -3.000000000000000000 ) ) ;
#4607 = VECTOR ( 'NONE', #3464, 1000.000000000000000 ) ;
#4608 = COLOUR_RGB ( '',1.000000000000000000, 1.000000000000000000, 0.5019607843137254800 ) ;
#4609 = VERTEX_POINT ( 'NONE', #1 ) ;
#4610 = CARTESIAN_POINT ( 'NONE',  ( 19.43997900946483900, 2.500000000000000000, -20.10000000000000100 ) ) ;
#4611 = DIRECTION ( 'NONE',  ( -1.000000000000000000, 1.734723475976806800E-016, -0.0000000000000000000 ) ) ;
#4612 = LINE ( 'NONE', #4208, #3629 ) ;
#4613 = ORIENTED_EDGE ( 'NONE', *, *, #3807, .F. ) ;
#4614 = DIRECTION ( 'NONE',  ( -0.4845785457804486800, 0.0000000000000000000, -0.8747477539092659600 ) ) ;
#4615 = VECTOR ( 'NONE', #2531, 1000.000000000000000 ) ;
#4616 = EDGE_CURVE ( 'NONE', #4421, #1802, #4531, .T. ) ;
#4617 = DIRECTION ( 'NONE',  ( -0.0000000000000000000, -0.0000000000000000000, -1.000000000000000000 ) ) ;
#4618 = VERTEX_POINT ( 'NONE', #1124 ) ;
#4619 = PLANE ( 'NONE',  #1596 ) ;
#4620 = ORIENTED_EDGE ( 'NONE', *, *, #2034, .T. ) ;
#4621 = FACE_OUTER_BOUND ( 'NONE', #802, .T. ) ;
#4622 = FILL_AREA_STYLE ('',( #1271 ) ) ;
#4623 = EDGE_CURVE ( 'NONE', #2094, #1101, #1695, .T. ) ;
#4624 =( NAMED_UNIT ( * ) SI_UNIT ( $, .STERADIAN. ) SOLID_ANGLE_UNIT ( ) );
#4625 = ORIENTED_EDGE ( 'NONE', *, *, #2889, .F. ) ;
#4626 = FACE_OUTER_BOUND ( 'NONE', #3084, .T. ) ;
#4627 = STYLED_ITEM ( 'NONE', ( #971 ), #3131 ) ;
#4628 = CARTESIAN_POINT ( 'NONE',  ( -17.19999999999999900, 2.500000000000000000, -23.50000000000000000 ) ) ;
#4629 = AXIS2_PLACEMENT_3D ( 'NONE', #1208, #3095, #4180 ) ;
#4630 = COLOUR_RGB ( '',0.2509803921568627400, 0.2509803921568627400, 0.2509803921568627400 ) ;
#4631 = AXIS2_PLACEMENT_3D ( 'NONE', #603, #2866, #617 ) ;
#4632 = CARTESIAN_POINT ( 'NONE',  ( -24.25000000000000000, 0.0000000000000000000, 0.0000000000000000000 ) ) ;
#4633 = CARTESIAN_POINT ( 'NONE',  ( 27.25000000000000000, 1.499999999999998700, -3.000000000000000000 ) ) ;
#4634 = VERTEX_POINT ( 'NONE', #1879 ) ;
#4635 = EDGE_LOOP ( 'NONE', ( #1535, #144, #1206, #3666, #1775, #2056, #3785, #4555 ) ) ;
#4636 = EDGE_LOOP ( 'NONE', ( #2437, #1038, #3703, #170 ) ) ;
#4637 = CARTESIAN_POINT ( 'NONE',  ( -20.30000000000000400, -2.500000000000000000, -6.735701647581717700 ) ) ;
#4638 = ORIENTED_EDGE ( 'NONE', *, *, #1707, .F. ) ;
#4639 = EDGE_CURVE ( 'NONE', #3212, #3667, #1563, .T. ) ;
#4640 = DIRECTION ( 'NONE',  ( 0.0000000000000000000, 0.0000000000000000000, -1.000000000000000000 ) ) ;
#4641 = VERTEX_POINT ( 'NONE', #1483 ) ;
#4642 = CARTESIAN_POINT ( 'NONE',  ( 0.0000000000000000000, 0.0000000000000000000, -21.50000000000000000 ) ) ;
#4643 = ADVANCED_FACE ( 'NONE', ( #2571 ), #2635, .T. ) ;
#4644 = DIRECTION ( 'NONE',  ( 0.0000000000000000000, 0.0000000000000000000, -1.000000000000000000 ) ) ;
#4645 = CYLINDRICAL_SURFACE ( 'NONE', #1346, 0.5000000000000000000 ) ;
#4646 = ORIENTED_EDGE ( 'NONE', *, *, #4206, .F. ) ;
#4647 = DIRECTION ( 'NONE',  ( -0.0000000000000000000, 1.000000000000000000, -0.0000000000000000000 ) ) ;
#4648 = ORIENTED_EDGE ( 'NONE', *, *, #4824, .T. ) ;
#4649 = EDGE_CURVE ( 'NONE', #4338, #2291, #687, .T. ) ;
#4650 = SURFACE_STYLE_USAGE ( .BOTH. , #2057 ) ;
#4651 = VECTOR ( 'NONE', #3193, 999.9999999999998900 ) ;
#4652 = ORIENTED_EDGE ( 'NONE', *, *, #2019, .T. ) ;
#4653 = AXIS2_PLACEMENT_3D ( 'NONE', #64, #1210, #3820 ) ;
#4654 = ORIENTED_EDGE ( 'NONE', *, *, #4623, .F. ) ;
#4655 = VECTOR ( 'NONE', #2790, 1000.000000000000000 ) ;
#4656 = AXIS2_PLACEMENT_3D ( 'NONE', #2885, #644, #3271 ) ;
#4657 = LINE ( 'NONE', #1607, #1792 ) ;
#4658 = CARTESIAN_POINT ( 'NONE',  ( -10.00000000000000200, 5.105684756041020100, 42.50000000000000000 ) ) ;
#4659 =( NAMED_UNIT ( * ) SI_UNIT ( $, .STERADIAN. ) SOLID_ANGLE_UNIT ( ) );
#4660 = MECHANICAL_DESIGN_GEOMETRIC_PRESENTATION_REPRESENTATION (  '', ( #4138 ), #45 ) ;
#4661 = LINE ( 'NONE', #3021, #1688 ) ;
#4662 = DIRECTION ( 'NONE',  ( -0.0000000000000000000, -0.0000000000000000000, -1.000000000000000000 ) ) ;
#4663 = AXIS2_PLACEMENT_3D ( 'NONE', #4826, #2600, #351 ) ;
#4664 = EDGE_LOOP ( 'NONE', ( #3839, #4284, #3354, #688, #437, #2242, #4820, #414 ) ) ;
#4665 = DIRECTION ( 'NONE',  ( 0.0000000000000000000, -0.0000000000000000000, 1.000000000000000000 ) ) ;
#4666 = FACE_BOUND ( 'NONE', #1392, .T. ) ;
#4667 = ORIENTED_EDGE ( 'NONE', *, *, #3546, .T. ) ;
#4668 = VERTEX_POINT ( 'NONE', #3403 ) ;
#4669 = ADVANCED_FACE ( 'NONE', ( #3578 ), #102, .T. ) ;
#4670 = FACE_OUTER_BOUND ( 'NONE', #1757, .T. ) ;
#4671 = CARTESIAN_POINT ( 'NONE',  ( -12.99999999999999800, 20.14999999999999500, -13.00000000000000200 ) ) ;
#4672 = COLOUR_RGB ( '',1.000000000000000000, 1.000000000000000000, 1.000000000000000000 ) ;
#4673 = CARTESIAN_POINT ( 'NONE',  ( -7.999999999999998200, 20.14999999999999500, -13.00000000000000200 ) ) ;
#4674 = ORIENTED_EDGE ( 'NONE', *, *, #2756, .F. ) ;
#4675 = DIRECTION ( 'NONE',  ( -0.0000000000000000000, 0.0000000000000000000, -1.000000000000000000 ) ) ;
#4676 = VECTOR ( 'NONE', #746, 1000.000000000000000 ) ;
#4677 = CARTESIAN_POINT ( 'NONE',  ( -17.50000000000000000, -2.500000000000000000, -20.00000000000000000 ) ) ;
#4678 = CIRCLE ( 'NONE', #2289, 0.5000000000000004400 ) ;
#4679 = EDGE_CURVE ( 'NONE', #3693, #3438, #1091, .T. ) ;
#4680 = CIRCLE ( 'NONE', #4744, 17.50000000000000000 ) ;
#4681 = DIRECTION ( 'NONE',  ( 1.000000000000000000, 0.0000000000000000000, 0.0000000000000000000 ) ) ;
#4682 = EDGE_CURVE ( 'NONE', #4336, #3296, #3099, .T. ) ;
#4683 = VERTEX_POINT ( 'NONE', #1931 ) ;
#4684 = FACE_OUTER_BOUND ( 'NONE', #2199, .T. ) ;
#4685 = EDGE_CURVE ( 'NONE', #2832, #1152, #2108, .T. ) ;
#4686 = ORIENTED_EDGE ( 'NONE', *, *, #1258, .T. ) ;
#4687 = AXIS2_PLACEMENT_3D ( 'NONE', #4221, #2007, #4599 ) ;
#4688 = CARTESIAN_POINT ( 'NONE',  ( 11.00000000000000000, 16.00000000000000000, -5.000000000000000900 ) ) ;
#4689 = CARTESIAN_POINT ( 'NONE',  ( -18.19999999999999900, -1.000000000000000000, -15.50000000000000000 ) ) ;
#4690 = DIRECTION ( 'NONE',  ( -1.000000000000000000, 0.0000000000000000000, 0.0000000000000000000 ) ) ;
#4691 = AXIS2_PLACEMENT_3D ( 'NONE', #2004, #4597, #2386 ) ;
#4692 = DIRECTION ( 'NONE',  ( -0.0000000000000000000, -0.0000000000000000000, 1.000000000000000000 ) ) ;
#4693 = CARTESIAN_POINT ( 'NONE',  ( 11.00000000000000000, 16.00000000000000000, -5.000000000000000900 ) ) ;
#4694 = EDGE_LOOP ( 'NONE', ( #3862, #1472, #3158, #4811 ) ) ;
#4695 = EDGE_LOOP ( 'NONE', ( #1051, #2931, #1750, #1911 ) ) ;
#4696 = EDGE_CURVE ( 'NONE', #3318, #3693, #3965, .T. ) ;
#4697 = ORIENTED_EDGE ( 'NONE', *, *, #3601, .F. ) ;
#4698 = ORIENTED_EDGE ( 'NONE', *, *, #368, .T. ) ;
#4699 = CARTESIAN_POINT ( 'NONE',  ( 17.50000000000000000, 2.500000000000000000, -20.00000000000000000 ) ) ;
#4700 = VERTEX_POINT ( 'NONE', #428 ) ;
#4701 = FACE_OUTER_BOUND ( 'NONE', #3183, .T. ) ;
#4702 = EDGE_CURVE ( 'NONE', #2527, #486, #1989, .T. ) ;
#4703 = DIRECTION ( 'NONE',  ( 1.000000000000000000, -0.0000000000000000000, 8.673617379884042400E-016 ) ) ;
#4704 = PLANE ( 'NONE',  #3850 ) ;
#4705 = EDGE_CURVE ( 'NONE', #715, #3580, #2971, .T. ) ;
#4706 = FACE_BOUND ( 'NONE', #2959, .T. ) ;
#4707 = AXIS2_PLACEMENT_3D ( 'NONE', #1995, #4588, #2383 ) ;
#4708 = LINE ( 'NONE', #2402, #728 ) ;
#4709 = ORIENTED_EDGE ( 'NONE', *, *, #783, .F. ) ;
#4710 = DIRECTION ( 'NONE',  ( 1.000000000000000000, -0.0000000000000000000, -0.0000000000000000000 ) ) ;
#4711 = PRESENTATION_LAYER_ASSIGNMENT (  '', '', ( #4215 ) ) ;
#4712 = VECTOR ( 'NONE', #4591, 1000.000000000000000 ) ;
#4713 = CARTESIAN_POINT ( 'NONE',  ( 8.392893218813462400, -19.64999999999999900, -3.000000000000000000 ) ) ;
#4714 = LINE ( 'NONE', #2689, #2110 ) ;
#4715 = PRESENTATION_LAYER_ASSIGNMENT (  '', '', ( #4219 ) ) ;
#4716 = FACE_OUTER_BOUND ( 'NONE', #417, .T. ) ;
#4717 = ORIENTED_EDGE ( 'NONE', *, *, #4797, .T. ) ;
#4718 = CARTESIAN_POINT ( 'NONE',  ( 0.0000000000000000000, 0.0000000000000000000, 39.00000000000000000 ) ) ;
#4719 = PLANE ( 'NONE',  #2265 ) ;
#4720 = CARTESIAN_POINT ( 'NONE',  ( -20.30000000000000400, -2.500000000000000000, -6.735701647581717700 ) ) ;
#4721 = DIRECTION ( 'NONE',  ( -1.000000000000000000, 0.0000000000000000000, 0.0000000000000000000 ) ) ;
#4722 = ORIENTED_EDGE ( 'NONE', *, *, #4, .F. ) ;
#4723 = VECTOR ( 'NONE', #2891, 1000.000000000000000 ) ;
#4724 = PLANE ( 'NONE',  #2847 ) ;
#4725 = ORIENTED_EDGE ( 'NONE', *, *, #3198, .T. ) ;
#4726 = PRESENTATION_STYLE_ASSIGNMENT (( #3435 ) ) ;
#4727 = VERTEX_POINT ( 'NONE', #452 ) ;
#4728 = VECTOR ( 'NONE', #1768, 1000.000000000000000 ) ;
#4729 = EDGE_CURVE ( 'NONE', #3770, #3667, #1851, .T. ) ;
#4730 = CARTESIAN_POINT ( 'NONE',  ( -18.30000000000000400, 2.500000000000000000, -5.000000000000000900 ) ) ;
#4731 = FILL_AREA_STYLE ('',( #1745 ) ) ;
#4732 = ORIENTED_EDGE ( 'NONE', *, *, #4438, .F. ) ;
#4733 = DIRECTION ( 'NONE',  ( -1.000000000000000000, 0.0000000000000000000, -0.0000000000000000000 ) ) ;
#4734 = ORIENTED_EDGE ( 'NONE', *, *, #177, .F. ) ;
#4735 = VECTOR ( 'NONE', #4016, 1000.000000000000000 ) ;
#4736 = EDGE_CURVE ( 'NONE', #2863, #566, #4829, .T. ) ;
#4737 = CARTESIAN_POINT ( 'NONE',  ( 0.0000000000000000000, 0.0000000000000000000, -3.000000000000000000 ) ) ;
#4738 = DIRECTION ( 'NONE',  ( 0.0000000000000000000, -0.0000000000000000000, -1.000000000000000000 ) ) ;
#4739 = CARTESIAN_POINT ( 'NONE',  ( 0.0000000000000000000, 0.0000000000000000000, -20.00000000000000000 ) ) ;
#4740 = CARTESIAN_POINT ( 'NONE',  ( -19.80000000000000400, 2.500000000000000000, -9.000000000000001800 ) ) ;
#4741 = AXIS2_PLACEMENT_3D ( 'NONE', #3091, #3472, #1224 ) ;
#4742 = DIRECTION ( 'NONE',  ( 0.0000000000000000000, -0.0000000000000000000, 1.000000000000000000 ) ) ;
#4743 = DIRECTION ( 'NONE',  ( -0.0000000000000000000, -1.000000000000000000, -0.0000000000000000000 ) ) ;
#4744 = AXIS2_PLACEMENT_3D ( 'NONE', #4467, #2264, #5 ) ;
#4745 = AXIS2_PLACEMENT_3D ( 'NONE', #3736, #3754, #1502 ) ;
#4746 = CARTESIAN_POINT ( 'NONE',  ( 1.999999999999998200, 16.64999999999999500, -5.000000000000000000 ) ) ;
#4747 = CARTESIAN_POINT ( 'NONE',  ( 0.0000000000000000000, 0.0000000000000000000, -5.000000000000000000 ) ) ;
#4748 = EDGE_LOOP ( 'NONE', ( #2037, #4110, #1951, #4513 ) ) ;
#4749 = DIRECTION ( 'NONE',  ( 1.000000000000000000, 0.0000000000000000000, 0.0000000000000000000 ) ) ;
#4750 = ORIENTED_EDGE ( 'NONE', *, *, #608, .T. ) ;
#4751 = AXIS2_PLACEMENT_3D ( 'NONE', #2609, #360, #2994 ) ;
#4752 = VERTEX_POINT ( 'NONE', #3415 ) ;
#4753 = APPLICATION_PROTOCOL_DEFINITION ( 'draft international standard', 'automotive_design', 1998, #2156 ) ;
#4754 = CARTESIAN_POINT ( 'NONE',  ( -8.600000000000010300, -20.14999999999999500, -3.000000000000000000 ) ) ;
#4755 = CARTESIAN_POINT ( 'NONE',  ( 17.50000000000000000, 2.500000000000000000, -20.00000000000000000 ) ) ;
#4756 = ORIENTED_EDGE ( 'NONE', *, *, #3289, .T. ) ;
#4757 = DIRECTION ( 'NONE',  ( 0.0000000000000000000, 0.0000000000000000000, -1.000000000000000000 ) ) ;
#4758 = VERTEX_POINT ( 'NONE', #2720 ) ;
#4759 = LINE ( 'NONE', #1641, #912 ) ;
#4760 = DIRECTION ( 'NONE',  ( 0.7071067811865474600, 0.7071067811865476800, -0.0000000000000000000 ) ) ;
#4761 = EDGE_LOOP ( 'NONE', ( #1564, #3326, #1247, #1681 ) ) ;
#4762 = ORIENTED_EDGE ( 'NONE', *, *, #3433, .T. ) ;
#4763 = VECTOR ( 'NONE', #2806, 1000.000000000000000 ) ;
#4764 = VERTEX_POINT ( 'NONE', #97 ) ;
#4765 = DIRECTION ( 'NONE',  ( 0.0000000000000000000, -1.000000000000000000, 0.0000000000000000000 ) ) ;
#4766 = DIRECTION ( 'NONE',  ( 0.7071067811865474600, 0.7071067811865476800, -0.0000000000000000000 ) ) ;
#4767 = EDGE_CURVE ( 'NONE', #2851, #1802, #2852, .T. ) ;
#4768 = CIRCLE ( 'NONE', #871, 13.69999999999999900 ) ;
#4769 = DIRECTION ( 'NONE',  ( -0.0000000000000000000, -1.000000000000000000, -0.0000000000000000000 ) ) ;
#4770 = DIRECTION ( 'NONE',  ( -0.0000000000000000000, -1.000000000000000000, -0.0000000000000000000 ) ) ;
#4771 = LINE ( 'NONE', #4563, #1901 ) ;
#4772 = CARTESIAN_POINT ( 'NONE',  ( 0.0000000000000000000, 0.0000000000000000000, -21.50000000000000000 ) ) ;
#4773 = LINE ( 'NONE', #1137, #1794 ) ;
#4774 = DIRECTION ( 'NONE',  ( -1.000000000000000000, 0.0000000000000000000, 0.0000000000000000000 ) ) ;
#4775 = EDGE_CURVE ( 'NONE', #3411, #455, #978, .T. ) ;
#4776 = AXIS2_PLACEMENT_3D ( 'NONE', #214, #3960, #1716 ) ;
#4777 = VERTEX_POINT ( 'NONE', #1243 ) ;
#4778 = FACE_OUTER_BOUND ( 'NONE', #3221, .T. ) ;
#4779 = ORIENTED_EDGE ( 'NONE', *, *, #2215, .F. ) ;
#4780 = ORIENTED_EDGE ( 'NONE', *, *, #3687, .T. ) ;
#4781 = ORIENTED_EDGE ( 'NONE', *, *, #927, .T. ) ;
#4782 = CARTESIAN_POINT ( 'NONE',  ( -8.600000000000003200, 20.14999999999999500, 0.0000000000000000000 ) ) ;
#4783 = SURFACE_STYLE_FILL_AREA ( #1902 ) ;
#4784 = AXIS2_PLACEMENT_3D ( 'NONE', #4754, #4028, #1787 ) ;
#4785 = EDGE_LOOP ( 'NONE', ( #2185, #12, #407, #3416 ) ) ;
#4786 = VECTOR ( 'NONE', #1170, 1000.000000000000000 ) ;
#4787 = CARTESIAN_POINT ( 'NONE',  ( -4.999999999999997300, 8.149999999999991500, -13.00000000000000200 ) ) ;
#4788 = FILL_AREA_STYLE ('',( #2177 ) ) ;
#4789 = ADVANCED_FACE ( 'NONE', ( #732 ), #4213, .T. ) ;
#4790 = LINE ( 'NONE', #2728, #2687 ) ;
#4791 = VERTEX_POINT ( 'NONE', #2739 ) ;
#4792 = LINE ( 'NONE', #2271, #4676 ) ;
#4793 = DIRECTION ( 'NONE',  ( 1.000000000000000000, -0.0000000000000000000, 1.734723475976806800E-016 ) ) ;
#4794 = CARTESIAN_POINT ( 'NONE',  ( -26.75000000000000400, -1.292893218813460500, -3.000000000000000000 ) ) ;
#4795 = LINE ( 'NONE', #3498, #1815 ) ;
#4796 = VECTOR ( 'NONE', #4611, 1000.000000000000000 ) ;
#4797 = EDGE_CURVE ( 'NONE', #2467, #4338, #3731, .T. ) ;
#4798 =( NAMED_UNIT ( * ) SI_UNIT ( $, .STERADIAN. ) SOLID_ANGLE_UNIT ( ) );
#4799 = UNCERTAINTY_MEASURE_WITH_UNIT (LENGTH_MEASURE( 1.000000000000000100E-005 ), #533, 'distance_accuracy_value', 'NONE');
#4800 = ORIENTED_EDGE ( 'NONE', *, *, #2385, .T. ) ;
#4801 = DIRECTION ( 'NONE',  ( -0.0000000000000000000, 0.0000000000000000000, -1.000000000000000000 ) ) ;
#4802 = CARTESIAN_POINT ( 'NONE',  ( 18.30000000000000400, 2.500000000000000000, -5.000000000000000900 ) ) ;
#4803 = PLANE ( 'NONE',  #3722 ) ;
#4804 = EDGE_CURVE ( 'NONE', #31, #1152, #1737, .T. ) ;
#4805 = AXIS2_PLACEMENT_3D ( 'NONE', #2471, #213, #2831 ) ;
#4806 = CARTESIAN_POINT ( 'NONE',  ( -2.499999999999998700, -20.14999999999999500, -3.000000000000000000 ) ) ;
#4807 = DIRECTION ( 'NONE',  ( -0.0000000000000000000, -0.0000000000000000000, 1.000000000000000000 ) ) ;
#4808 = ADVANCED_FACE ( 'NONE', ( #3619 ), #3227, .T. ) ;
#4809 = AXIS2_PLACEMENT_3D ( 'NONE', #2881, #641, #3267 ) ;
#4810 = ORIENTED_EDGE ( 'NONE', *, *, #1762, .F. ) ;
#4811 = ORIENTED_EDGE ( 'NONE', *, *, #2475, .F. ) ;
#4812 = ORIENTED_EDGE ( 'NONE', *, *, #4206, .T. ) ;
#4813 = ORIENTED_EDGE ( 'NONE', *, *, #3750, .T. ) ;
#4814 = ORIENTED_EDGE ( 'NONE', *, *, #927, .F. ) ;
#4815 = VECTOR ( 'NONE', #4440, 1000.000000000000000 ) ;
#4816 = CARTESIAN_POINT ( 'NONE',  ( -19.43997900946483900, 2.500000000000000000, -20.10000000000000100 ) ) ;
#4817 =( NAMED_UNIT ( * ) PLANE_ANGLE_UNIT ( ) SI_UNIT ( $, .RADIAN. ) );
#4818 = ADVANCED_FACE ( 'NONE', ( #3516 ), #2097, .F. ) ;
#4819 = ORIENTED_EDGE ( 'NONE', *, *, #783, .T. ) ;
#4820 = ORIENTED_EDGE ( 'NONE', *, *, #1999, .F. ) ;
#4821 = CARTESIAN_POINT ( 'NONE',  ( 18.19999999999999900, 1.000000000000000000, -23.50000000000000000 ) ) ;
#4822 = LINE ( 'NONE', #1715, #2102 ) ;
#4823 = LINE ( 'NONE', #880, #1729 ) ;
#4824 = EDGE_CURVE ( 'NONE', #4420, #4036, #1636, .T. ) ;
#4825 = CARTESIAN_POINT ( 'NONE',  ( 8.000000000000001800, 16.00000000000000000, -15.25000000000000200 ) ) ;
#4826 = CARTESIAN_POINT ( 'NONE',  ( 8.000000000000005300, 20.14999999999999500, -13.00000000000000200 ) ) ;
#4827 = ORIENTED_EDGE ( 'NONE', *, *, #3801, .F. ) ;
#4828 = EDGE_CURVE ( 'NONE', #2572, #2172, #2512, .T. ) ;
#4829 = CIRCLE ( 'NONE', #1874, 2.000000000000001800 ) ;
#4830 = DIRECTION ( 'NONE',  ( 1.000000000000000000, -0.0000000000000000000, -0.0000000000000000000 ) ) ;
#4831 = VECTOR ( 'NONE', #4849, 1000.000000000000000 ) ;
#4832 = EDGE_LOOP ( 'NONE', ( #975, #889, #3211, #2226 ) ) ;
#4833 = VECTOR ( 'NONE', #269, 1000.000000000000000 ) ;
#4834 = CARTESIAN_POINT ( 'NONE',  ( -15.81138830084190000, 7.500000000000000000, -2.999999999999999100 ) ) ;
#4835 = ORIENTED_EDGE ( 'NONE', *, *, #4228, .T. ) ;
#4836 = EDGE_CURVE ( 'NONE', #31, #4072, #622, .T. ) ;
#4837 = FACE_OUTER_BOUND ( 'NONE', #1551, .T. ) ;
#4838 = DIRECTION ( 'NONE',  ( 0.0000000000000000000, 0.0000000000000000000, 1.000000000000000000 ) ) ;
#4839 = AXIS2_PLACEMENT_3D ( 'NONE', #4739, #2524, #257 ) ;
#4840 = EDGE_LOOP ( 'NONE', ( #3658, #487, #627, #2813 ) ) ;
#4841 = VECTOR ( 'NONE', #1262, 1000.000000000000000 ) ;
#4842 = AXIS2_PLACEMENT_3D ( 'NONE', #1566, #4162, #1941 ) ;
#4843 = EDGE_LOOP ( 'NONE', ( #4483, #2870, #2209, #3496 ) ) ;
#4844 = ADVANCED_FACE ( 'NONE', ( #1499 ), #2849, .T. ) ;
#4845 = TOROIDAL_SURFACE ( 'NONE', #411, 12.49999999999999800, 2.000000000000000000 ) ;
#4846 = VECTOR ( 'NONE', #842, 1000.000000000000100 ) ;
#4847 = CIRCLE ( 'NONE', #238, 2.250000000000000400 ) ;
#4848 = DIRECTION ( 'NONE',  ( 1.734723475976806800E-016, 0.0000000000000000000, 1.000000000000000000 ) ) ;
#4849 = DIRECTION ( 'NONE',  ( 0.0000000000000000000, 1.000000000000000000, 0.0000000000000000000 ) ) ;
#4850 = ORIENTED_EDGE ( 'NONE', *, *, #2563, .F. ) ;
#4851 = ORIENTED_EDGE ( 'NONE', *, *, #3838, .T. ) ;
#4852 = VECTOR ( 'NONE', #4092, 1000.000000000000000 ) ;
ENDSEC;
END-ISO-10303-21;
